:0200000460009A
:10000000464346420004015600000000010303007D
:1000100000000000000000000000000000000000E0
:1000200000000000000000000000000000000000D0
:1000300000000000000000000000000000000000C0
:1000400000000000000406000000000000000000A6
:100050000000800000000000000000000000000020
:100060000000000000000000000000000000000090
:100070000000000000000000000000000000000080
:10008000EB04180A063204260000000000000000FD
:100090000000000000000000000000000000000060
:1000A0000000000000000000000000000000000050
:1000B0000000000000000000000000000000000040
:1000C0000000000000000000000000000000000030
:1000D0000000000000000000000000000000000020
:1000E0000000000000000000000000000000000010
:1000F0000000000000000000000000000000000000
:1001000000000000000000000000000000000000EF
:1001100000000000000000000000000000000000DF
:1001200000000000000000000000000000000000CF
:1001300000000000000000000000000000000000BF
:1001400000000000000000000000000000000000AF
:10015000000000000000000000000000000000009F
:10016000000000000000000000000000000000008F
:10017000000000000000000000000000000000007F
:10018000000000000000000000000000000000006F
:10019000000000000000000000000000000000005F
:1001A000000000000000000000000000000000004F
:1001B000000000000000000000000000000000003F
:1001C000000100000010000000000000000000001E
:1001D000000004000000000000000000000000001B
:1001E000000000000000000000000000000000000F
:1001F00000000000000000000000000000000000FF
:1002000000000000000000000000000000000000EE
:1002100000000000000000000000000000000000DE
:1002200000000000000000000000000000000000CE
:1002300000000000000000000000000000000000BE
:1002400000000000000000000000000000000000AE
:10025000000000000000000000000000000000009E
:10026000000000000000000000000000000000008E
:10027000000000000000000000000000000000007E
:10028000000000000000000000000000000000006E
:10029000000000000000000000000000000000005E
:1002A000000000000000000000000000000000004E
:1002B000000000000000000000000000000000003E
:1002C000000000000000000000000000000000002E
:1002D000000000000000000000000000000000001E
:1002E000000000000000000000000000000000000E
:1002F00000000000000000000000000000000000FE
:1003000000000000000000000000000000000000ED
:1003100000000000000000000000000000000000DD
:1003200000000000000000000000000000000000CD
:1003300000000000000000000000000000000000BD
:1003400000000000000000000000000000000000AD
:10035000000000000000000000000000000000009D
:10036000000000000000000000000000000000008D
:10037000000000000000000000000000000000007D
:10038000000000000000000000000000000000006D
:10039000000000000000000000000000000000005D
:1003A000000000000000000000000000000000004D
:1003B000000000000000000000000000000000003D
:1003C000000000000000000000000000000000002D
:1003D000000000000000000000000000000000001D
:1003E000000000000000000000000000000000000D
:1003F00000000000000000000000000000000000FD
:1004000000000000000000000000000000000000EC
:1004100000000000000000000000000000000000DC
:1004200000000000000000000000000000000000CC
:1004300000000000000000000000000000000000BC
:1004400000000000000000000000000000000000AC
:10045000000000000000000000000000000000009C
:10046000000000000000000000000000000000008C
:10047000000000000000000000000000000000007C
:10048000000000000000000000000000000000006C
:10049000000000000000000000000000000000005C
:1004A000000000000000000000000000000000004C
:1004B000000000000000000000000000000000003C
:1004C000000000000000000000000000000000002C
:1004D000000000000000000000000000000000001C
:1004E000000000000000000000000000000000000C
:1004F00000000000000000000000000000000000FC
:1005000000000000000000000000000000000000EB
:1005100000000000000000000000000000000000DB
:1005200000000000000000000000000000000000CB
:1005300000000000000000000000000000000000BB
:1005400000000000000000000000000000000000AB
:10055000000000000000000000000000000000009B
:10056000000000000000000000000000000000008B
:10057000000000000000000000000000000000007B
:10058000000000000000000000000000000000006B
:10059000000000000000000000000000000000005B
:1005A000000000000000000000000000000000004B
:1005B000000000000000000000000000000000003B
:1005C000000000000000000000000000000000002B
:1005D000000000000000000000000000000000001B
:1005E000000000000000000000000000000000000B
:1005F00000000000000000000000000000000000FB
:1006000000000000000000000000000000000000EA
:1006100000000000000000000000000000000000DA
:1006200000000000000000000000000000000000CA
:1006300000000000000000000000000000000000BA
:1006400000000000000000000000000000000000AA
:10065000000000000000000000000000000000009A
:10066000000000000000000000000000000000008A
:10067000000000000000000000000000000000007A
:10068000000000000000000000000000000000006A
:10069000000000000000000000000000000000005A
:1006A000000000000000000000000000000000004A
:1006B000000000000000000000000000000000003A
:1006C000000000000000000000000000000000002A
:1006D000000000000000000000000000000000001A
:1006E000000000000000000000000000000000000A
:1006F00000000000000000000000000000000000FA
:1007000000000000000000000000000000000000E9
:1007100000000000000000000000000000000000D9
:1007200000000000000000000000000000000000C9
:1007300000000000000000000000000000000000B9
:1007400000000000000000000000000000000000A9
:100750000000000000000000000000000000000099
:100760000000000000000000000000000000000089
:100770000000000000000000000000000000000079
:100780000000000000000000000000000000000069
:100790000000000000000000000000000000000059
:1007A0000000000000000000000000000000000049
:1007B0000000000000000000000000000000000039
:1007C0000000000000000000000000000000000029
:1007D0000000000000000000000000000000000019
:1007E0000000000000000000000000000000000009
:1007F00000000000000000000000000000000000F9
:1008000000000000000000000000000000000000E8
:1008100000000000000000000000000000000000D8
:1008200000000000000000000000000000000000C8
:1008300000000000000000000000000000000000B8
:1008400000000000000000000000000000000000A8
:100850000000000000000000000000000000000098
:100860000000000000000000000000000000000088
:100870000000000000000000000000000000000078
:100880000000000000000000000000000000000068
:100890000000000000000000000000000000000058
:1008A0000000000000000000000000000000000048
:1008B0000000000000000000000000000000000038
:1008C0000000000000000000000000000000000028
:1008D0000000000000000000000000000000000018
:1008E0000000000000000000000000000000000008
:1008F00000000000000000000000000000000000F8
:1009000000000000000000000000000000000000E7
:1009100000000000000000000000000000000000D7
:1009200000000000000000000000000000000000C7
:1009300000000000000000000000000000000000B7
:1009400000000000000000000000000000000000A7
:100950000000000000000000000000000000000097
:100960000000000000000000000000000000000087
:100970000000000000000000000000000000000077
:100980000000000000000000000000000000000067
:100990000000000000000000000000000000000057
:1009A0000000000000000000000000000000000047
:1009B0000000000000000000000000000000000037
:1009C0000000000000000000000000000000000027
:1009D0000000000000000000000000000000000017
:1009E0000000000000000000000000000000000007
:1009F00000000000000000000000000000000000F7
:100A000000000000000000000000000000000000E6
:100A100000000000000000000000000000000000D6
:100A200000000000000000000000000000000000C6
:100A300000000000000000000000000000000000B6
:100A400000000000000000000000000000000000A6
:100A50000000000000000000000000000000000096
:100A60000000000000000000000000000000000086
:100A70000000000000000000000000000000000076
:100A80000000000000000000000000000000000066
:100A90000000000000000000000000000000000056
:100AA0000000000000000000000000000000000046
:100AB0000000000000000000000000000000000036
:100AC0000000000000000000000000000000000026
:100AD0000000000000000000000000000000000016
:100AE0000000000000000000000000000000000006
:100AF00000000000000000000000000000000000F6
:100B000000000000000000000000000000000000E5
:100B100000000000000000000000000000000000D5
:100B200000000000000000000000000000000000C5
:100B300000000000000000000000000000000000B5
:100B400000000000000000000000000000000000A5
:100B50000000000000000000000000000000000095
:100B60000000000000000000000000000000000085
:100B70000000000000000000000000000000000075
:100B80000000000000000000000000000000000065
:100B90000000000000000000000000000000000055
:100BA0000000000000000000000000000000000045
:100BB0000000000000000000000000000000000035
:100BC0000000000000000000000000000000000025
:100BD0000000000000000000000000000000000015
:100BE0000000000000000000000000000000000005
:100BF00000000000000000000000000000000000F5
:100C000000000000000000000000000000000000E4
:100C100000000000000000000000000000000000D4
:100C200000000000000000000000000000000000C4
:100C300000000000000000000000000000000000B4
:100C400000000000000000000000000000000000A4
:100C50000000000000000000000000000000000094
:100C60000000000000000000000000000000000084
:100C70000000000000000000000000000000000074
:100C80000000000000000000000000000000000064
:100C90000000000000000000000000000000000054
:100CA0000000000000000000000000000000000044
:100CB0000000000000000000000000000000000034
:100CC0000000000000000000000000000000000024
:100CD0000000000000000000000000000000000014
:100CE0000000000000000000000000000000000004
:100CF00000000000000000000000000000000000F4
:100D000000000000000000000000000000000000E3
:100D100000000000000000000000000000000000D3
:100D200000000000000000000000000000000000C3
:100D300000000000000000000000000000000000B3
:100D400000000000000000000000000000000000A3
:100D50000000000000000000000000000000000093
:100D60000000000000000000000000000000000083
:100D70000000000000000000000000000000000073
:100D80000000000000000000000000000000000063
:100D90000000000000000000000000000000000053
:100DA0000000000000000000000000000000000043
:100DB0000000000000000000000000000000000033
:100DC0000000000000000000000000000000000023
:100DD0000000000000000000000000000000000013
:100DE0000000000000000000000000000000000003
:100DF00000000000000000000000000000000000F3
:100E000000000000000000000000000000000000E2
:100E100000000000000000000000000000000000D2
:100E200000000000000000000000000000000000C2
:100E300000000000000000000000000000000000B2
:100E400000000000000000000000000000000000A2
:100E50000000000000000000000000000000000092
:100E60000000000000000000000000000000000082
:100E70000000000000000000000000000000000072
:100E80000000000000000000000000000000000062
:100E90000000000000000000000000000000000052
:100EA0000000000000000000000000000000000042
:100EB0000000000000000000000000000000000032
:100EC0000000000000000000000000000000000022
:100ED0000000000000000000000000000000000012
:100EE0000000000000000000000000000000000002
:100EF00000000000000000000000000000000000F2
:100F000000000000000000000000000000000000E1
:100F100000000000000000000000000000000000D1
:100F200000000000000000000000000000000000C1
:100F300000000000000000000000000000000000B1
:100F400000000000000000000000000000000000A1
:100F50000000000000000000000000000000000091
:100F60000000000000000000000000000000000081
:100F70000000000000000000000000000000000071
:100F80000000000000000000000000000000000061
:100F90000000000000000000000000000000000051
:100FA0000000000000000000000000000000000041
:100FB0000000000000000000000000000000000031
:100FC0000000000000000000000000000000000021
:100FD0000000000000000000000000000000000011
:100FE0000000000000000000000000000000000001
:100FF00000000000000000000000000000000000F1
:10100000D10020410020006000000000000000002E
:1010100020100060001000600000000000000000D0
:1010200000000060A07B020000000000FFFFFFFF47
:1010300000000000000000000000000000000000B0
:1010400000000000000000000000000000000000A0
:101050000000000000000000000000000000000090
:101060000000000000000000000000000000000080
:101070000000000000000000000000000000000070
:101080000000000000000000000000000000000060
:101090000000000000000000000000000000000050
:1010A0000000000000000000000000000000000040
:1010B0000000000000000000000000000000000030
:1010C0000000000000000000000000000000000020
:1010D0000000000000000000000000000000000010
:1010E0000000000000000000000000000000000000
:1010F00000000000000000000000000000000000F0
:1011000000000000000000000000000000000000DF
:1011100000000000000000000000000000000000CF
:1011200000000000000000000000000000000000BF
:1011300000000000000000000000000000000000AF
:10114000000000000000000000000000000000009F
:10115000000000000000000000000000000000008F
:10116000000000000000000000000000000000007F
:10117000000000000000000000000000000000006F
:10118000000000000000000000000000000000005F
:10119000000000000000000000000000000000004F
:1011A000000000000000000000000000000000003F
:1011B000000000000000000000000000000000002F
:1011C000000000000000000000000000000000001F
:1011D000000000000000000000000000000000000F
:1011E00000000000000000000000000000000000FF
:1011F00000000000000000000000000000000000EF
:1012000000000000000000000000000000000000DE
:1012100000000000000000000000000000000000CE
:1012200000000000000000000000000000000000BE
:1012300000000000000000000000000000000000AE
:10124000000000000000000000000000000000009E
:10125000000000000000000000000000000000008E
:10126000000000000000000000000000000000007E
:10127000000000000000000000000000000000006E
:10128000000000000000000000000000000000005E
:10129000000000000000000000000000000000004E
:1012A000000000000000000000000000000000003E
:1012B000000000000000000000000000000000002E
:1012C000000000000000000000000000000000001E
:1012D000000000000000000000000000000000000E
:1012E00000000000000000000000000000000000FE
:1012F00000000000000000000000000000000000EE
:1013000000000000000000000000000000000000DD
:1013100000000000000000000000000000000000CD
:1013200000000000000000000000000000000000BD
:1013300000000000000000000000000000000000AD
:10134000000000000000000000000000000000009D
:10135000000000000000000000000000000000008D
:10136000000000000000000000000000000000007D
:10137000000000000000000000000000000000006D
:10138000000000000000000000000000000000005D
:10139000000000000000000000000000000000004D
:1013A000000000000000000000000000000000003D
:1013B000000000000000000000000000000000002D
:1013C000000000000000000000000000000000001D
:1013D000000000000000000000000000000000000D
:1013E00000000000000000000000000000000000FD
:1013F00000000000000000000000000000000000ED
:1014000000000000000000000000000000000000DC
:1014100000000000000000000000000000000000CC
:1014200000000000000000000000000000000000BC
:1014300000000000000000000000000000000000AC
:10144000000000000000000000000000000000009C
:10145000000000000000000000000000000000008C
:10146000000000000000000000000000000000007C
:10147000000000000000000000000000000000006C
:10148000000000000000000000000000000000005C
:10149000000000000000000000000000000000004C
:1014A000000000000000000000000000000000003C
:1014B000000000000000000000000000000000002C
:1014C000000000000000000000000000000000001C
:1014D000000000000000000000000000000000000C
:1014E00000000000000000000000000000000000FC
:1014F00000000000000000000000000000000000EC
:1015000000000000000000000000000000000000DB
:1015100000000000000000000000000000000000CB
:1015200000000000000000000000000000000000BB
:1015300000000000000000000000000000000000AB
:10154000000000000000000000000000000000009B
:10155000000000000000000000000000000000008B
:10156000000000000000000000000000000000007B
:10157000000000000000000000000000000000006B
:10158000000000000000000000000000000000005B
:10159000000000000000000000000000000000004B
:1015A000000000000000000000000000000000003B
:1015B000000000000000000000000000000000002B
:1015C000000000000000000000000000000000001B
:1015D000000000000000000000000000000000000B
:1015E00000000000000000000000000000000000FB
:1015F00000000000000000000000000000000000EB
:1016000000000000000000000000000000000000DA
:1016100000000000000000000000000000000000CA
:1016200000000000000000000000000000000000BA
:1016300000000000000000000000000000000000AA
:10164000000000000000000000000000000000009A
:10165000000000000000000000000000000000008A
:10166000000000000000000000000000000000007A
:10167000000000000000000000000000000000006A
:10168000000000000000000000000000000000005A
:10169000000000000000000000000000000000004A
:1016A000000000000000000000000000000000003A
:1016B000000000000000000000000000000000002A
:1016C000000000000000000000000000000000001A
:1016D000000000000000000000000000000000000A
:1016E00000000000000000000000000000000000FA
:1016F00000000000000000000000000000000000EA
:1017000000000000000000000000000000000000D9
:1017100000000000000000000000000000000000C9
:1017200000000000000000000000000000000000B9
:1017300000000000000000000000000000000000A9
:101740000000000000000000000000000000000099
:101750000000000000000000000000000000000089
:101760000000000000000000000000000000000079
:101770000000000000000000000000000000000069
:101780000000000000000000000000000000000059
:101790000000000000000000000000000000000049
:1017A0000000000000000000000000000000000039
:1017B0000000000000000000000000000000000029
:1017C0000000000000000000000000000000000019
:1017D0000000000000000000000000000000000009
:1017E00000000000000000000000000000000000F9
:1017F00000000000000000000000000000000000E9
:1018000000000000000000000000000000000000D8
:1018100000000000000000000000000000000000C8
:1018200000000000000000000000000000000000B8
:1018300000000000000000000000000000000000A8
:101840000000000000000000000000000000000098
:101850000000000000000000000000000000000088
:101860000000000000000000000000000000000078
:101870000000000000000000000000000000000068
:101880000000000000000000000000000000000058
:101890000000000000000000000000000000000048
:1018A0000000000000000000000000000000000038
:1018B0000000000000000000000000000000000028
:1018C0000000000000000000000000000000000018
:1018D0000000000000000000000000000000000008
:1018E00000000000000000000000000000000000F8
:1018F00000000000000000000000000000000000E8
:1019000000000000000000000000000000000000D7
:1019100000000000000000000000000000000000C7
:1019200000000000000000000000000000000000B7
:1019300000000000000000000000000000000000A7
:101940000000000000000000000000000000000097
:101950000000000000000000000000000000000087
:101960000000000000000000000000000000000077
:101970000000000000000000000000000000000067
:101980000000000000000000000000000000000057
:101990000000000000000000000000000000000047
:1019A0000000000000000000000000000000000037
:1019B0000000000000000000000000000000000027
:1019C0000000000000000000000000000000000017
:1019D0000000000000000000000000000000000007
:1019E00000000000000000000000000000000000F7
:1019F00000000000000000000000000000000000E7
:101A000000000000000000000000000000000000D6
:101A100000000000000000000000000000000000C6
:101A200000000000000000000000000000000000B6
:101A300000000000000000000000000000000000A6
:101A40000000000000000000000000000000000096
:101A50000000000000000000000000000000000086
:101A60000000000000000000000000000000000076
:101A70000000000000000000000000000000000066
:101A80000000000000000000000000000000000056
:101A90000000000000000000000000000000000046
:101AA0000000000000000000000000000000000036
:101AB0000000000000000000000000000000000026
:101AC0000000000000000000000000000000000016
:101AD0000000000000000000000000000000000006
:101AE00000000000000000000000000000000000F6
:101AF00000000000000000000000000000000000E6
:101B000000000000000000000000000000000000D5
:101B100000000000000000000000000000000000C5
:101B200000000000000000000000000000000000B5
:101B300000000000000000000000000000000000A5
:101B40000000000000000000000000000000000095
:101B50000000000000000000000000000000000085
:101B60000000000000000000000000000000000075
:101B70000000000000000000000000000000000065
:101B80000000000000000000000000000000000055
:101B90000000000000000000000000000000000045
:101BA0000000000000000000000000000000000035
:101BB0000000000000000000000000000000000025
:101BC0000000000000000000000000000000000015
:101BD0000000000000000000000000000000000005
:101BE00000000000000000000000000000000000F5
:101BF00000000000000000000000000000000000E5
:101C000000000000000000000000000000000000D4
:101C100000000000000000000000000000000000C4
:101C200000000000000000000000000000000000B4
:101C300000000000000000000000000000000000A4
:101C40000000000000000000000000000000000094
:101C50000000000000000000000000000000000084
:101C60000000000000000000000000000000000074
:101C70000000000000000000000000000000000064
:101C80000000000000000000000000000000000054
:101C90000000000000000000000000000000000044
:101CA0000000000000000000000000000000000034
:101CB0000000000000000000000000000000000024
:101CC0000000000000000000000000000000000014
:101CD0000000000000000000000000000000000004
:101CE00000000000000000000000000000000000F4
:101CF00000000000000000000000000000000000E4
:101D000000000000000000000000000000000000D3
:101D100000000000000000000000000000000000C3
:101D200000000000000000000000000000000000B3
:101D300000000000000000000000000000000000A3
:101D40000000000000000000000000000000000093
:101D50000000000000000000000000000000000083
:101D60000000000000000000000000000000000073
:101D70000000000000000000000000000000000063
:101D80000000000000000000000000000000000053
:101D90000000000000000000000000000000000043
:101DA0000000000000000000000000000000000033
:101DB0000000000000000000000000000000000023
:101DC0000000000000000000000000000000000013
:101DD0000000000000000000000000000000000003
:101DE00000000000000000000000000000000000F3
:101DF00000000000000000000000000000000000E3
:101E000000000000000000000000000000000000D2
:101E100000000000000000000000000000000000C2
:101E200000000000000000000000000000000000B2
:101E300000000000000000000000000000000000A2
:101E40000000000000000000000000000000000092
:101E50000000000000000000000000000000000082
:101E60000000000000000000000000000000000072
:101E70000000000000000000000000000000000062
:101E80000000000000000000000000000000000052
:101E90000000000000000000000000000000000042
:101EA0000000000000000000000000000000000032
:101EB0000000000000000000000000000000000022
:101EC0000000000000000000000000000000000012
:101ED0000000000000000000000000000000000002
:101EE00000000000000000000000000000000000F2
:101EF00000000000000000000000000000000000E2
:101F000000000000000000000000000000000000D1
:101F100000000000000000000000000000000000C1
:101F200000000000000000000000000000000000B1
:101F300000000000000000000000000000000000A1
:101F40000000000000000000000000000000000091
:101F50000000000000000000000000000000000081
:101F60000000000000000000000000000000000071
:101F70000000000000000000000000000000000061
:101F80000000000000000000000000000000000051
:101F90000000000000000000000000000000000041
:101FA0000000000000000000000000000000000031
:101FB0000000000000000000000000000000000021
:101FC0000000000000000000000000000000000011
:101FD0000000000000000000000000000000000001
:101FE00000000000000000000000000000000000F1
:101FF00000000000000000000000000000000000E1
:1020000000B429209DA100600598016081A10060B5
:1020100081A1006081A1006081A10060000000003A
:10202000000000000000000000000000DDA20060D1
:1020300081A100600000000039A2006011FB006077
:10204000C1A50060C1A50060C1A50060C1A5006078
:10205000C1A50060C1A50060C1A50060C1A5006068
:10206000C1A50060C1A50060C1A50060C1A5006058
:10207000C1A50060C1A50060C1A50060C1A5006048
:10208000C1A50060C1A50060C1A50060C1A5006038
:10209000C1A50060C1A50060C1A50060C1A5006028
:1020A000C1A50060C1A50060C1A50060C1A5006018
:1020B000C1A50060C1A50060C1A50060C1A5006008
:1020C000C1A50060C1A50060C1A50060C1A50060F8
:1020D000C1A50060C1A50060C1A50060C1A50060E8
:1020E000C1A50060C1A50060C1A50060C1A50060D8
:1020F000C1A50060C1A50060C1A50060C1A50060C8
:10210000C1A50060C1A50060C1A50060C1A50060B7
:10211000C1A50060C1A50060C1A50060C1A50060A7
:10212000C1A50060C1A50060C1A50060C1A5006097
:10213000C1A50060C1A50060C1A50060C1A5006087
:10214000C1A50060C1A50060C1A50060C1A5006077
:10215000C1A50060C1A50060C1A50060C1A5006067
:10216000C1A50060C1A50060C1A50060C1A5006057
:10217000C1A50060C1A50060C1A50060C1A5006047
:10218000C1A50060C1A50060C1A50060C1A5006037
:10219000C1A50060C1A50060C1A50060C1A5006027
:1021A000C1A50060C1A50060C1A50060C1A5006017
:1021B000C1A50060C1A50060C1A50060C1A5006007
:1021C000C1A50060C1A50060C1A50060C1A50060F7
:1021D000C1A50060C1A50060C1A50060C1A50060E7
:1021E000C1A50060C1A50060C1A50060C1A50060D7
:1021F000C1A50060C1A50060C1A50060C1A50060C7
:10220000C1A50060C1A50060C1A50060C1A50060B6
:10221000C1A50060C1A50060C1A50060C1A50060A6
:10222000C1A50060C1A50060C1A50060C1A5006096
:10223000C1A50060C1A50060C1A50060C1A5006086
:10224000C1A50060C1A50060C1A50060C1A5006076
:10225000C1A50060C1A50060C1A50060C1A5006066
:10226000C1A50060C1A50060C1A50060C1A5006056
:10227000C1A50060C1A50060C1A50060C1A5006046
:10228000C1A50060C1A50060C1A50060C1A5006036
:10229000C1A50060C1A50060C1A50060C1A5006026
:1022A000C1A50060C1A50060C1A50060C1A5006016
:1022B000C1A50060C1A50060C1A50060C1A5006006
:1022C0007BB972B90029BEBF00204FF0004106E083
:1022D00008BF00281CBF6FF000414FF0FF3000F036
:1022E00057B8ADF1080C6DE904CE002909DB002BCD
:1022F0001ADB00F069F8DDF804E0DDE9022304B040
:102300007047404261EB4101002B1BDB00F05CF8A1
:10231000DDF804E0DDE9022304B0404261EB410155
:10232000524263EB43037047524263EB430300F0B6
:102330004BF8DDF804E0DDE9022304B0404261EB34
:1023400041017047524263EB430300F03DF8DDF872
:1023500004E0DDE9022304B0524263EB430370471B
:1023600053B94AB9002908BF00281CBF4FF0FF31FC
:102370004FF0FF3000F00CB8ADF1080C6DE904CE61
:1023800000F022F8DDF804E0DDE9022304B0704734
:10239000704700BF10F8012B11F8013B012A28BF3C
:1023A0009A42F7D0D01A7047034611F8012B03F870
:1023B000012B002AF9D17047034613F8012B002A9C
:1023C000FBD1181A013870472DE9F04786468C4634
:1023D0000846089E154674461946002B40F0C280F8
:1023E0008542B2FA82F245D94AB1C2F1200300FA1D
:1023F00002FC2EFA03F3954043EA0C0C94404FEA9A
:10240000154EA8B2BCFBFEF8230C0EFB18CC08FB43
:1024100000F943EA0C43994528D9EB1808F1FF3736
:1024200004D2994502D9A8F102072B44A3EB090372
:10243000A4B2B3FBFEFC0EFB1C330CFB00F044EA21
:102440000344A04214D92C190CF1FF3304D2A0424A
:1024500002D9ACF102032C44241A43EA07401EB10E
:10246000D440002334607360BDE8F0874746DDE761
:102470006346F1E792BB431B01214FEA154EAFB211
:10248000B3FBFEFC200C0EFB1C330CFB07F840EAF0
:102490000343984562D9EB180CF1FF3004D29845FC
:1024A00002D9ACF102002B44A3EB0803A4B2B3FBA6
:1024B000FEFC0EFB1C330CFB07F744EA0344A74267
:1024C0004ED92C190CF1FF3304D2A74202D9ACF13A
:1024D00002032C44E41B43EA0040C0E7C2F120039E
:1024E00020FA03F1954090402EFA03F303434FEA9C
:1024F000154EAFB2B1FBFEFC0EFB1C10190C0CFB11
:1025000007F841EA0041884504FA02F422D9691823
:102510000CF1FF3004D2884502D9ACF10200294405
:10252000A1EB08019BB2B1FBFEFC0EFB1C110CFBE6
:1025300007F743EA01439F420ED9EB180CF1FF3134
:1025400004D29F4202D9ACF102012B44DB1B41EAC9
:10255000004192E76046E3E76146F7E76046A3E79C
:102560006346B7E7834206D916B9002108467BE7E0
:10257000C6E900E0F9E7B3FA83F78FB9834201D3E4
:10258000724508D8BEEB020460EB030301209C46B1
:102590001EB9002168E73846FAE7C6E9004CF8E7BB
:1025A000C7F1200CBB4022FA0CF41C432EFA0CF1AC
:1025B00020FA0CF3B84001434FEA14490EFA07F52C
:1025C000B3FBF9F81FFA84FE09FB18300B0C08FB6B
:1025D0000EFA43EA00439A4502FA07F240D9E3189B
:1025E00008F1FF3004D29A4502D9A8F10200234431
:1025F000A3EB0A0389B2B3FBF9F809FB183308FB14
:102600000EFE41EA03418E452CD9611808F1FF33D3
:1026100004D28E4502D9A8F10203214443EA0040C6
:10262000A0FB0298A1EB0E014145CE46434602D3E2
:1026300006D14D4504D2B9EB020E68EB0403013814
:10264000002EA6D0B5EB0E0261EB030101FA0CFCE3
:1026500022FA07F34CEA0303F940C6E9003198E790
:102660004046C5E74346D9E72DE9F047044688B020
:10267000884617461CF0CFFE0A220023FFF770FEA3
:10268000B8F1010F06460D4607D102460B4620461B
:10269000274916F078F8002011E07F682548394670
:1026A000FFF778FE70B139462348FFF773FE48B153
:1026B00020463A46214916F082F86FF0040008B02F
:1026C000BDE8F0873046294617A3D3E90023FFF77A
:1026D000F7FD06460D4610461946194A0023FFF736
:1026E000EFFD80460F46104619464EF66022002345
:1026F000FFF7E6FD82468946104619464FF47A7286
:102700000023FFF7DDFDCDE902A9CDE90623CDE9E0
:10271000040132462B460B492046CDE9008716F0CE
:1027200032F8B8E7AFF30080005C26050000000037
:10273000144302605D330260254302602E43026051
:1027400080EE3600464302602DE9F04F2DED028BFE
:10275000ADB00E46D0F804A000210DF1680909AC17
:10276000D0F8108007461546484624221DF057F839
:102770001422002120461DF052F8F36901933368BA
:102780002BB94FF6FF71DAF800001BF0C8FDB369F2
:10279000326803F00F0370681A928DF87130336A53
:1027A0001B90591CCDF818901BBF23EAE3730A2134
:1027B000194683FB0131CDE91031002D7AD06B68C9
:1027C000192A0A93AB680B9310D8052A12D9063A36
:1027D000132A0FD8DFE802F0670E670E0E0E0E0EFA
:1027E000670E0E5B5F0E0E0E670E1115332A5AD060
:1027F000352A5BD06FF0850495E001238DF82430F5
:1028000007E098F87B30062B4FF00103F6D18DF8E6
:1028100025302B690D936B690594581C4ED023EA23
:10282000E3730A2283FB023208F18009CDE91232F8
:1028300005AB0E93DDE91023484610F031FE044647
:10284000002840F0B28041F2883B9FED598B019BFC
:10285000002B06DB0EA9384619F0ACF9044678BB0C
:1028600000244846083610F093FE21AF1DAA1346F7
:10287000083603CBBB4246F8080C46F8041C1A463F
:10288000F5D1002D4FD0D8F85430EB604BE0012348
:102890008DF8243007E098F87B30062B4FF00103C9
:1028A000F6D18DF825302B690C93B4E700282B69FD
:1028B000FADAAFE72B462A460595B5E71A46B3E79D
:1028C000002D40D0DAF80020002124A8936B23F0DB
:1028D0008B5323F4F81323F033039363364ADAF867
:1028E00000301A6320221CF09AFF0C2314A93846EA
:1028F000239303238DF8943002238DF8953023AB76
:1029000008930023079307AB8DED168B14938DED81
:10291000188B19F04FF9BBF1000F0ADC6FF073044C
:10292000484610F035FE20462DB0BDEC028BBDE8C8
:10293000F08F384619F007F828B17D20ABF17D0BF8
:102940001CF0C6F9E7E714F10B0F12D198F87B30B1
:102950005A1F012A02D9093B012B0AD8384619F01F
:1029600076F9044600283FF47BAF484610F010FE8D
:10297000D9E77B681868426AD107029206D56422BB
:102980004FF0007103931BF04FFC039B1868029BF0
:102990009A0702D4436D1B0703D0642202211BF067
:1029A00043FC019B013B019351E76FF00F04BAE731
:1029B00050C300000000000033007F110000000041
:1029C0002DE9F84F2DED028B81468846002219F83B
:1029D0000230202B02F1010100F0A381A3F10900D4
:1029E000042840F29E812B2B0D4633D02D2B36D060
:1029F0001846042440F02003692B32D06E2B61D09E
:102A000000224FF00A0A964694461346114614F4E3
:102A100000666CD040F02007A7F1610BBBF1050FF9
:102A200065D8573FFFB2BA4540F3F58044F08006C1
:102A3000E005B6B269D5F40506F400707AD5002F2A
:102A400018BF4CF0010C00B9013219F805003446EA
:102A50000135DCE7042419F80100951CCAE7442479
:102A6000F9E79FEDB18BB64B13F8011B51B119F883
:102A7000052042F020028A4205F1010026D0B14A29
:102A8000934230D1B4EE488BF1EE10FA0AD019F827
:102A90000530282B06D1013519F80530292B05F111
:102AA000010515D1630601D5B1EE488BB8F1000FD1
:102AB00002D04D44C8F80050B0EE480BBDEC028B7C
:102AC000BDE8F88F9FED9A8B9F4BCDE70546CBE78E
:102AD00023F02002413A192ADED9A3F13002092A53
:102AE000DAD95F2BD8D09FED948B0025DEE7A0F1DB
:102AF0003007FFB257452DDA44F0800614F4807099
:102B0000B6B298D1BAF10A0F06D0BEF10F0F92DD1E
:102B100044F4C076B6B28EE7BEF1100F8BDD44F4FC
:102B2000C076042FB6B286D9052F08BF07464FF0EE
:102B3000020C80E700B1013AAAFB0334FB180AFB40
:102B4000014444F1000153EA01003FF47EAF0EF16D
:102B5000010E7AE7FE2F5ED1A70558D52006C2D513
:102B6000002E40F09B8053EA010005F1FF3500F094
:102B7000D580200540F1B6803632B1F5800FC0F027
:102B80009680724FB1F5000F80F09580BA42C0F286
:102B900092804CEA030303F00306032E084604D098
:102BA00003F00606062E40F08F80043341F100004A
:102BB000B0F5000FC0F088800132B2F5806F80F26E
:102BC000AA8000234FF4801102F2FF3221F4801119
:102BD0001E4641EA025747EC186BB0EE480B13F063
:102BE000D7FB0138022804D81DF078F8584B222270
:102BF0001A50B0EE480B13F0CBFB013802283FF619
:102C000051AF1DF06BF8524B22221A504AE744F4A0
:102C10000076B6B219E740F02000782804F080076B
:102C200009D147B153EA010A05D144F40066B6B2AE
:102C30004FF0100A09E7002F3FF455AF86B392001A
:102C4000702686428FD119F805002B2805F1010660
:102C500004D02D2826D144F48064A4B219F80600CB
:102C6000A0F13006092E3FF67EAFAE1C354640F28D
:102C7000D34A00264FF00A0B5645DCBF30380BFB19
:102C8000060619F80500A0F13007092F05F1010526
:102C9000F2D9670548BF7642324464E72E20CEE77A
:102CA0006526CEE7A0F13007092FDFD95BE7DB18F7
:102CB0004941013A61E75E0846EAC17603F0010343
:102CC0003343490801325DE7B2F5806F23DA9B0890
:102CD000B0F5800F43EA80734FEA9001BFF474AF00
:102CE000002275E70EEB020010F5A27F10DDB0F5B3
:102CF0009B7F10DA03F0010040EA0C0001308008ED
:102D0000181841F1000100F027F8B0EE408B70E791
:102D10009FED098B6DE79FED048B6AE79FED068BB6
:102D2000C0E60A4653E600BF000000000000F07F46
:102D3000000000000000F87F00000000000000001C
:102D40005D6F0260606F02605A6F026002FCFFFFFD
:102D50000C000000000000002DE9FF4780461646E9
:102D60000F46002900F0A280B1FA81F4341B002E36
:102D700004F10A04C0F2A280304612F063FF04445A
:102D8000304612F065FFA4EB060905466946304659
:102D900012F086FFA9EB05037D336A4640463946AB
:102DA0001CF0D5FDA64282460D4600F38380B9F1A2
:102DB0003F0F00F381804FF0FF33A9F1200003FAA9
:102DC00000F003FA09F2C9F12001024323FA01F1EC
:102DD0000A4303FA09F328EA030327EA020213432A
:102DE0000CBF01200020002D00F08A80B5FA85F389
:102DF000E31A03F23E4340F2FE72934200F38980ED
:102E0000002B23EAE376CCBF32460122121BA2F24A
:102E10003341C1F1200CA2F23447A2F253442AFA02
:102E200001F305FA0CFC43EA0C0325FA04F4C7F19C
:102E3000200EA2F2544C234305FA0EFE2AFA07F4A0
:102E400025FA0CFC44EA0E0444EA0C0414F0010FC9
:102E500025FA01F1C7F1200CA2F2544254D0A8B1D6
:102E60004FF0FF3000FA02F200FA07F4144320FAA0
:102E70000CF2B84014432AEA000A03F0010225EAE2
:102E800004054AEA020A5AEA050A3DD0013341F133
:102E90000002C2F3130253EA020138D0184642EA94
:102EA000065141EC100B04B0BDE8F087B0FA80F495
:102EB00020345BE7012096E7002094E7C6F1000983
:102EC000484612F0C5FE241A484612F0C1FEA61B61
:102ED0000546694648462E4412F056FF06F17C032B
:102EE0006A46404639461CF032FD82460D46404651
:102EF000394612F0BDFE81458CBF0020012072E7EB
:102F0000BAFA8AF3203373E7C1F31302C6E7013636
:102F1000C4E79FED010BC6E7000000000000F07F52
:102F2000F8B510EE903A33F000472DED028B10EE1D
:102F3000102A0DD182F48002520012F5000F40F2E7
:102F4000168270EE207ABDEC028BB0EE670AF8BDF7
:102F500022F00040B0F1FF4F02D8B7F1FF4F08D97F
:102F6000B2F17E5FEDD183F480035B0013F5000FB7
:102F7000E5E7002A06462DDAB7F1974F0CD3B7F1F3
:102F8000FF4F2AD00221B3F17C5F3ED1002AC0F26C
:102F90008C80F1EEC07AD6E7B7F17E5F2ED3FC15B8
:102FA000C4F1960447FA04F101FA04F4BC423AD1A0
:102FB000B7F17E5F47D1002B80F2DF81B5EE400A8A
:102FC000F1EE10FA4DD1D00FBDEC028BBDE8F84008
:102FD00013F066BAB7F1FF4F3AD1B0F17E5F00F05F
:102FE000C68105D9DFEDCC7A002B60FEA77AAAE76F
:102FF000002B80F2BF81F1EE607AA4E7B3F1804F3D
:1030000034D0B3F17C5F5CD0002122F04044B4F1B5
:103010007E5FF0EEC07A3FD1002BBCBFB7EE007AE6
:10302000C7EE277A29E0B7F17E5FC4D00021B3F163
:10303000804FEAD1B0F1BF4F1AD2B0F1D05F29D999
:1030400060EE007A7FE701F00101C1F10201EEE7D5
:10305000B7F17E5FAFD0B3F1804F4FF00001E9D000
:1030600091E7B7EE007AC7EE007A6CE70021E1E75E
:10307000B0F1FF4FF0EEC07A34D1002ABFF663AF53
:10308000A0F17E50084316D1BDEC028BBDE8F8409C
:1030900013F014BAF0EEC07A20BB002B1EDA002A1F
:1030A00092DA4B1E584258418EE7B0F1FF4FF0EED6
:1030B000C07A40F0658101297FF445AFF1EE677A6F
:1030C00041E7B0F1FF4FF0EEC07A3FF43CAFB0F112
:1030D0007E5FD9D000283FF436AFD5E7012940FE06
:1030E000277A30E7D50F013D51EA0504CCD0B7F17E
:1030F0009A4F40F25181894A904208D8002B0BDA4E
:103100000020BDEC028BBDE8F84013F0BBB9844A47
:10311000904208D9002BF3DC0020BDEC028BBDE807
:10312000F84013F0A1B99FED7A5BB7EE007A77EE25
:10313000C77AB7EEC55BB5EE007A07EEC75AB6EEB2
:10314000007A05EE677A27EEA76ADFED766A27EE4A
:10315000067A9FED756A27EE067A9FED746A17EE80
:10316000867A67EEA66A76EE877A17EE902A22F4C0
:103170007F6222F00F0207EE902A77EEE66A77EE82
:10318000667A23F47F6323F00F030139B7EE007AE8
:10319000BFEE008A294308FE078A07EE103A30EE98
:1031A000C77A67EEA00A07EE902A47EE270A07EED5
:1031B000103A67EE877A30EEA77A17EE101A0029D8
:1031C00021F000431ADDB3F1864F09D9B5EEC08A6C
:1031D000F1EE10FA4CBF0120002092E70126FCE03E
:1031E00020D1DFED536A37EE677A70EEA66AF4EE0F
:1031F000C76AF1EE10FAE9DC862318E04D4A9342E3
:1032000007D9B5EEC08AF1EE10FA4CBF01200020BC
:1032100083E707D137EE677AB4EEE07AF1EE10FA81
:10322000EADBEEE7B3F17C5F40F29C80DB157E3B8E
:103230004FF4000018410844C0F3C7533E4A7F3B97
:103240001A41024007EE102AC0F3160040F40000B5
:10325000C3F117031841002977EEC77AB8BF40427F
:1032600037EEA07ADFED356ADFED355A9FED356A2E
:1032700017EE103A23F47F6323F00F0307EE103AA2
:1032800077EE677A67EE266A70EEE70ADFED2E7A50
:1032900067EE277A9FED2D7A40EE877AB7EE000A27
:1032A00036EEA77A77EE666A77EEE67A67EE076A19
:1032B00047EE277A16EEA56ADFED255A46EE265A26
:1032C0009FED246A15EEA66ADFED235A46EE265AD4
:1032D000B0EE476A05EEE66AF0EE006A67EE065A5F
:1032E00036EE666AC5EE866A76EEE77A77EEC77ADC
:1032F00030EE670A10EE103A03EBC053B3F5000F3F
:1033000032DA13F06BF860EE087A1CE6AFF3008057
:10331000E13D55555555D53F00000000F3FF7F3F77
:103320000700803F00AAB83F3BAAB83F70A5EC3623
:103330003CAA383300001643000080FF0072313F82
:103340004CBB31330EEADD358CBEBF351872313FD0
:1033500055B38A38610B363BABAA2A3E0000000009
:103360000000804B00207BE700EE103ACBE7F7EE41
:10337000007AE8E55FED077AE5E5F0EE407AE2E510
:10338000B0F17E5F3FF47CAE00283FF4A7AE002989
:103390003FF47AAE0221002512F0FF4F08BF1FED67
:1033A000107A5E4C02BF67EE877A6FF0170217EE55
:1033B000906A4FEAE65018BF00227F381044C6F3E7
:1033C0001602A24242F07E5706DD554CA2427FF71C
:1033D00005AF0130A7F500070026524A02EB86022E
:1033E000D2ED005A504A06EE107A75EE867AF7EE64
:1033F000006AC6EEA74A36EE657A27EE245A15EE25
:10340000104A144006EE904A484C04EA670444F01F
:10341000005404F5800404EB465407EE904A06EE8F
:10342000E77A77EEE57ADFED425A36EE676A65EEC7
:10343000057A06EE667A9FED3F6A47EE865A9FED63
:103440003E6A05EEA76ADFED3D5A46EE275A9FED2C
:103450003C6A05EEA76ADFED3B5A46EE275A27EE97
:10346000247A36EE856A67EEA77A26EE076A05EEBD
:10347000A76A66EEA64AF0EE085A74EEA57A77EED1
:10348000867A17EE904A144007EE904A77EEE55A96
:1034900027EE277A75EEE45A66EEA76A36EE656A7D
:1034A00006EE057A9FED286A76EE877A17EE904A47
:1034B000144007EE904A77EEE66A27EE866A37EE0A
:1034C000667ADFED226A224C67EEA67ADFED216A8A
:1034D00047EE267A04EB860494ED007A77EE877A3D
:1034E00007EE100A1C4800EB8600D0ED005A76EE7D
:1034F000276AB8EEC77A76EEA56A76EE876A16EE88
:10350000900A024006EE902A36EEC77A37EE657AC8
:1035100037EE467A77EEC77A33E600BF71C41C00F7
:10352000D6B35D009C2A026000F0FFFF00F0FFDFD1
:1035300055326C3E42F1533E05A38B3EABAAAA3EE8
:10354000B76DDB3E9A99193F0040763FC623F6B827
:103550008C2A02604F38763F942A026037B50446C1
:1035600000F050FF26490546204615F00CF94FF4AF
:1035700016722449204615F006F902F045F8224952
:103580000246204615F0FFF8AB69204A0A21B3FB3A
:10359000F2F2B2FBF1F001FB10221D49204600922D
:1035A0001C4AB3FBF2F36A6815F0EDF820234FF4E0
:1035B00080721949204615F0E6F8184B1B78CBB1FC
:1035C00017491848D1F82C51174B1849D3E9002353
:1035D000022D08BF01461648920A406842EA83520B
:1035E0009B0ACDE900101349204615F0CCF80020C5
:1035F00003B030BD1049204615F0C5F8F7E700BF0D
:1036000066320260783202608C320260A08601006D
:103610009C32026040420F00BB32026045282920E4
:10362000980C29205C320260300C29206132026043
:10363000380C2920E83202600933026070B51C465C
:1036400064230E46A0FB030103FB0611234614432B
:1036500004BF01220023FEF783FE0A4903460A2025
:103660000A68B3FBF0F4B2FBF0F2944209D0064AC8
:103670000B60106828B1054A0821BDE8704015F0BC
:1036800075B870BD78022920901E2920223302606F
:10369000B14B2DE9F04F2DED028BD5B01B780E46C6
:1036A000904606904BB9AD4915F089F86FF01200BD
:1036B00055B0BDEC028BBDE8F08F9FEDA98A0024C8
:1036C0002A230127F0EE488A4FF0800B8DF89040B6
:1036D0000793B7423ED3A34CF0EE480AA24DB0EE9A
:1036E000680A63680CA8A14E9B45D6F81811A8BFBC
:1036F0009B462B6803F1E043CDF824B003EB810235
:10370000CDE900320023079A02F05CFB9849069845
:10371000D6F818712D6815F036F8964B05F1E0458E
:103720001B7805EBC708002B78D06368012224A919
:103730009148CDE90083002302F068FC061E71DA8F
:1037400002F058F88D490246069815F038F86FF0E7
:103750001500ADE758F827A0BD00894907F1010918
:103760005046FEF717FE48B94E4529D945446868CA
:103770001CF060F8834609F10107AAE78149504629
:10378000FEF708FEE0B94E4506D9454468681CF0CE
:103790004EF8F7EEC08BEEE77B495046FEF7FAFD98
:1037A000E8B17A495046FEF7F5FD0146B8B94E45F5
:1037B00015D945440A22686811F0ECF90790DAE758
:1037C00071495046FEF7E6FD0028EAD14E4506D97C
:1037D000454468681CF02BF8B7EEC08BCBE7504629
:1037E000FEF7EAFDA31C05460344BF2B14D834B1F1
:1037F00004F5A873202201346B4403F8C02C24ABD9
:103800002A46514618192C441BF0E1FF002204F50A
:10381000A8736B4403F8C02CB946ACE7B36D01261E
:1038200045F8373032465A49069814F0ACFFA36D7C
:1038300055F837700A93E36DDFF830910B9313F06E
:103840009AF9002383468A461C46CDE90733099B33
:103850009C4269DB13F08FF9424BB0EB0B084D48EB
:103860004FF47A7B61EB0A0A84FB0001D3E9165618
:103870000A9BED1A0B9B66EB0306E317099358EAC4
:103880000A0315BF57460027424601223B460A92CB
:10389000FEF766FD8146A5FB0B010A9A3B460BFB32
:1038A0000611AD0AFEF75CFD4FF47A72002345EA7B
:1038B0008655FEF755FD38490746069814F063FF14
:1038C000079B0698B60A0493089B05936423B9FBEB
:1038D000F3F103FB1192CDE9008ACDE902122246F1
:1038E0002E4914F050FF0A226423002C2846B7FB0F
:1038F000F2F2B2FBF3F1B7FBFBF703FB1122099BDA
:10390000314608BF0023039214BF224601220297CA
:10391000FEF726FD2A463346CDE9000106982049E8
:1039200014F031FF0020C3E61E4A08210698234602
:1039300014F01CFF224639460A4801F0B1FAA8B338
:1039400001F058FF224603461749069814F037FF46
:103950006FF00400ACE600BF452829202833026040
:103960006666663F380C2920941E2920980C292071
:103970006333026044282920981E29207433026092
:10398000573302605A3302605D3302606033026075
:1039900080330260A0860100B5330260BA33026052
:1039A000F633026093330260993302603CB913F03E
:1039B000E2F8B0EB0B03079361EB0A0308930134C1
:1039C000B44219DA58F82450D9F85C30AB423FF4CD
:1039D00041AF0E4B1B78B3B140232A4639460C4801
:1039E000009314AB13F007FE14AB0A4A08210698A3
:1039F0002F4614F0BBFE2AE7074B0CA8996A02F089
:103A0000F7F90546E0E72B46044AEFE7442829206A
:103A1000981E29205F460260380C2920B1330260CD
:103A20002DE9F04F7A4E87B00D467A49044692460A
:103A300014F0A9FE4FF48053774A3046774901F0DD
:103A4000E5FE60B16FF0150801F0D4FE744902463E
:103A5000204614F0B4FE404607B0BDE8F08F71492F
:103A6000204614F090FE002D03DDD6F81C31AB4249
:103A700001DAD6F81C512946654813F0B0FBB0F5C1
:103A8000802F81460DD9820A674920464FF4807302
:103A900014F095FE6549204614F091FE6FF00B0876
:103AA000D9E75E4B1B683BB3614BD3F80080BAF19A
:103AB000000B2946564818BF4FF0010B5A4613F029
:103AC00076FBD6F818310746DB00059300F09AFC28
:103AD000059B08EB07021A444368190B1B05934228
:103AE00071F100010AD205EBD5755249BA0A204698
:103AF0006B1014F064FED1E79846D8E708F13F0850
:103B000007F13F034C4A28F03F0841494B484344E2
:103B100023F03F03136008F1E0432A460397029322
:103B20004FF480230193464B00935B4613F073FBE5
:103B3000804638B101F05EFE42490246204614F04C
:103B40003EFEABE72046404914F01DFE40233F4AAD
:103B50002F493F4813F00DFDB0FA80F2DFF828B18D
:103B6000204652093B498BF8002014F00CFE3A4BDA
:103B70000122204639491A7014F005FED6F8183192
:103B8000204637490393D6F814310293D6F8103102
:103B90000193D6F80C310093D6E9412314F0F3FDDC
:103BA000D6F82C212F4B304E022A08BF1E4601F0BA
:103BB0002BFD2E4903462E4A9BF800C0BAF1000F98
:103BC00018BF0A462B482C490095BCF1000F18BFBE
:103BD00001462046CDE901213246284914F0D3FDA3
:103BE000134B2046D3E90021059B920A9B0A42EA27
:103BF000815223490093BB0A14F0C5FD4FF4807332
:103C00004FEA99221F49204614F0BDFD23E700BF6B
:103C1000980C29205434026086282920100E29206F
:103C2000653402607534026087340260B634026025
:103C3000300C292009350260941E2920380C2920D7
:103C400000802020503502605D3502604628292022
:103C5000981E292071350260452829207B45026085
:103C6000813502605C320260613202603934026088
:103C70003E3402607C45026043340260B635026027
:103C8000E0350260113602604428292001292DE91F
:103C9000F043044685B05AD9556868492846FEF76E
:103CA00079FB064620BB082000F02CFD051E06DA35
:103CB0006349204614F083FD6FF0040028E000F013
:103CC00061FB0746284600F05DFB5E4B5E49B0FB9A
:103CD000F3F00A23B0FBF3F203FB12035B4A204626
:103CE000B7FBF2F214F04FFD594B1E7000200FE0AD
:103CF00058492846FEF74EFB064648BB00F082FBBB
:103D0000456845B92046544914F059FD6FF012003A
:103D100005B0BDE8F0832A46504920464C4F14F0C8
:103D200032FD32462905304612F0B2FF0546034601
:103D300030B14B4A20464B4914F025FD3E70BBE79D
:103D4000494A2046474914F01EFD3D70CEE7474DD5
:103D500047492846FEF71EFB0646C8BB4FF48011B4
:103D60000A2712F010FF3A4B05464FF480113046F7
:103D70001E7012F050FF64264FF47A7980463D4958
:103D80002046B5FBF7F3B3FBF6F206FB1233B5FBA7
:103D9000F9F214F0F8FC384920462D01B8FBF7F78A
:103DA000B7FBF6F3B8FBF9F206FB137314F0EBFC68
:103DB0005A233249B5FBF3F3B3FBF6F206FB123399
:103DC00042F22832B5FBF2F2204614F0DCFC8DE71B
:103DD00000F018FB426805466AB920461E4914F0F7
:103DE000D2FC20462A69264914F0CDFC25492046FC
:103DF00014F0C9FC7AE703780A272349234E806927
:103E0000012B18BF0E460F49B0FBF1F1B1FBF7FCD7
:103E100007FB1C1102910D49B0FBF1F01C49CDE9E3
:103E20000060204614F0AFFC2B69AA6820461949AF
:103E300014F0A9FC6B69EA681749C5E739360260D6
:103E40003F360260A08601008336026040420F00C8
:103E500045282920993602609E360260B1360260FC
:103E6000E1360260E6360260F936026034360260FE
:103E7000FE36026004370260233702604237026078
:103E80009B370260B0370260604602607C4502608A
:103E900004380260283802604E3802602DE9F84F7D
:103EA00005460E46174698460224AC4201D3BDE8AB
:103EB000F88F56F824A04FEA840B0E495046FEF7BF
:103EC00069FA60B904F101094D4508D906EB0B0305
:103ED00058681BF0AFFC386009F10104E5E70649BA
:103EE0005046FEF757FA10B90123C8F80030A14632
:103EF000F2E700BF74380260773802602DE9F047BE
:103F000000239EB0012905460E461446CDE9043330
:103F100008D86FF015043B4914F051FC20461EB040
:103F2000BDE8F08700F06EFA436833B93649284699
:103F30006FF0120414F043FCF0E705AB04AA21462D
:103F40003046FFF7ABFF63681A782F2A2AD15F2229
:103F5000194606A81BF0A1FC00262C4B2C4F1E7006
:103F60008DF8776000F0F0FE06AB2A4A082128465B
:103F700014F0FCFBDFF8B4903D6012F0FCFD264B22
:103F800080468A46254A009331464B4606A800F0F3
:103F9000E9FD3E60044658B102462149284614F026
:103FA0000EFCBBE71F4A602106A810F051FDD3E7C5
:103FB00012F0E1FDB0EB080661EB0A07D9E9000158
:103FC00056EA07034FEA90284FEA912908BF234693
:103FD00048EA81581ABF32463B460122FEF7C0F933
:103FE00042464B46CDE90201CDE900670E4928461D
:103FF00014F0C9FB2846DDE90412FFF711FD044661
:104000008CE700BF7D380260AE3802604528292069
:10401000901E2920F03802603D360060100E2920E5
:10402000FD380260E83802600F390260300C292048
:10403000012370B599429CB014464FF0000205462A
:104040000E46CDE9022307D86FF015041D4914F080
:10405000B6FB20461CB070BD03AB02AA2146304619
:10406000FFF71CFF63681A782F2A25D15F221946B3
:1040700004A81BF012FC0023134A144928461370AD
:104080008DF86F3014F07FFB114B04A8114A1249D0
:1040900000934FF4004300F065FE044602460F49CA
:1040A000284614F070FB002CD3D12846DDE902121B
:1040B000FFF7B6FC0446CCE7094A602104A810F0DB
:1040C000C7FCD8E7363902604528292061390260EB
:1040D000300C292000002020100E29207A3902609F
:1040E000E838026010B5184C236803F00703022B70
:1040F00004D9164A0321204614F0BCF8032000F02E
:1041000085F9002808DC236813F0060F04D0104A54
:1041100002210D4814F0AEF800F0B4FC40B1236861
:1041200013F0060F04D00B4A0221074814F0A2F83E
:10413000236803F00703022B04D9074A032102482E
:1041400014F098F8002010BD000A2920913902606F
:10415000AB390260D7390260103A026037B50A46BF
:10416000054601460B4809F037FD044670B90122A7
:104170002946084809F0FAFE044638B90123EF221F
:10418000294604480093022315F0DCFF204603B0C3
:1041900030BD00BF900B2920F0B587B02C4B002616
:1041A0002C4F02AC0FCB254684E80F0055F8041BBA
:1041B000384616F009F8044660B1274803685F07DF
:1041C00005D0264A33460121009414F066F82046B3
:1041D00007B0F0BD0136042EE8D11E4815F0ABFF44
:1041E00001280ED11E49FFF7B9FF044648B11A480D
:1041F00003685D07EBD01B4A2346012114F043F806
:10420000E5E719490020FFF7A9FF044630B112483D
:1042100003685907DBD0154A2346EEE70D4808F03E
:1042200025F9044630B10C4803685A07CFD0104A2C
:104230002346E2E7074808F05FF904460028C6D0A5
:10424000054803685B07C2D00A4A2346D5E700BF8A
:1042500068060260900B2920100A2920333B026077
:104260007C022920453B026090022920533B0260DA
:10427000613B02606F3B026008B54FF47A72002325
:1042800002480FF00FFC002008BD00BF600129208C
:10429000002307B50193124883681B6DB3B101AACF
:1042A0000121984790B9019B862B0FD10D480368D7
:1042B00013F0060F03D00C4A022113F0DBFF00219C
:1042C0004FF4FA7010F008F872B6FBBE4FF47A7231
:1042D000002306480FF0E6FB03B05DF804FB00BFC7
:1042E000FCFD0160140A2920983B0260600129202E
:1042F000074B00040122C3F8A010C3F8A400C3F8C0
:10430000B0205A69D207FCD501225A61704700BF1C
:1043100000402A4010B50C4601460020FFF7E8FF98
:104320000120FFF7E5FF0220FFF7E2FF134B144ADD
:10433000C3F8A010C3F8A4200122C3F8B0205A6922
:10434000D207FCD5D3F8000121225A6183B245F689
:104350000D52206093420ED045F69D52934208D1F3
:10436000C0F34250032806D0031F584258410001B1
:1043700010BD0020FCE70820FAE700BF00402A40FB
:1043800004000300092838B504462ED8184D05EB63
:1043900040035B78012B16D0022B1CD01BBB154BA6
:1043A000D3F8003113F47C1FC3F3054205D0124843
:1043B00002210023FDF7D4FF024615F81430013323
:1043C000B2FBF3F038BD0B4BD3F8F02012F03F02F4
:1043D000F3D00A48ECE7074BD3F8F030C3F30522DB
:1043E00013F47C5FF4E7064AE7E70020EAE700BF42
:1043F000F53C026000800D4000887B3600F0FB0237
:1044000000A4781F00487047B81E29202DE9F04FFE
:1044100083B000240928064600AFC7E9004400F233
:104420003E81A04D2022214628461BF0F8F9304657
:104430002E77FFF7A7FF9C4B1822A8619B499C4849
:10444000C3F85C12DA66C3F860021A67C3F8641234
:10445000A1F530415A67C3F8681201F5E0419A6747
:10446000C3F86C12DA67C3F87012C3F88020C3F87F
:104470007412C3F88420C3F87812C3F8882001228C
:104480008C49C3F82C27C3F83027C3F83427C3F866
:104490003827C3F83C27C3F85027874B8A6913F89D
:1044A000160003EB460322F060425B7822F4407270
:1044B0001B0243EA407313438B61D1F8843043F00D
:1044C0000C03C1F884307D4B1A6842F002021A6076
:1044D00019687B4A21F4F14121F073010904090CA8
:1044E0000A4378491A604FF0FF325A609A6822F006
:1044F0007F4242F000529A60DA6822F07802DA6075
:10450000714A1A625A629C62DC62D3F8B82022F0C7
:104510003F0242F00102C3F8B820D3F8BC2022F0D9
:104520003F0242F00102C3F8BC2021221C611A673D
:104530005A6740F20562C3F88020C3F884201A68E5
:1045400022F002021A60614A9A610222DA61604A2C
:1045500042F8044B8A42FBD11A68584C42F00102DF
:104560001A60236813F00108FBD1584B4FF0020981
:1045700039464046A36140F2F563C4F81C90C4F884
:10458000003240F26643DFF874A1C4F8103240F202
:104590009943C4F820324F4BC4F8303242F2014301
:1045A000C4F8343240F23543C4F840324A4BC4F8C0
:1045B00050324A4BC4F85432494BC4F8603242F28C
:1045C0000123C4F86432FFF7A5FE064678B9DAF88D
:1045D000003013F0060F05D03B68424A494650466A
:1045E00013F051FE00200C37BD46BDE8F08F83026A
:1045F00041464FEA065B04202366FFF779FE391D2A
:104600005846FFF787FE8046002844D0830259466B
:1046100004206366FFF76CFE3B6885F800902B6111
:104620007B68C5E9026846446B616E60BFF34F8FDB
:10463000DAF8003003F00703022B2AD928786C46F9
:10464000294B8CB029496E686A46012818BF194663
:10465000AB69C2E907012649DFF8A4C0B3FBF1F159
:1046600051622449B3FBF1F30A21B3FBF1F001FBE2
:104670001033936240F2024393851F4BC2E905C693
:1046800042F8103F00234FF473511C4802F0BEFD66
:10469000A5466868A7E74FF001096066BCE76FF0C0
:1046A0001500A0E7B81E292000801F40F9B00100C6
:1046B000F910010000C00F40F53C026000402A40A4
:1046C0001200FFFF00432A4040000080F05AF05AD9
:1046D00000422A409F041830EB06180A06320126D1
:1046E0003806180AD03B0260604602607C450260D2
:1046F00040420F00A086010007000001F0092920B8
:10470000333C02602DE9F04F91B00A2805464FF086
:10471000000302AF28BF092507F1100842461946D9
:1047200001339D4242F8041BF9DA6B1C0126B342A7
:1047300065DC4FF000094FF0FF34DFF8F4A1C84604
:1047400007F1100353F828301846FB60FFF71AFEF4
:104750008346F868FFF75AFE0646002868D1DAF863
:10476000002012F0060F21D06D4B0A226D49BBFBD1
:10477000F3F3B3FBF2F0BBFBF1F102FB10336A4839
:104780006E468AB002AAC2E9073040F20243DFF85F
:10479000BCC19384654BC2E905C142F8103F0023B8
:1047A0004FF43251624802F031FDB546002CC0F2A0
:1047B000A5805F4E2046FFF729FE336803F007030C
:1047C000022B17D92046FFF7DDFD05462046FFF7EF
:1047D000D9FD534A0A23B0FBF2F2B2FBF3F103FB1B
:1047E0001122504B032130460092524AB5FBF3F39D
:1047F00013F053FD20463C37BD46BDE8F08F08EB73
:104800008604D4F800B0FB605846FFF7BBFD54F8AF
:1048100004AD81465046FFF7B5FD8145FB6803D2E4
:10482000A045C4E900BAECD1013680E7984687E795
:10483000484511D2DAF8002012F0060FB6D0384BF6
:104840000A223849BBFBF3F3B3FBF2F0BBFBF1F1F7
:1048500002FB1033384893E7000500224FF4801123
:10486000A0F5801012F014FA4FF4002178600020B7
:1048700012F089F9DAF80020B86002F00702022A83
:1048800036D9284A0A217868C7F800D08CB0BBFB1B
:10489000F2FC234ABBFBF2F3B3FBF1F201FB123E45
:1048A000264A274B002808BF134602AAB868DFF83B
:1048B000A0B0C2E907E34FF47A73B0FBF3F353629D
:1048C0006423B0FBF3F0B0FBF1F301FB130040F203
:1048D000024393851B4B9062C2E905BC42F8103F2E
:1048E00000234FF47351124802F090FCD7F800D027
:1048F0007B68002B7FF45AAFFC68B146A84508F1ED
:10490000010393DB002CBFF654AF094803685B0733
:1049100003D00D4A012113F0ADFC6FF0040469E7E8
:10492000A086010040420F00573C026005000001D4
:10493000F0092920E03C02606E3C02608D3C026080
:10494000E136026007000001C13C0260923C026057
:10495000A13C02602DE9F8461C4B1446099F1B78C8
:1049600083B34FF0FF324FF0FF3319480EF098FD3C
:1049700021460022174806F05DFB044690B9054623
:10498000DFF85490DFF84CA0AF420DD97A1B1249E2
:104990005046B2F5004F28BF4FF4004206F02CFB02
:1049A000061E07DC6FF0040409480EF0F1FD2046F6
:1049B000BDE8F886089B32464946581935441AF036
:1049C00006FFE1E76FF00804F1E700BF8638292011
:1049D000D81E2920EC1E2920800028202DE9F04334
:1049E000A3B00D468046914600AF394606F040FB25
:1049F0000446D8B11F4803685A0712D06D468AB0E2
:104A00006A461D4BD461C2E905384FF40073138424
:104A10001A4B42F8103F00234FF4115102F0F6FBFD
:104A2000AD4620468C37BD46BDE8F083D7F88430CC
:104A3000064601224146C9E90030C5E90000287256
:104A4000284606F029FA04460028EAD009480368F7
:104A50005B07E6D06D468AB06A46094BD461C2E96D
:104A600005384FF400731384044B42F8103F33466B
:104A7000D2E700BFDC092920093D026004000001E3
:104A8000153D0260F0B52D4E83B0347800AF002C98
:104A900052D121464FF40F7229481AF0C0FE29481E
:104AA000294DC7E9004413F07EFC044660B12B6831
:104AB0005A0705D0254A03460121284613F0E3FB97
:104AC00020460C37BD46F0BD3A4601211D4802F094
:104AD0008FFE3A1D02211B4802F08AFE1C4806F098
:104AE0000DFB044628B12B685B07E9D0194A034641
:104AF000E2E7012333702B6803F00703022B1BD975
:104B00006E468AB0D7E90032A3FB02321B0D43EA9E
:104B100002336A46104951611049C2E906134FF445
:104B2000007313840E4B42F8103F4FF413510346A9
:104B3000284602F06BFBB5460024C1E787382920E0
:104B400080802820213D0260DC092920243D02606C
:104B50001C0329206D3D02607A3D0260933D026096
:104B6000040000012DE9F04F8DB09B46002300AFFB
:104B70007A6000223961B860C7E90623FFF742FC7A
:104B80000546FFF77FFF0446C0B907F1180207F199
:104B90002401B868FFF722FF044678B9696891B923
:104BA00062480368590703D0614A012113F062FB90
:104BB0006FF0120407F1240006F000FA20463437A3
:104BC000BD46BDE8F08FD7E906593B694FEA015C65
:104BD0000A0B5E1949F10000B445824120D25348C6
:104BE0000268520715D06E468AB06A46514B2D0DA9
:104BF0001162536145EA09354FEA1953C2E9065378
:104C0000052342F8103F4FF42151234602F0FEFAEB
:104C1000B54607F124006FF01B0406F0CFF9CDE78D
:104C20003B69A2467C6103F1E043FB607B69AB42D8
:104C30007AEB09022CD307F1240006F0BFF92A46CB
:104C40004B46F968786812F085F9BBF1000F01D086
:104C5000CBE900593548026802F00702022AADD9B3
:104C60006E468CB06A46BB68334993613B695161BB
:104C700093624FF400739385304BC2E9085942F8B0
:104C8000103F00234FF4735102F0C0FAB54695E788
:104C90007B6907F12400EA1A48F2010369EB0A0173
:104CA0009A4271F10001264928BF4FF4004206F0F4
:104CB000A3F9B0F1000821DC1C4803685B0712D09F
:104CC0006C468AB06A461F4BC2F8208053617B69EC
:104CD000C2E9063A052342F8103F00234FF4215160
:104CE00002F094FAA54607F1240006F067F9B8F13E
:104CF000000F14BF44466FF004045FE7FB684246B0
:104D000078690F4918181AF062FD7B6918EB0306E1
:104D1000BB6D4AEBE87A7E61002B87D030462A468D
:104D20004B465146BE6DB04780E700BFDC092920E5
:104D3000983D0260CB3D0260303E026007000001FA
:104D4000800028201F3E026010B5044C237823B158
:104D5000034806F033F90023237010BD863829205C
:104D6000EC1E29202DE9F04F87B093461D46002206
:104D7000002304AF06468A46C7E90023FFF782FEF8
:104D80000446002848D1FFF7DFFF26481AF0B8F89C
:104D90003A4625493046FFF721FE044600283BD11C
:104DA000224B0122D7E900891A70214B424601901B
:104DB000504600934B46CDE902B512F0D9F83B6B53
:104DC0000BB1C3E90089DFF878B0DBF8003003F0FD
:104DD0000703022B16D9EA468CB004AA154BAD0A7C
:104DE000C2E905364FF4007395629385124BC2E910
:104DF000088942F8103F00234FF47351584602F0DF
:104E000005FAD546DBF8003013F0060F04D00B4A44
:104E100002210B4813F02EFA20460C37BD46BDE8A0
:104E2000F08F00BFD81E2920EC1E292086382920AB
:104E300055490060563E0260070000017B3E02605B
:104E4000DC09292030B59FED157A0D4600249C42DF
:104E500011DB07EE903AF8EEE76AC7EE267A37EEF6
:104E6000800AB1EEC00AF7EE007A002487EE807A5D
:104E70009C4206DB30BDF5EC017A013407EEA77ADF
:104E8000E5E7F1EC017A0134F2EC016A67EE877A2A
:104E900067EEA67AE0EC017AEAE700BF00000000C6
:104EA0002DE9F04F2DED068B05688FB000290446E3
:104EB000D5F82431D5F80461D5F820B104920A93CD
:104EC000C0F27783D5F818318B4240F37283002A01
:104ED000C0F26F834368934240F36B8307EE90BA4E
:104EE000F8EEE79AF1EEE99AC36828460196CDE913
:104EF0000213D5F82C310093D5E94C2312F014F9A4
:104F0000804600287FD1D4F800A0B7EE008ADAF8F6
:104F1000203103EBD3735F10474536DC88EE299AC6
:104F2000B300DFEDB38A09934FEA8B030C930023A0
:104F30000593D5F80C31059A934253DC099B28461A
:104F40000093D5E94E2312F022F90246002858D0EA
:104F5000E168334695ED150A0846FFF773FF3246C0
:104F6000E16BE06800F054FBE36B20460393D5F857
:104F70001831CDE90163D5F82C310093A16AD5E948
:104F8000502312F008F880463DE04FEA4803DAED7E
:104F9000487A9AED140A4FEA880900EE903AF8EE42
:104FA000E77A08F10108F8EEE00AC0EEA70AFDF77B
:104FB000B7FFDDED047AC8EE008AF8EEE77A68EE16
:104FC000A78AB0EE680A10F05BFF636B4B4483ED79
:104FD000000AB0EE680A11F093F9A36B4B4483ED1D
:104FE000000A99E7D5F8483148220599284602FB7E
:104FF000013B099B0093DBE9002312F0C8F802464D
:1050000038B96FF0070840460FB0BDEC068BBDE81D
:10501000F08F95ED150A3346D4E90310FFF712FF20
:105020003246E16B206900F0F3FAE36B019620460B
:10503000CDE90263D5F82C310093216ADBE9042322
:1050400011F0A9FF80460028DDD1E36B20460393D1
:105050000A9BCDE90163D5F82C310093E16ADBE9C5
:10506000062311F098FF80460028CCD1E36B204640
:1050700003930A9BCDE90163D5F82C310093216B92
:10508000DBE9082311F087FF80460028BBD12046CA
:105090003246216A11F03CFE0A9AE16A11F038FEAC
:1050A000E36A606C0793236B0B900893DDE904219E
:1050B000D4E9007303FB0123D7F82421A16802FB84
:1050C00003FA002940F096809200079900EB8A00CD
:1050D0001AF07DFBA06C4FEA8A08D7F824210899C2
:1050E000920040441AF073FB4FF00008CDF8208086
:1050F000D5F810312069434500F334813246E16B25
:1051000000F086FAE36B01962046CDE90263D5F8FC
:105110002C3100936169DBE90A2311F03CFF8046E2
:1051200000287FF470AFB045C0F20882099B284682
:105130000093DBE9022312F02AF8024600283FF42C
:1051400060AF95ED150A3346D4E90310FFF77AFEF8
:105150003246E16B206900F05BFAE36B2046039373
:10516000D5F80831CDE90163D5F82C310093A16958
:10517000DBE90C2311F00FFF804600287FF443AFDA
:10518000E36B20460393D5F80831CDE90163D5F8E8
:105190002C310093E169DBE9102311F0FCFE80461D
:1051A00000287FF430AFD5F80821A069424500F30C
:1051B000D681216C00F02CFA236C2046CDE90263E5
:1051C000D5F808310193D5F82C3100936169DBE9FA
:1051D0000E2311F0E0FE804600287FF414AFB045A6
:1051E000C0F2D681059B01330593A2E60000FE4282
:1051F00000000000A26CF6EE006A40461FED055A62
:105200000D92D7F8142153439B000693D7F814212D
:105210009042BFF669AFD7F82021B0EE686AF0EE91
:10522000685A00FB02F11346089A02EB810E079AB6
:1052300002EB810CF1460022E04693422ADC85EE27
:10524000857AE26C069B51444FF000081A44C6EE82
:10525000057AB5EE407A82ED007A226DF1EE10FA11
:105260001A44F5EE407AC2ED007A14BF88EE076A60
:10527000B0EE686AF1EE10FA14BFC8EE275AF0EEED
:10528000685AD7F82021904528DB069B013004336B
:105290000693BBE7F8EC017A0132B9EC017AF5EE3E
:1052A000C07AF1EE10FAB5EEC07A48BFF1EE677A37
:1052B000F1EE10FAF4EEE75A48BFB1EE477AF1EE9C
:1052C00010FAB4EEC76A58BFF0EE657AF1EE10FA44
:1052D000F0EE675A48BFB0EE476AAEE7BCEC017A21
:1052E000FEEC017A27EE067A67EEA57AB5EEC07A73
:1052F000F1EE10FAF5EEC07A4CBF37EE667A37EE73
:10530000267AF1EE10FABDEEC77A4CBF77EEE67A58
:1053100077EEA67A17EE109AFDEEE77AB9F17F0FD5
:1053200017EE902A13DC19F17F0F13DB4FFA89F97E
:105330000B9B7F2A03F801900FDC12F17F0F0EDB2D
:1053400052B20D9B08F101085A54013199E74FF010
:105350007F09EDE76FF07E09EAE77F22F1E76FF062
:105360007E02EEE7236A089A676A03EB020C636821
:1053700003FB08F307EB830783180B93BE46D5F8AE
:1053800028310D9798FBF3F3079300230693D4E994
:105390000093DDE9052103FB021A079B616CD9E943
:1053A0004802434302FB0A33A268002A70D1E14657
:1053B00001EB83035FED727A904261DC069B69EE3C
:1053C000277A0133EEEC017A0693069A049B934206
:1053D000DDDA3B460122F3EC019A0499914278DA36
:1053E000BA464FF000091FED7EAA9AED000A30EE92
:1053F000690A10F08BFD049A3AEE00AAAAEC010AA1
:105400004A4509F10109F0DC88EE0A7A0023D7ED5C
:10541000007A0499994203F1010367EE277AE7ECD9
:10542000017AF4DC0C9A00210B981AF0F8F94FF08D
:10543000000E0D9B0798F3EC017AD4F848C00D9349
:10544000059BD4E9002707FB03E7D2E94831434332
:1054500001FB0733A16800294FD10B9F0CEB83039D
:10546000D2F8200181423EDB0EF1010E049B734510
:10547000DFDA089B08F101080C9A1344089337E619
:10548000F9EC016A0132B3EC017A46EE877A93E7D0
:10549000079AD9F814915FEDAA7A09FB0A290A46FE
:1054A000E2461A440023984207DCE26C02EB8902D0
:1054B00092ED007A67EE877A80E712F9011B0133DB
:1054C000FAEC016A07EE101AB8EEC77A47EE267AB0
:1054D000E9E7F3EC017A0132F4EEE97AF1EE10FA41
:1054E00077FEA99A79E797ED007A0131F3EC016A2A
:1054F00007EEA67AA7EC017AB2E7D2F814119C4421
:10550000079801FB0707216D01EB8701002791ED4B
:10551000007A0B9967EE877AD2F820319F42A3DA9E
:105520001CF9013B013791ED007A06EE903AF8EE56
:10553000E66A06EEA77AA1EC017AEDE7E368626914
:1055400003EB880302EB880208F10108D3ED007A2F
:1055500092ED007A77EE877AC3ED007AE3E500EB0F
:1055600088074FEA880908F10108D7ED009AB1EEE3
:10557000690A10F0CBFC30EE080AE36989EE807A04
:105580004B44D3ED007A67EE877AC7ED007A0AE6DE
:10559000E368626903EB880302EB880208F1010803
:1055A000D3ED007A92ED007A77EE877AC3ED007A38
:1055B00015E66FF0080826E5030410F4F84FC0F371
:1055C0008421C0F3090203F0004310D162B17121BC
:1055D00010465200013912F4806FF9D0094A43EAAB
:1055E000C15302EA8032134300EE103A70471F297C
:1055F00043EA423316BF703143F0FF4343EAC153DD
:10560000F2E700BF00E07F0000487047EC3E026018
:10561000002AB7EE005A9FED2E6AB8BF1F32DFEDA9
:105620002D5A2DE9F84304464FEA62184D1C002616
:10563000464501DBBDE8F88323469FED260A04F1C9
:105640008009F3EC017AF5EEC07AF1EE10FA48BF6A
:10565000F1EE677AF4EE407AF1EE10FA37FE800A46
:105660004B45EED180EE060A11F0A8FB0746FFF786
:10567000A3FF2A466FF07E0125F8017CB5EE400AB3
:10568000F6EE006AF1EE10FA14BF85EE007AB0EE85
:10569000657AF4EC017A67EE877AF5EEC07AF1EE7E
:1056A00010FA4CBF77EEE67A77EEA67AFDEEE77A4F
:1056B00017EE903A8B42B8BF0B467F2BA8BF7F23D3
:1056C0004C4502F8013FE4D101362235B0E700BF76
:1056D0000000FE42000000002DE9F0479FED277A10
:1056E000904607460E464FF000094FF0083AC14574
:1056F00003DBB0EE470ABDE8F08702220024BB5866
:1057000003F00F35C5FA0AF51B0903F00F33C3FA8E
:105710000AF39119905909692FFA85FC2FFA80FE36
:105720002CFB0E442D0A2FFA85F5000A2FFA80F083
:1057300025FB00452FFA83F42FFA81F024FB005457
:105740001B0A2FFA83F3090A2FFA81F123FB014484
:105750000432122AD3D107EE904A37F8120BFFF722
:105760002BFF36F8220BF8EEE77A09F1010967EE14
:10577000807AFFF721FF07EE807AB8E7000000008B
:105780002DE9F8439FED1A7A904606460F464FF0F2
:105790000009C14503DBB0EE470ABDE8F8830222E9
:1057A00000239459D5592FFA84F12FFA85F021FB63
:1057B0000033240A2FFA84F42D0A2FFA85F524FBEE
:1057C00005330432222AECD107EE903A36F8220B48
:1057D000FFF7F2FE37F8220BF8EEE77A09F101093C
:1057E00067EE807AFFF7E8FE07EE807AD1E700BF28
:1057F00000000000093009289ABF024B53F820002E
:1058000001487047F0090260FA3E02602DE9F04F4E
:10581000ADF61C1D0C46164600214FF4BC728146A5
:10582000039319F0FCFF4FF48073C9F80041002284
:1058300048460093002311F0AAFC014610B96FF00E
:10584000020B79E00268B84B9A4240F074824368D8
:10585000012B40F073828268B2F5807F40F06E8247
:10586000484619F0B4FFD9F80C30002B40F069829B
:10587000D9F8448008F1FF33012B00F26282D9F895
:105880004830202B40F05D82D9E90812D4E90203A8
:1058900088429341D3D3D9F82820002A40F341818C
:1058A000D9F83040002C40F33C81D9F83450002D19
:1058B00040F33781D9F83810002940F33281D9F804
:1058C0003CA0BAF1000F40F32C81D9F84070002FB2
:1058D00040F32781D9F82CC0BCF1000F40F321819F
:1058E00092FBF5F305FB1320002840F01A8142EAF1
:1058F0000C0095FBF1FE00F01F0001FB1E5B50EA5F
:105900000B0B40F00E81C9F82031C9F81C71C9F8A1
:105910002C81C9E9451A59434823C9E9412C03FBA5
:1059200004F2039B9A42C9E94345C9E9491E08D9D3
:10593000C9F848B16FF0060B58460DF61C1DBDE8BE
:10594000F08FC9F84861002EF4D05946304619F05E
:1059500066FF764AD9F82C015F460E9209F59872D7
:10596000D9F81831D9F80411714CCDF84CB01E9407
:1059700009F5A074CDF86CB0CDF894B0CDE90F2046
:105980000122CDE9142B6B4A169209F59C72CDE9E0
:10599000172B0122CDE91C2BD9F84C20B2FA82F248
:1059A0005209CDE923B2644ACDE91131CDE9191B81
:1059B000CDE921312692591C09F5A872CDE91F4085
:1059C000CDE9272BCDE9293BCDE9311B5B495C4A69
:1059D000369109F5B0712E9209F5AC723791032119
:1059E0002F920422CDF8B4B03092CDF8D4B0CDF8D7
:1059F000E8B0CDF8F4B0CDF814B1CDE9381B09F515
:105A0000B871CDE93B1B4F493E9109F5B471CDE921
:105A10002BBBCDE933BBCDE93F12CDE9413BCDE90D
:105A200043BBD9F81060BE424BD80EAB0722996930
:105A300019B1D969002900F08781013A03F12003E7
:105A4000F5D1D9F84C30002B40F07081D9F80C0119
:105A50000022482490427FF76FAFD9F8485104FBE9
:105A600002F16B1869585D68294300F06D81D3E934
:105A70000215294300F06881D3E90415294300F099
:105A80006381D3E90615294300F05E81D3E9081547
:105A9000294300F05981D3E90A15294300F05481C4
:105AA000D3E90C15294300F04F81D3E90E152943A2
:105AB00000F04A81D3E91013194300F04581013207
:105AC000C8E7F61BD9F814304FF0000A4022202E08
:105AD00019465346484628BF2026E7FB02130A46CC
:105AE000B401009411F053FB014600283FF4A7AE27
:105AF000224646AC46A819F06AFED4E90C8303930B
:105B0000039AD4E90E1318EB010542EB0303D9E91C
:105B10000802A84272EB0303FFF491AE18F03F0FA6
:105B200012D06FF0050B07E7455451312C4002604D
:105B30001E40026022400260134002600140026089
:105B40000A400260F63F02600EAB072004F1170C1A
:105B5000DA69002A2ED11A68651E013A049215F8F6
:105B6000012F0592049A12F801EF0492059A9645C6
:105B700020D1BEF1000F01D06545F0D1A0699A682F
:105B80009042CED11D69002D5AD0E269022AC8D1B7
:105B9000206ADA689042C4D1626A9542C1D15A68DB
:105BA0000398C2F8008050605A6902B11160012266
:105BB000DA6103E0013803F12003C9D123786C2BAB
:105BC00073D123792E2B70D16378642294F803C0AB
:105BD000303BACF1300C02FB03CCA3780A22303B03
:105BE00002FB03CCD9F80C3163455ED9A64607AD5C
:105BF000BEE80F000FC59EE803004FF0000385E8E4
:105C00000300D9F848510DF121008DF834304823B4
:105C10004F4903FB0C55D9F82C310493FCF7BAFB20
:105C2000C0B9D9F80431002D3FD0A269002A7FF411
:105C300078AFE269012A7FF474AF226A9A422EE0BB
:105C4000DA68002AABD0E06901287FF46AAF206AE5
:105C50008242A3E73F490DF12100FCF79BFB18B9F5
:105C60000835D9F80431E0E73B490DF12100FCF794
:105C700091FB10BB1035D9F804311A46A16904987C
:105C800081427FF44EAFE169002AD2D002297FF42D
:105C900048AF216A99427FF444AF636A93427FF42C
:105CA00040AF039BC5F800806B600AF1010A4034E5
:105CB00056457FF422AF3744B3E628490DF1210061
:105CC000FCF768FB28B91835D9F82431D9F8042134
:105CD000D4E723490DF12100FCF75CFB08B920351E
:105CE000F2E720490DF12100FCF754FB08B92835F3
:105CF000C1E71D490DF12100FCF74CFB18B9303507
:105D0000D9F80831E2E719490DF12100FCF742FB0F
:105D100018B93835D9E94132B0E715490DF12100FC
:105D2000FCF738FB0028C0D14035E9E7D9E94C231E
:105D3000C9E950238AE64FF0FF3BFDE56FF0010B08
:105D4000FAE56FF0030BF7E56FF0040BF4E500BF25
:105D5000D43F0260DC3F0260AA570260E43F026069
:105D6000E73F0260EA3F0260ED3F0260F03F026001
:105D7000F33F0260D0E90032190B41EA025182EA96
:105D800012324B40510641EAD31183EA43634A4041
:105D9000D90E41EA421182EAD2624B400749C0E97A
:105DA00000325943064800FB0212A3FB00301318CF
:105DB0001B0A00EE103ABAEEC40A704791F445256A
:105DC0001DDD6C4F10B552EA030480ED020AC0EDF0
:105DD000030A04BF044B054A0161C0E90023029B8A
:105DE0004361039B836110BDE6493C859BEA8F7448
:105DF0002DE9F84F2DED048BD0ED027A04460E46C6
:105E00000769F5EEC07AF1EE10FA07D83946304648
:105E1000BDEC048BBDE8F84F11F005BBB7EE008A6E
:105E200088460A46002388EE277ABB4230DB394693
:105E3000304611F0F8FAB14606EB8000DFED728AC9
:105E4000002590ED009ABD422ADB88EE287A324682
:105E50000023BB4230DBD4ED037AF5EEC07AF1EEDD
:105E600010FA08D9F4EEC87AF1EE10FA03DA636991
:105E70000BB1A3699BBB2046DFED637AFFF77AFF86
:105E80000020B84220DB781EBDEC048BBDE8F88F03
:105E9000D2ED007A013367EE877AE2EC017AC4E74B
:105EA00099ED000A013530EE490A10F02FF878EE2E
:105EB000808AA9EC010AC6E7D2ED007A013367EEC9
:105EC000877AE2EC017AC4E7B8EC017A77EE877A58
:105ED000B4EEE70AF1EE10FAD6D40130D1E77B1E1A
:105EE00038EE678A002507EE903A2B46F8EEE77AFF
:105EF00088EE277ABB4240DB002D87D06E10D4E9B4
:105F00000510771E7B1C4DD105F1FF3900EB85078D
:105F10004FEA850AB846CB46BBF1000F48D10B1FAC
:105F200000EB86065144B04256D1A769002694ED95
:105F3000037A3B46DFED347AF3EC016A77EEA67A1A
:105F4000B4EEE77AF1EE10FA03D40136B542F3D19C
:105F50004E462046FFF70EFF20EE270ADFED2A7A95
:105F6000B7EC017A77EE877AB4EEE70AF1EE10FA31
:105F700042D5636953F82B0086E7D8ED007AF4EE3A
:105F8000C77AF1EE10FA09DB626942F82530A2699E
:105F9000D8F8001002EB850201351160013308F1D9
:105FA0000408A7E73A462B46013F11F052FAA9E749
:105FB000036858F804CD0A68C0F800C0C8F800307B
:105FC00051F82B300B605B4641F82B2000220BF17F
:105FD000FF3B11F03EFA9FE7D0F800C057F804ED00
:105FE00053F8042F40F804EBC7F800C051F804CD73
:105FF000C3F800C00A6096E70BF1010B5E45AFDA0B
:10600000636953F826003FE7000000002DE9F04FD8
:1060100014460546084689462DED028B8DB0049343
:10602000FCF7CAF9DDF860A080467CB1199B002B13
:1060300007DC6FF0060420460DB0BDEC028BBDE816
:10604000F08F2B6801249B6DCAF80030B8F1000F67
:1060500010D001226949284611F045FA002805DBD5
:10606000199B9C42E5DA4AF8240001344FF0000BFA
:10607000C3451FD3DFED628A4FF0FF36B0EE688A6A
:10608000D1460027B04604EB060B0394BB4566DC03
:10609000731C00F0A480B000A21B4AF826805C4666
:1060A00000F10801023A043092005144504419F0C2
:1060B0009CFBE1E719F80B3009EB0B0703F0E0025A
:1060C000C02A1DD003F0F002E02A1BD003F0F80331
:1060D000F02B0CBF042601260BEB0603394628469D
:1060E000434588BF0126324611F0FDF900280BDB3D
:1060F000199B9C429DDA4AF824000134B344B7E767
:106100000226E9E70326E7E7BB19019343F23C03C4
:1061100017F8012B2846ADF828304FF07803110905
:1061200002F00F028DF82A30364B9A5C595C8DF8DC
:106130002C203E228DF82B100AA98DF82D20062246
:1061400011F0D1F90028019B06DB199AA2427FF7D2
:1061500070AF4AF8240001349F42D6D1CEE709AB94
:1061600007AAD9F80010284611F0B0F90AAB08AA1E
:1061700059F8041F284611F0A9F9DDE90932019206
:106180009A1802920299EA69914226D81A4607990A
:10619000A869059319F01BFB059BA869019A08994A
:1061A000184419F014FB029AA969284611F09BF9CA
:1061B000002812DBB8F1FF3F6B684FEA800207D07E
:1061C0009918D1ED007AF4EEC87AF1EE10FA04DDF8
:1061D00013443E46804693ED008A013756E7049B00
:1061E000002B3FF428AF199B9C42BFF622AF2B68CF
:1061F0000134039ADB6D4AF822301CE7046D02601B
:1062000000000000344002602DE9F04F91B0840797
:1062100005460E46009302F00403DDF86880029301
:10622000C2F3C203039203F10103059340F0BA8164
:10623000041D30B1072909D86FF01B0011B0BDE86B
:10624000F08F01F007063444C6F10806009B4FF0BA
:1062500000094FF0040A591E4FF0FF334F46CB465A
:1062600001935346CDF810900DB100982060059829
:10627000002800F3E8809848009A824203D39748A8
:106280008242C0F0E080039AA4EB050E92074FEA29
:106290009E0000F103810F2F00F2B180002D00F06D
:1062A000058107F140020DEB020C019A0CF8200C5D
:1062B0000CF8102C049801300490E7E07A285DD89F
:1062C0004B280ED8472859D829282DD8252852D010
:1062D00054D820287AD02338D0F1000B4BEB000B98
:1062E00074E04C382E2849D8DFE800F07048484860
:1062F00048484848484848484B484848484848481B
:106300004859484B4B595959704B6D487048184B78
:10631000184848827F4B48484B487F0000204FF088
:10632000000B4FF0040A38E02A380122C0B202FA0A
:1063300000F010EA0E0F49D110F0625C2FD110EA84
:10634000020B43D06046013C5444B4FBFAF40AFB10
:1063500004F4002D61D0A3EB050CA444B4453FF632
:106360006BAF002868D1042B47D158F8043B236059
:10637000043404232AE0019A013A01924FF0000B01
:1063800024E011F8010C6C2834D111F8023C0020F3
:106390006C2B8346C5D14FF0080A5346D3E708F16A
:1063A0000708073428F0070824F00704F8E802ABD0
:1063B00035B106982044B0423FF63EAFC4E900AB89
:1063C00008344FF0000B4FF0080A534611F8010F44
:1063D000002878D0BBF1000F7FF470AF2528F5D1ED
:1063E000019B4FF0010B013301934FF0040AECE7DE
:1063F000584694E700208346A5E7082B02D06FF0AB
:1064000015001BE708F1070828F00708B8EC027B25
:1064100084ED007B08340823D8E768B9042B02D147
:1064200008F10408A4E7082BE9D108F1070828F0CF
:10643000070808F10808EDE705980138059058F8B5
:10644000040B009010E7039A900720D5A4EB050EEB
:106450004FF0010C4FEA9E00BEF5007FCFD20F2F08
:10646000CDD8F5B107F14002C0B20DEB020E019A92
:106470000EF8200C0EF8102CBCF1000F3FF41AAFF0
:1064800060F07F0009F101090EF8200C0137C5F119
:10649000080204344FF6DA7E069297E74FF0000CBC
:1064A000DAE7BCF1000F01D00136EFE7029A0236BD
:1064B000002AEBD10098CDE90631FBF77DFF0644B9
:1064C000DDE90631E2E7631BB3F5806F97D23DB992
:1064D000A6F10804E018B1E6F0FC0160706F0260FC
:1064E0009B08029A28602B709DF81030C2B1EB70A7
:1064F00085F80290B9F1000F05D008A80022C5F177
:10650000010C97420ED1C5F101030DF120084FF0A7
:10651000000A0DF1300B0193574512D1601B8DE637
:106520006B70E5E710F8013B190608D50CEB040E7B
:1065300003F07F03B6453FF67FAE04F8013B01321E
:10654000DFE7B9F1000F03D098F90020002A17DB2C
:10655000029BD3B11AF80B2004F8012B0022019BF7
:1065600018191044B0423FF667AE98F80000009941
:1065700004F8010B2046039219F029F9039A1444F8
:106580000AF1010A08F10108C6E798F8002055F859
:1065900022300093029B009845F82230FBF70CFF55
:1065A000421CDCE76FF00D0048E600BF2DE9F04F1C
:1065B00097B00446894600AF90F802A0D7F880B0A3
:1065C0003B62CBF3C003FA62BB6141B94578007806
:1065D0000AEB800020444D4517D8A0EB0409E3786E
:1065E000FB61BAF1000F02D01BF0010F16D1FB695D
:1065F00053BBFB6A1BB13A6A4946204698474D4651
:1066000028465C37BD46BDE8F08F461C09F10109FC
:106610003046FBF7D1FE01303044DCE72378626876
:1066200099007A62FA6A796104EB8301002A40F0EA
:1066300004814D460E4601EB0A094FF000084E4515
:1066400050D101EB0A0610E01BF0020FD1D02378E5
:106650009A0004EB83017A6162687A62FA6A002A1E
:106660007BD14D4601EB0A0690461BF0050F0CBF8F
:1066700002230123FB62FB6906EB430A0BF00203D2
:10668000BB625645BCD016F8021B16F8013C54F804
:1066900023909B4B994502D39A4B99453AD3BB69BA
:1066A000002B44D0786A11F0F6F900283FD09648C4
:1066B000036813F0060F13D0E9468AB06A46934B7D
:1066C00053617B6AC2E906314FF400731384904B27
:1066D00042F8103F00234FF4125100F097FDCD46D1
:1066E000023DCEE716F8013BF96254F82300FBF7B0
:1066F00063FED7F884300130F96A4BB1D7F888309F
:1067000098453EBFD7F8843023F8180008F10108F7
:10671000054494E7BB6923B1786A11F0BCF90028FD
:10672000C5D11BF0010F05D1FB6AED1AA9E7BB6AC1
:10673000002BA6D04846FBF73FFED7F8843053B174
:10674000D7F8883098453FBF431CD7F8842022F8FB
:10675000183008F10108054493E7BAF1000F72D030
:106760001BF0040672D0D046002607F148005246BE
:106770003B61B96219F02BF8B96A3B6901EB0A0277
:10678000F969BA62FA695200FA60BA6A02EB410228
:106790003A610BF00202BA603A69B96A8A4257D18B
:1067A0001BF0020F62780CBF4FEA580100217A6299
:1067B0001BF0010F3244D2B240F09F801BF0040F57
:1067C00014BF40460020BB616270A0702046E1709B
:1067D0003A6A7969FB6A9847051EFFF611AFBB69F3
:1067E00041463A6A07F1480023707B6A84F802A0A8
:1067F0006370FB69E370FB6A9847B0F10008C0F270
:10680000BB807B69A9EB0A013A6AC91AFB68C91AFD
:10681000D7E90A0398470028C0F2B080A8444FF097
:10682000000B07F1380A08EB0005B34572D30021CD
:106830003A6AFB6A08469847E2E656464FF0000877
:1068400007F1380093E75646D04697E7B04695E7FC
:10685000BA6A12F8021B12F8015CBA6254F82500F9
:10686000274A904202D3274A90421ED3BA6932B1D6
:10687000786A7B6011F00FF97B6800288CD1BA68C8
:1068800002BB08F1280207F1300C08F1010008F101
:106890000208944407F158025FFA88F852FA80F02F
:1068A0000CF8101C00F8105C76E7BA693AB1786A07
:1068B0007B6011F0F0F87B6800287FF46DAF1BF06F
:1068C000010F09D006F1280207F13000711C1618DB
:1068D00006F8205CCEB25FE71BF0040F3FF45CAF1C
:1068E00008F1280207F1300008F1010102EB00086D
:1068F00008F8105C5FFA81F84EE7002063E700BFFC
:10690000F0FC0160706F0260C00929204540026000
:10691000040000011BF80A3054F8239087F8373040
:10692000D7F884302BB3D7F888309B4521D2D7F8DD
:10693000843033F81B803A6A012107F13700FB6A83
:10694000984700281ADB0544B8F1000F06D14846E5
:10695000FBF732FD00F101081FFA88F83A6A414658
:106960004846FB6A9847002808DB05440BF1010BF9
:106970005BE74FF00008DEE7454641E605463FE6A7
:10698000014B1860704700BF4003292080B50546C1
:106990000E46174698460DF0BBFCDFF820900346E4
:1069A00019F09CF90446424649F800303946304611
:1069B000A84754F8090003F00FFC00BF08000000CE
:1069C00038B503F03DFE03F00DFE3A4B3A4A1A602B
:1069D0004FF40042394B1A60394B9A6922F4405205
:1069E00042F480529A615A6942F000725A619A6C7C
:1069F0009006FCD4334AD36823F01F0343F01303FB
:106A0000D3601368002BFCDA2F480BF029F82C4BCD
:106A10001A6922F0070242F001021A619A6CD1034E
:106A2000FCD45A6922F4E0525A61254B9A6C9207C1
:106A3000FCD45A69224C42F440725A619A6942F479
:106A400040229A615A6922F000725A61A56C15F0D1
:106A50002005FBD1636A28461C4923F0400363628A
:106A6000636A23F03F0363620BF03EF81749284640
:106A70000AF0CEFF182128460BF05EF9636A23F472
:106A8000605343F400636362E36943F48033E3617A
:106A90000B4B03F1800252E8002F42F00C0203F18D
:106AA000800040E800210029F3D15A6D22F0030252
:106AB0005A6538BD4C26292000366E01482629200B
:106AC00000C00F4000000840180A026000389C1CFB
:106AD00008B50BF0FDFA044B044A5A641A6C42F0F4
:106AE00004021A6408BD00BF00C00A4055FAAF5541
:106AF0002DE9F047044607464FF00109DFF85080C2
:106B000014B93846BDE8F08794FAA4F5B5FA85F5CE
:106B100009FA05F32E0108EB05156FEA030A24EACA
:106B200003042B7B002BEBD058F806301B694BB9C4
:106B300046440422284607EA0A077368196800F0E9
:106B400025FBDDE7284698470028D9D1F0E700BFAC
:106B50001C05026030B5002289B00F490F4818F0BB
:106B6000A1FC0022002300240D4D0E49284600946C
:106B7000CDE906230E234FF45072CDE90334CDE95D
:106B80000144094B0DF09CF8084928460CF0C4FF5D
:106B9000204609B030BD00BFB16B00603013292022
:106BA000300E2920803A2920D16E00600F4102600A
:106BB00001480CF06FBD00BF200B29202DE9F047E4
:106BC00080461E480F4611F0B3FA064678B30025FA
:106BD0002846BDE8F087237B6BB12368DB680BB1E7
:106BE0002046984723681B69CBB963680422204676
:106BF000196800F0CBFA013610344C45EBD3B8F1EC
:106C0000000FE5D0002DE2D02846FFF771FF0546C2
:106C1000002FF7D0002164200DF05EFBF2E7204644
:106C200098470028E1D00AFA06F31D43E3E7044C35
:106C30000546DFF810904FF0010ADEE7081F292013
:106C40001C0502602C05026008B5034608462BB1FE
:106C5000044A136000F07EFD002008BD6FF01500AF
:106C6000FBE700BF4403292010B5044C237813B977
:106C700003480CF00FFD0123237010BD8838292034
:106C8000200B292010B504460B4811F051FA5CB1D5
:106C90000A4BBFF35B8F53E8001F013943E8001232
:106CA000002AF8D1BFF35B8F054818F007FC0548B0
:106CB000BDE810400CF0EEBC001F2920041F292065
:106CC00030132920200B29200020064BBFF35B8FB7
:106CD000014653E8000F43E80012002AF9D1BFF340
:106CE0005B8F7047001F292070B5FFF7EDFF084C40
:106CF0000546084EB44200D370BD63685B792BB182
:106D000023685B6813B12946204698471034F1E7A1
:106D10001C0502602C05026010B5044C0449204695
:106D200010F0E7FF034B1C6010BD00BF7C09292059
:106D30004C0A0260F81E292008B5094A00234FF4C6
:106D40007A7108481370084A1360084A1360FFF705
:106D50007BFFFFF7E1FFBDE8084000F067B900BF27
:106D6000893829204B810160001F2920041F292018
:106D7000014600220023014810F0DCBF7C092920D5
:106D8000014811F072B800BF7C092920024B01466E
:106D9000186811F0BEB800BFF81E2920014811F094
:106DA000F3B800BF7C092920324B2DE9F041187857
:106DB00000285DD0FFF7E4FF044698B12E4BBFF3E7
:106DC0005B8F53E8001F013943E80012002AF8D115
:106DD0002A4DBFF35B8FDFF8B080454526D32046B0
:106DE000FFF7D4FF264B274C1B68002B12DD18F051
:106DF00012FB0A220023FBF7B3FAD4E90032C01ACF
:106E000040F2E93361EB0201984271F1000101D3D4
:106E1000FFF76AFFD4E9003213F57A7342F10002FA
:106E2000C4E90032BDE8F041FFF7B8BF6B685B7999
:106E30003BB121784B0706D52B68214628461B68B5
:106E400098471035C9E726882046C1F3C20700F0ED
:106E5000BDFAC6F382160246002EEDD00028EBDB09
:106E600001233946284600F0ABF9B042E9D3E3E705
:106E7000BDE8F08188382920041F29201C05026004
:106E8000001F2920281329202C05026070B50D4D04
:106E9000297861B90C4C01200C4EFFF78FFEB442EB
:106EA00006D3FFF781FF0028FBD101232B7070BDB3
:106EB00063685B791BB1236820469B689847103450
:106EC000EDE700BF893829201C0502602C0502600F
:106ED00000212DE9F0470846FFF770FE044658B33D
:106EE0004FF4FA784FF000091C4B18F0F7FE1C4ADB
:106EF0001B58136033B11B4B1B68092B02DD1A486A
:106F00000CF0C8FB0025194FDFF85CA044B1204607
:106F1000FFF7EEFD044618B94FF0FF384FF0FF3988
:106F2000FFF742FF064628B9B5B942464B465046E0
:106F30000CF0E6FB3546E9E74FF0FF384FF0FF393C
:106F4000D2E72B689B691BB100222846114698475F
:106F50001035BD42F5D3E8E7054DFAE7080000001B
:106F6000FC1E2920041F2920200B29202C0502604B
:106F70001C05026013B5184811F0DAF8174B1B789E
:106F800073B1EFF31184102383F31288BFF36F8F73
:106F9000FFF70AFF84F31188BFF36F8F02B010BDB3
:106FA0000F4B1B68002BF9D050B9002200230D486D
:106FB000CDE9002342F2107200230DF06BFCEDE7E7
:106FC0000928EBD1074818F079FA074802B0BDE864
:106FD00010400CF05FBB00BF041F29208938292016
:106FE000FC1E292030132920200B2920064B10B528
:106FF00004461B6898472146A060044810F016FF1D
:10700000BDE81040FFF7B6BF440329207C092920C2
:10701000044A054B9B1AB1EBD30F34BF52F8310031
:1070200000207047140402601C0502600B48002118
:107030000B4B1B1A043030B5DB080A4C994200D1C7
:1070400030BD10F831200131256802F0070225F02B
:1070500007052A4344F8042BF0E700BF140402603C
:107060001C050260C0092920F8B50B4F06460B4DE0
:107070000024ED1BED08AC4203D14FF0FF34204655
:10708000F8BD57F8340020B13146FBF783F90028EA
:10709000F5D00134EFE700BF140402601C05026064
:1070A00000282DE9F047884615461F461DDADFF80F
:1070B000A8904FF0000A244E5446A6EB0906360964
:1070C000B24509F1100902D12046BDE8F08759F810
:1070D0000C0C3B462A46414600790AF1010AFFF7AB
:1070E000DFFF844238BF0446EAE7184B184AD21A39
:1070F000B5EBD20F25D203EBC5031C79BC4228BFE8
:107100003C46C0B20722134E002100EB400056F867
:107110002530824023EA020304F007028240134331
:10712000032223FA02F0033200F00700814238BF45
:1071300001461E2AF5D123F007030B4346F82530FC
:10714000C2E70024DDE700BF2C05026014040260E2
:107150001C050260C00929201C050260F8B5094D14
:107160000646094B0F460024ED1AED08AC4200D349
:10717000F8BD22B201343B4600213046A4B210F0E3
:10718000FFFFF3E71C0502601404026038B50B4BE7
:107190000D4611464268C31A04461B110133137190
:1071A00043689971FFF7DAFF636801221D60636825
:1071B0005A71BDE83840FFF757BD00BF1C0502609B
:1071C00070B14168097973B1002A17DBCBB20C4961
:1071D00003EB430351F82200D84000F0070070474A
:1071E0004FF0FF31EFE707490748401AB2EBD00FE5
:1071F0003ABF01EBC2010879184670470420704776
:10720000C0092920140402601C0502602DE9F04F1A
:107210008FB0C1F34A280D46914604AF0C0DB860FB
:107220007B60B8F1000F67D0002607F114034FF020
:10723000040B4FF00A0AC7F80C8032467E624846BB
:10724000C7E90766019307F11C03CDF808B0CDF834
:1072500000A0F968FFF7AAF9B0F5006F034620D344
:107260002A48036813F0060F17D06C468AB0D9F885
:10727000041004AB264D1A46C3E9055140F2FF71D4
:10728000D9614FF400711984224B42F8103F4FF43A
:1072900012513346FFF7BAFFA5462C37BD46BDE86D
:1072A000F08FC0F30A0804F117003B60184468F33C
:1072B000532520F007008008FFF75AFD044690B1DF
:1072C0003B6800F11001144A4846F961C7E90836E5
:1072D00007F11403CDF808B0CDE900A307F11C03B2
:1072E000F968FFF763F968F353257B68B9682046AE
:1072F0002A4610F06FFFD0E704F1170020F00700D6
:107300008008FFF735FD0446EDE700BFD4092920CA
:107310002441026004000001A98101602DE9F04FC1
:1073200087B00446934698460391DDE91279DDE97A
:10733000105ADFB13B46524610210020CDF8009094
:10734000CDF81490FEF760FFB0F5006F06460ED33F
:107350001C48036813F0060F30D040F2FF731A4A3E
:10736000022107B0BDE8F04F10F08DBF3E4604F09B
:10737000070405F117000BF0070BE400304444EA62
:107380008B1420F0070044EA4624800844EA0554A0
:10739000FFF7EEFC054640B13FB13B465246314651
:1073A0001030CDF80090FEF72FFF43462246039998
:1073B000284607B0BDE8F04F10F00CBF07B0BDE89D
:1073C000F08F00BFD409292063410260406820B1DA
:1073D000034BC01A40F38F0070474FF0FF307047E7
:1073E000C00929200EB403B503AB0146054853F884
:1073F000042B019303F0F6FA02B05DF804EB03B03E
:10740000704700BFE9820160CA0605D48B064CBFF5
:1074100002490349FFF7E6BF704700BF7B450260A2
:107420009B4102602DE9F04F8BB09B4604460D4610
:10743000169B90469DF854A00693179B199E0593A2
:10744000189B0493BAF1000F00F09E8006F0010330
:1074500006F00209089306F00803079306F4807308
:10746000099310F08BFE024600283BD08F4920463E
:10747000FFF7B8FF0746B9F1000F08D016F0440F28
:1074800032D12A468A492046FFF7ACFF0744089BC1
:1074900053B1884B2046884953F82A20874B002A4D
:1074A00008BF1A46FFF79EFF099B002B48D0079B99
:1074B000002B62D1B8F1000F64D0424680492046CB
:1074C000FFF790FF0546069B3D44002B6BD1049BC4
:1074D000002B71D1F30700F1E28031462046FFF71F
:1074E00093FFD6E00746C6E7764B18680028CDD054
:1074F000754B4FF47A794FF461614FF03C0C1B6887
:10750000B5FBF3F5B5FBF0F300FB135509FB05F5EF
:10751000B3FBF1F2B5FBF0FE01FB123100FB1E558F
:10752000B1FBFCF309FB05F50CFB1311B5FBF0F502
:10753000009120466549CDE901E5FFF753FFA5E736
:10754000079BEBB1624B2046624953F82A20FFF7B4
:1075500049FF0546B8F1000F05D04246584920467C
:10756000FFF740FF0544BBF1000FACD05A465A4923
:107570002046FFF737FF0544A5E74FF0000BE1E792
:10758000079DE7E745469EE7BBF1010F069B06D145
:10759000002B64D1049B002B7BD000250CE0002B3A
:1075A000F8D04E485CE04E48069B22464D4910F00C
:1075B00041FA049B002B68D0DFF83881DFF838915E
:1075C000049F4FF0000B31462046102F28BF102794
:1075D000FFF71AFF5D4545DC059B4FF0010B49465F
:1075E00020461A78FFF7FEFE1BF0070F03D1414635
:1075F0002046FFF7F7FE5F453BD9059B49462046ED
:1076000013F80B20FFF7EEFE0BF1010BBBF1100F8F
:10761000EAD14FF0000B34492046FFF7E3FE5A460B
:10762000059B20469A5CA2F120015F292F4928BFC3
:107630002E22FFF7D7FE0BF1010BBBF1100F1DD06F
:107640001BF0070F03D141462046FFF7CBFE5F45F5
:107650005A46E5D841462046FFF7C4FEEBE72048EE
:107660005546A1E7414620460BF1010BFFF7BAFE54
:10767000B0E71F492046FFF7B5FEC5E7059B3B4431
:107680000593049BDB1B04939AD1BAF1000F7FF49E
:1076900021AF20460BB0BDE8F04F10F018BE074AEE
:1076A00020460549FFF79EFE17E700BFA341026091
:1076B000A7410260600A02605F4602609E4102606C
:1076C000CC410260101F29200C1F2920B04102600C
:1076D000740A0260D0410260F83802601F830160C2
:1076E000E9820160E5A90060DC410260674C02604C
:1076F000026D0260046D0260D641026042F20F73B7
:10770000114A8B4273B5044628BF0B460568052114
:1077100068460DF09DF9636806460B2228465B68B3
:107720000A4910F0C6FD63683246694628465B6820
:1077300010F0BFFD63681B2205495B68284610F006
:10774000B8FD02B070BD00BF61610260FA41026025
:10775000DE41026000210123064A904206D8064A13
:1077600001B901231360054B1860704740080121DF
:107770005B00F2E740420F000C1F2920101F292058
:10778000014B036000207047880A02602DE9F8432E
:107790000646FAF711FE0546EFF31188102383F32E
:1077A0001288BFF36F8F114B1C68D3F804909C4272
:1077B00008BF002434B988F31188BFF36F8F2046C7
:1077C000BDE8F883A7683846FAF7F6FDA84206D167
:1077D0002A463946304618F04EF80028EBD04C4582
:1077E00001D02468E6E70024E5E700BF480329202C
:1077F0002DE9F0410E461546FFF7C8FF044640B399
:10780000C36833B31F6927B3062E07D0072E23D0D2
:107810002A4631463B46BDE8F0411847838A3BB9CA
:107820002A463146B84750B9A38A0133A38206E0FD
:107830004FF6FF72934204D00133A3820020BDE8CB
:10784000F081164803685B0703D0154A012110F048
:1078500011FD6FF01500F2E745B12A7832B1002230
:10786000314682822A461B699847E7E7A38A012BA3
:1078700008D12A4607212046B8470028DFD1A38A2D
:10788000013BD3E70BB1013BD7E70448036813F092
:10789000060FDED0034A0221D9E700BFC80929201C
:1078A000264202604842026010B5044608B1806872
:1078B00050B9134803685A0703D0124A012110F047
:1078C000D9FC6FF0150010BDFFF760FF28B10C4820
:1078D00003685B07F5D00C4AF0E7A082EFF3118153
:1078E000102383F31288BFF36F8F084B5A68C4E9E3
:1078F000003214605C6081F31188BFF36F8FE2E7A0
:10790000C8092920664202607F420260480329209C
:1079100010B5044608F0C8F903490246204610F0A5
:1079200032FF002010BD00BFBF42026037B51346D2
:10793000002205460A21019201AA586801F0D4FBF1
:10794000019C4CB920EAE0700A2180FB01010CF097
:10795000C3FC204603B030BD22460349284610F040
:107960002EFF019CF5E700BFEB420260034A044989
:1079700008B510F008FF002008BD00BFD843026022
:10798000DE4302602DE9F34117460023044601AAB5
:107990000A21B868019301F0A7FB019DC6B24DB161
:1079A0002A461449204610F00AFF019D284602B0DD
:1079B000BDE8F081042E09D932460F492046012541
:1079C00010F0FDFE204610F035FFEFE77868FFF776
:1079D0004BFBB0F1000804DA7A682046074910F042
:1079E000EEFE002133460FFA88F2084610F0C8FB7D
:1079F000DCE700BF01440260284402603F440260AB
:107A000010B5044608F032F907490246204610F046
:107A1000BAFE2046054910F0B6FE214604480CF097
:107A200033FD002010BD00BF9E440260BD440260D3
:107A3000357A006070B58EB004460D46D0F89C6073
:107A400017F0A4FB224A034618F048F91058214ABF
:107A50002149002B18BF1A46234600921F4A844230
:107A600018BF0A4628461E4910F08DFE28461D49BB
:107A7000D4E90A23CDE9002394F90E30227B10F0DB
:107A800082FE06A9202220460CF056F8636E0246BC
:107A90001549284610F077FE05A9204617F086FB09
:107AA000024628B11149284610F06DFE0EB070BD97
:107AB000059B64222846F11A4A4300910C49B2FB07
:107AC000F6F2CDE90162324610F05DFEEEE700BF4E
:107AD00008000000C7440260046D02602F57026076
:107AE000CA440260D6440260024502601945026041
:107AF00046450260F0B591B0002504461C2208AF4F
:107B0000294609A8154E17F08AFE1A222021384668
:107B100017F085FE214612480CF0B6FC07AA4FF478
:107B20000461304617F036FB079964234FF4046272
:107B3000C1F504604343B3FBF2F3CDE90210CDE994
:107B4000042320462B460749CDE90072A6F14002E6
:107B500010F019FE284611B0F0BD00BF408A292060
:107B6000697B00609245026070B5044688B00D469E
:107B7000D0F89C6007A917F019FB024628B10F49FD
:107B8000284610F000FE08B070BD204617F0FEFA3F
:107B9000079B64220096F11A4A43B2FBF6F2CDE944
:107BA0000131074B0749002818BF03462846CDE995
:107BB0000362224610F0E7FDE5E700BF19450260C9
:107BC000C7440260DB4502602DE9F04387B00546FB
:107BD0001A4F6846DFF874800BF06EF91423009E8C
:107BE0000821174A03FB0066284610F0BFFDDFF8A6
:107BF0006090009CB44203D3002007B0BDE8F0833E
:107C000023680BB11A7832B923463A46142101A8E9
:107C10000CF01EFF01AB42460821284610F0A6FDDD
:107C20002046143417F064F8064B074A0821002850
:107C300008BF4B46284610F099FDDBE75846026026
:107C40004E4602603F460260C64C02605D460260DE
:107C5000454602602DE9F041144688460746102249
:107C6000002160680CF096FFB8F1020F064607D8B5
:107C70002023254A0821384610F078FD336816E0A5
:107C80000A220021A0680CF085FF1F4AC5B2082116
:107C900038462B4610F06AFDB8F1030F1AD1102DAB
:107CA0000CD0202DEAD0082D0BD13378DBB2174A47
:107CB0000821384610F05AFD002009E033889BB2B5
:107CC000F5E73846124A082110F050FD6FF0150014
:107CD000BDE8F08110220021E0680CF05BFF0D4A46
:107CE000034604460821384610F040FD102D06D00A
:107CF000202D07D0082DE4D1E4B23470DCE7A4B223
:107D00003480D9E73460D7E78A460260B54602601E
:107D10009F460260C64602602DE9F04F4FF0FF35E6
:107D2000594B9146202601222C46DFF87CA185B0D4
:107D3000074688461A6002F083FE4946524640468E
:107D400002F0A2FE411C06D16A1C50D14F493846B0
:107D500010F035FD1CE073281FD0772832D0612841
:107D600016D1DFF848B110220021DBF800000CF03A
:107D700011FF05460028E0D1454B17F0AFFF1B5817
:107D8000162BDAD1DBF800204249384610F017FDF7
:107D90006FF0150005B0BDE8F08F0022DFF80CB1E0
:107DA0001146DBF800000CF0F5FE04460028C4D1B3
:107DB000374B17F093FF1B58162BBED1DBF8002072
:107DC0003549E2E70022DFF8E4B01146DBF80000B5
:107DD0000CF0E0FE06460028AFD12D4B17F07EFFD9
:107DE0001B58162BA9D1DBF800202C49CDE7631CCA
:107DF00001D12B49ABE75FFA86F8C6F3C406002C25
:107E00003FD06B462946A6EB050C1A460CE0B8F1AC
:107E1000100F1DD0B8F1200F20D0B8F1080F2AD1D3
:107E20000878187031443344A64203D80CEB0100A3
:107E30001028ECD9102CA1462946384628BF4FF00F
:107E4000100910354B46A4EB090401F025F8D6E7DC
:107E5000088880B21870000A5870E3E708684FEA93
:107E6000102E187083F801E04FEA104E000E83F8D0
:107E700002E0D870D6E70B4A0821384610F076FCAD
:107E800086E7204686E700BFB80329201B4702602B
:107E90000C000000DA460260ED4602600047026016
:107EA000384702609F46026014470260CC222920B6
:107EB00070B50F4E04460D46337871B123B10D49AC
:107EC000BDE8704010F07BBC012333700A492046A6
:107ED00010F059FC0123337004E083F00103337088
:107EE000002BF3D129462046BDE8704010F0BFBCFE
:107EF0008A382920524702608D47026070B50446D7
:107F00003B480378182B02D10B78112B31D0013A62
:107F10000B468D18AB4225D18B5C0A780370A2F119
:107F20003003344C092B04D922F02003413B052BAC
:107F300004D823683049CA54013323602368022BD4
:107F400033D1102200212C480CF024FE2B4A136858
:107F500003F8010B13602A4A1368013313600023EE
:107F6000236022E013F8016B182ED3D11E78112E56
:107F7000D0D1234D204623492A6810F004FC204626
:107F80000021FFF795FF204B187870B91F4A2B6826
:107F90001168042B0ADC08B111602B6013F0030197
:107FA0000BD1126813681BBA136070BD0868043BDC
:107FB00000BA41F8040B0120EBE75B4203F0030336
:107FC00058BF5942022904D1126813885BBA9BB288
:107FD000EAE70329E9D1106802681104C2F30743F4
:107FE00002F47F4201F47F010B4313430360DCE79B
:107FF0008B382920141F29208D382920201F292063
:10800000181F2920B74702608C3829201C1F2920FF
:108010002DE9F84F00230C462A490646DFF8BC80BC
:1080200015460B60DFF8B8902749DFF8B8B088F83C
:1080300000300B60012C2F4655F804AF1ED90222E8
:108040004946504617F017FC80B99AF80220003ACA
:1080500018BF012292441D490222504617F00BFC22
:1080600030B9012388F80030013CE3E70022F1E752
:1080700049465046FAF78EF9A8B9043700227868C5
:1080800011460CF011FD0022114B11461860786862
:108090000CF00AFD0F4B104918603046FFF708FF3F
:1080A0000020BDE8F88F9AF800202D2AE6D19AF832
:1080B0000120002AE2D052465946304610F063FBB8
:1080C000D2E700BF141F2920181F2920D4470260BF
:1080D000201F29201C1F2920FD7E00608C382920AC
:1080E000D1470260D747026007B50A4816F000FE84
:1080F00060B10423084A0749009301231268074826
:1081000000F030FF002003B05DF804FB6FF01200B8
:10811000F9E700BFFCFD0160300B02602C05026036
:1081200010B54468A3604023C4E9001242680821E6
:10813000D36402F15803D16202F1500113630023AA
:10814000146853631364116153611362C2F8D03031
:10815000C2E90E33C2E91133C2E90633C2E9093379
:10816000A36823B19B6C13B1044920469847A368C8
:108170009B6A0BB120469847002010BD81810060AA
:108180002DE9F74304460D4683685B6C03B19847BD
:10819000A3685B6B0BBB4FF0000905F13008EA6C7C
:1081A00001A940460FF009FF0746002836D0A36812
:1081B00001999B693BB3024620469847064628B37F
:1081C000314640460FF019FFB7424FF00109E6D0A3
:1081D000D5E901310020984703E020469847002860
:1081E000D9D1A3685B6A63BB05F11007EA6A01A9EC
:1081F00038460FF036FF064650BB204610F039F9DE
:10820000C5F8D0602FE06FF05706D9E70146404629
:108210000FF0F3FEB9F1000FE3D0D9E71648036879
:1082200013F0060F03D0154A022110F023F8A368BB
:108230009B69002BEED001220DF1030120469847E7
:10824000E8E7204698470028CED103B0BDE8F08388
:10825000A36801995B695BB10246204698470146D5
:1082600038460FF01DFF0120D5E901319847ECE7B2
:108270006FF05701F4E700BFFC092920394902607B
:1082800010B581680446183101F062F9A1682046F2
:10829000024A1831BDE8104001F000B97C49026083
:1082A00038B583680446D3F87832DB071DD4C0693B
:1082B00011F002F8606803685B689847054620B9CA
:1082C000E06811F0CDF9A3681D75A3685B6C13B16C
:1082D000294620469847A368002217F0FFFCC3F800
:1082E0002023034B185801F077FF6FF00F05ECE7E0
:1082F00008000000014910F05AB900BF7B45026038
:10830000F7B5044680680D46D0F878325A0705D58F
:10831000002110F074F9E06811F074F9E368DB688B
:1083200073B9002D3BD0A66806F15607384610F009
:108330004BF9002835D0394606F5AB70FAF734F81A
:10834000A2680DF106032946E068563211F05DF986
:1083500058B9A06800F5AB715630FAF725F8A06857
:10836000563010F031F9ADF80600204610F070FDDF
:10837000A368D3F874329B0603D50B49606910F0EB
:1083800016F9204600F018FFA268BDF80630204616
:10839000A2F85230A268A2F8503010F0BFFC03B02F
:1083A000F0BD86F85601CBE7900602602DE9F04F4C
:1083B000A7B004465422002111A817F030FA002378
:1083C0002046CDE90533A3685633029310F047FDEC
:1083D000204610F08CFC10B96069FFF78BFFA06895
:1083E00014220021002618304FF0FF3717F017FA3B
:1083F000204610F023FCA168E068B246B1F8502096
:108400000DF144085631B3463546B14611F034F902
:10841000204611F0B3F90396DDE90532012A6DD04B
:10842000132B6ED85FBBBBF1000F0AD0204611F0B2
:10843000C6F9A268142311A956320DEB030010F0FF
:108440007CFAB9F1000F0CD099F81130FE2B08D14D
:10845000059B26AA02EB830252F8542C0AB1013381
:108460000593A068059D436A002B40F0B680CEB10D
:10847000C3699E422DD000F118050D9624E0022319
:10848000029A414606A810F058FAD8F80420069936
:108490000346029231B101290AD148B16D4A204602
:1084A00010F08EFD6FF00705284627B0BDE8F08F6D
:1084B000059B002B34D0D8F8000001F069F898B182
:1084C00066B1A5680D9618350CAE0FCE0FC5336892
:1084D0002B6020460125FFF7D3FEE5E75E4A012128
:1084E000204610F06DFDDDE7059BCBB1D8F80020EC
:1084F0002946204601F0F0F9022809D1059B132BEB
:1085000091D9069B022B8ED1544B0121544AC6E7C8
:10851000032805D0059B4FF0010B013305937BE742
:10852000039B33B907AAD8F80010484610F0FCFAAC
:10853000054608F10408013F9DB3EB68BBF1000F4D
:1085400008D0F3B1204610F08AFC204610F0E6FB7C
:10855000444AC4E7ABB1A368AE46DDF814A003F10A
:10856000180CBEE80F00ACE80F00DEF80030CCF8C5
:108570000030AB682BB96B7CFE2B04BF2F7C07F15E
:10858000FF37D5F804C0BCF1000F08D0AE460CAEE2
:10859000BEE80F000FC6DEF8003033606646A9461D
:1085A00003E0059B53B101230393069B17B9022BEC
:1085B0007FF432AF059B013305932DE7A368DB6A97
:1085C00013B1DB68002BEED1274B0121274A20464F
:1085D0000093119B10F0F4FCE5E790F82830A5EB30
:1085E0000A05BBB190F829104FF6FF72FF2918BF9A
:1085F0000A469D4202D313449D420BD9836901214F
:108600001B4A204610F0DCFC20466FF01505FFF7F2
:1086100037FE49E701210FF0E7FFA06800F543703E
:1086200010F006F8A36811AA29465B6A204602EBFF
:108630008A0298470546A0684FF0FF324FF0FF339B
:1086400000F543700FF09BFF0021A0680FF0CCFFF6
:108650002AE700BF8A4902609E490260FF49026022
:1086600098320260BC490260EB490260DA35026070
:10867000234A026010B50222836804461A75836893
:108680009B6CBBB90FF052FF8368D3F87832DB04E0
:108690000BD50321084B094A10F092FCA0686FF437
:1086A000805100F51E700FF05BFF2046BDE81040C2
:1086B00000F0D6BE10BD00BF3E4A02605F460260B9
:1086C0002DE9F04F04468068B1B0012100F51E701D
:1086D0000FF037FFA3681B7D022B20D100230993E5
:1086E000A36860689E6C03681D6909AB0EB3102215
:1086F0001BA9A847099B93B10121A0680FF074FF43
:10870000099A1BA92046B0470021A0680FF06CFF12
:10871000A3689B6C002BE3D12046FFF7ABFFA0685A
:108720006FF0010100F51E7031B0BDE8F04F0FF0A1
:1087300017BF01220DF12301A847099B002BEED0A2
:108740009DF923209DF82310002AA368C8DB5A7DD9
:10875000032A00F29882DFE812F0040085029C02EE
:1087600096020D297CD00A2958D0B3F8782209291D
:108770006FF3CA02A3F87822A06800F086803DD883
:108780000029ADD0082900F0FC810346D3F87422FB
:108790009207A5D501391629A2D801A252F821F0D5
:1087A000358D0060BD8B0060C58B0060B58B0060AF
:1087B000298D0060E38B0060E1860060E186006047
:1087C000E1860060E1860060EB8B0060F38B006067
:1087D000E18600601D8C0060E1860060278C0060EF
:1087E000E1860060E1860060E1860060E18600606D
:1087F0002B8C0060E1860060558C00601B2941D005
:108800007F2900F0CA81A1F1200203465E2ABDD86B
:1088100001210FF0F4FE9DF82310B9E0D3F878227F
:10882000C2F3C7022AB1D3F87822C2F3C7020A2AD8
:10883000ACD1B3F8782261F3CA02A3F87822A56814
:10884000B5F85010C1B928460FF0D9FEE06810F015
:10885000D9FE6069FFF74EFD2046FFF70BFF3FE7AB
:10886000D3F87822C2F3C702002AE2D0D3F87822E4
:10887000C2F3C7020D2ADBE72046FFF797FDC5F8D4
:108880002403E9E7012343752AE7D0F874329B07F4
:108890007FF526AF01210FF0B2FEA068B0F850308E
:1088A000FF2B3FF41DAFB0F8522000F1560100F548
:1088B000AB70002516F08BFFA3681BA90BA8B3F8BB
:1088C0005220134483F856511423A26802F5AB7268
:1088D00010F033F80B9914293FF602AF30AB03EBDD
:1088E000810343F8545CA368B3F85220002A53D0A4
:1088F000134493F85530202B02D0093B042B4BD85E
:1089000000294CD100250A9530AA0A9B002602EBCB
:108910008303B346B04653F854AC374650460FF085
:1089200053FE814616AA3946284600F0A3FB0346AB
:10893000002840D1012EA76865D130AA0A9B02EB1E
:10894000830353F8540C0FF03FFE07F1180206465C
:108950004146284600F08EFB056828460FF034FE9D
:10896000864205D0821BA919204692B210F06FFBF7
:10897000A068B0F85230034493F85630202B31D021
:10898000093B042B2ED9D0F87432DF072FD42021D5
:10899000204600F02DFDA3E60129B3D901390020BE
:1089A0000CAB1BAA00930AAB019010F0E9F8054646
:1089B0000028A9D194E61B684A46514618460393FD
:1089C00016F059FF60B9039B1846F9F7F5FC5845B6
:1089D00038BF5846002E08BFB84601361FFA80FB44
:1089E00001379FE70121204610F0CCF978E60021FD
:1089F0000FF00FFE2021204600F0FAFC0121A068B4
:108A00000FF007FE6CE604907FF66AAE30AB0A9A70
:108A1000C14603EB820252F8543C184603930FF010
:108A2000D3FD049B0590A7F840300496A268494600
:108A3000284609F10109183200F01CFB039BD0F80D
:108A400000A04BB1BAF1000F06D0059A1946504666
:108A500016F011FF0028E9D1A168BAF1000F4ED13C
:108A6000A1F840A0049B013B0493DFD1606908F1A9
:108A7000010AFFF73FFC204600F0F2FC30AA0A9BF7
:108A800002EB830353F8540C0FF09EFD414611AAEC
:108A90008146284600F0EEFA0746A068FF223968B2
:108AA00000F5AB7016F0F9FE3B684FF6FF770393C5
:108AB000B84616AA514628460AF1010B00F0DAFA28
:108AC000002852D0A1680022036801F2551111F864
:108AD00001EF985C704503D110B101324245F6D1E7
:108AE000B9F1000F01D04A4507DBBA4206F1FF3663
:108AF000A8BF3A46012E97B237D0DA46D9E799484F
:108B000006910FF061FD069900EB0B074A8FBFB28B
:108B10000791121A504692FBF7F292B206920FF0AA
:108B200053FD07993F1A069AB1F84000BFB200F111
:108B3000010CA1F840C0B0FBF2F102FB110080B2C1
:108B400060B9884B0621884A2046CDF800A010F075
:108B500037FA3946204600F019FB83E75346834A2B
:108B60000621204610F02CFAF3E7002F3FF4B8ADB1
:108B7000A7EB09020399204692B2494410F067FA24
:108B8000AEE5D0F874329E077FF5AAAD01210FF053
:108B900036FD204610F07CFAA2E5D0F874329D072D
:108BA0007FF59EAD01210FF02AFDA368D3F8743242
:108BB0001907EED4204610F04CFA91E5204610F04B
:108BC00057F98DE5204610F04AF9204610F08FF84D
:108BD00010B96069FFF78EFB0121A0680FF00FFD4F
:108BE0003AE6204610F04DF97AE5204610F054F9A7
:108BF00076E5D3F874329B0603D55D4960690FF0C2
:108C0000D6FCA368D3F874329F0603D5594960692E
:108C10000FF0CDFC204600F023FC61E5002120464A
:108C2000FFF76EFB5CE50121F9E7204610F010F933
:108C300020460FF07BFC0121A0680FF0E0FCA36848
:108C4000D3F874329E067FF54BAD4B4960690FF047
:108C5000AEFC45E5204600F029FB0121A0680FF09D
:108C6000CEFC3DE55B2902D102225A7538E5D3F8E6
:108C700074329D0706D5622907D14FF0FF31204697
:108C800010F0A8F8A3680022EFE76629FAD10121C5
:108C9000F5E700225A75A268D2F8743298077FF57A
:108CA0001FADA1F131031B2B3FF61AAD01A151F805
:108CB00023F000BF318D00603D8D0060518D00605C
:108CC000258D0060E1860060E1860060E18600603D
:108CD000E1860060E1860060E1860060E186006078
:108CE000E1860060E1860060E1860060E186006068
:108CF000E1860060278C00601D8C0060E38B0060C3
:108D0000BD8B0060E1860060298D0060E186006017
:108D1000358D0060E1860060E1860060E1860060DC
:108D2000418D006003235375204610F098F8D7E476
:108D300003235375204610F08BF8D1E403235375B9
:108D4000A068D0F8741201F0010181F0010157E62A
:108D500003235375A368D3F874329B077FF5C0AC27
:108D600028E700BF036D0260824A02605F4602602E
:108D7000950602609A060260900602602DE9F041B5
:108D800004468068154600F51E70002937D04FF460
:108D900080410FF0D6FBA3680021DD6460680368A2
:108DA0009B68984700284BD120460FF067FC0028AD
:108DB00046D1244E244FDFF89880A06800F52F702C
:108DC0004FF0FF324FF0FF3303210BF09DFD0546BE
:108DD000A0684FF0FF324FF0FF3300F543709DB1B4
:108DE0000FF0CDFB20462B46184A012110F0E8F881
:108DF000A068BDE8F04100F543700FF019BC6FF4B6
:108E000080410FF0ADFBC6E70FF0B9FB32460221FF
:108E100020460FF0B6FB3A46294620460FF0B1FB3C
:108E20002046424601210FF0ACFB606803685B6995
:108E300003B19847A06800F543700FF0F9FBBCE759
:108E4000BDE8F081A1820060C1860060884A0260AE
:108E50003586016010B504460A490FF094FC0A49B2
:108E600020460FF090FC204608490FF08CFC20466D
:108E700007490FF088FC2046064A002100F00EFB4F
:108E8000002010BD9F4A0260DD4A02603C4B026038
:108E9000904B02602A4C0260F8B51E4617460A46FF
:108EA000294904460FF06FFC3EB301253A78274963
:108EB00020460FF068FC6A0703D1254920460FF0D1
:108EC00062FCAE421ED97A5D204620490FF05BFC61
:108ED0000135102DEFD11F4920460FF054FCB6B9D3
:108EE00001251B4920460FF04EFCAE422B4610D800
:108EF000174920460FF047FC15E00125164920468A
:108F00000FF041FC144920460FF03DFCE0E700253E
:108F10002B46FA5C20461149A2F120035F2B28BFA3
:108F20002E220FF030FC0135102D06D06B07DCD15E
:108F3000074920460FF027FCD7E720460849BDE83F
:108F4000F8400FF020BC00BF404C0260D6410260E8
:108F5000046D0260DC410260026D0260674C0260D9
:108F6000474C02602DE9F04304468068884689B08A
:108F7000D0F8201315461F46002960D14FF44A72DD
:108F800016F04DFCE06810F0DFFBA06800F54370C0
:108F90004FF42F794FF41F7615F0B2FFA0683044DC
:108FA00016F0EEFBA0680022012183191036484418
:108FB00009F1140916F0BBFBB6F52F7FEED1A369BA
:108FC000002602211E6066F38205A06800F51E706F
:108FD0000FF0B7FAA368502220465A871822A368D8
:108FE0001A8721680FF0F9FBA368164A4146C3F8B7
:108FF0007452606803681D682346A8470546D0B9C7
:10900000A36801221A75D4E90A01002200230495FD
:109010000094CDE906230E234FF480420393109B66
:10902000CDE90173084B0AF04BFEA368C3F8200397
:10903000616A0AF071FD284609B0BDE8F0836FF05F
:109040007705F8E7D58501607D8D006010B5044691
:1090500013460A460146064801F0C4FC23691B7901
:1090600023B12046BDE810400FF007BC10BD00BF83
:109070009388016038B50B46154648B91449154A1E
:10908000521AB3EB920F05D251F82350284638BD3F
:1090900084680CB90025F9E70F4A94420AD30F4AB5
:1090A000944207D218462268294690472B68002B25
:1090B000ECD1EFE70A4A944202D30A4A944205D31C
:1090C000246814225343E518E358F0E70133F8E726
:1090D0005C05026088050260640602606406026046
:1090E0008805026064060260F7B516460278002320
:1090F00004462D2A019305D16FF01503002033603B
:1091000003B0F0BD0C4F16F0E9FD05460A46C35109
:1091100001A920460BF03EFDEB59222B02D16FF046
:109120002103EBE7002BE7D1019BA342E4D01B789E
:10913000002BE5D0E0E700BF0C0000008368D3F807
:1091400074329B0603D5024940690FF0B1BD7047E8
:10915000A006026001490FF0ABBD00BF7B45026075
:109160000A1E0DDC0ED042238168D1F874128906E4
:1091700008D5002A04494069B8BF52420FF098BD93
:109180004123F1E7704700BF634C02600A1E0DDC0B
:109190000ED044238168D1F87412890608D5002ABC
:1091A00004494069B8BF52420FF082BD4323F1E742
:1091B000704700BF634C02602DE9F04785680446A4
:1091C000DFF8689005F15600F9F7F6F8002386B24B
:1091D00095F83C709846A268558FED1BB54209DBA7
:1091E000002E1FDD563360690F491A44BDE8F04771
:1091F0000FF05EBD1D44563349462A4492F856A0EE
:1092000082F85680A26860691A440FF051FDA36885
:109210002B4483F856A0A3685B8FDB1B0027F61A4C
:109220002B46D8E7BDE8F0875F46026098320260BF
:1092300008290A4617D8836893F83E10914212D045
:1092400083F83E20082A8368D3F8743205D0990643
:1092500009D5054940690FF02BBD9B0603D503498D
:1092600040690FF025BD70476A4C0260A506026098
:1092700038B50D4609780446FFF7DAFF6A78072A01
:1092800011D8A36893F83F1091420CD083F83F2087
:10929000A368D3F874329B0605D560690249BDE81E
:1092A00038400FF005BD38BD734C0260F8B58368D7
:1092B0000446B3F85020002A55D0B3F852100029C4
:1092C00051D0553103F156050B441846A84206D338
:1092D000014611F80169202E3CD0A8423CD286B24A
:1092E000471C9DB2AB1B9BB2591CD21A0144384695
:1092F00016F07BFAA268711B2046B2F8503013FAC0
:1093000081F309B2A2F85030A368B3F85020134497
:10931000002283F856200FF035FDA368D3F874328D
:109320009A0603D5104960690FF0C2FC3B460F4A0C
:10933000082120460FF044FE2046FFF7FFFEA368F9
:10934000D3F874329B060ED560690949BDE8F84030
:109350000FF0AEBC0846B9E7014611F80169202EAE
:10936000BDD00846B9E7F8BDAA0602605F460260B4
:10937000AE0602602DE9F04104460D4617460AB1DB
:10938000FFF7DCFEA368B3F85220D3F8741256320C
:1093900013444A0721D51846DFF85080F9F70CF836
:1093A0000646A6B9A368B3F85020A3F85220A068D7
:1093B0000FF08BFC20B107B115B16069FFF7CAFE51
:1093C0006942204609B2BDE8F0410FF0DBBC4146DE
:1093D0006069013E0FF06CFCE3E7034A0821204678
:1093E0000FF0EEFDDEE700BF5F4602602F57026020
:1093F00013B5836804468DF80710D3F87422D0079C
:1094000025D5B3F85210B3F850208A421FD0481C1B
:109410009DF80720A3F852000B4483F85620A36858
:10942000D3F87412890710D5D3F87432606913F039
:10943000040F0A4918BF2A220FF03AFC20460FF009
:1094400056FC10B16069FFF785FE02B010BD012225
:109450000DF1070120460FF0C0FDF6E7674C0260F2
:1094600010B504468368094A02210FF0A9FDA368DC
:10947000D3F874329B0707D52046FFF79DFE2046A0
:10948000BDE810400FF059BC10BD00BF5F46026040
:1094900001490FF086BF00BF7B4502602DE9F04F08
:1094A0000E46002189B0044617460D4603AA3046F1
:1094B00001F10108FFF7DEFDB0B995B127B13A46D9
:1094C000082120460FF07CFD00211E4FDFF8789028
:1094D000DFF878A003AA304601F10108FFF7CAFDC2
:1094E00060B909B0BDE8F08F006810B1F8F764FF0B
:1094F00080B28542414638BF0546D7E703688BB145
:109500001A787AB1D0F804B04A4608212046CDE94D
:1095100000533B460FF054FDBBF1000F04D16069CE
:10952000FFF7B6FF4146D5E7524620463B460821A5
:109530000FF046FDAA1D5946204692B20FF03EFF9D
:10954000F0E700BF914C02607C4C0260F83802608A
:10955000F7B50F6805460E46A7B13846F8F72CFF59
:1095600084B2094B2846094A082100933B460FF074
:1095700027FDE21C7168284692B203B0BDE8F040B6
:109580000FF01CBF3C46ECE78D4C0260834A026042
:1095900010B507490446F8F7FDFE38B105492046E5
:1095A000F8F7F8FEB0FA80F0400910BD0120FCE7A2
:1095B000834C0260864C026010B583680446D3F881
:1095C00074329B0603D5064940690FF06EFFA3680D
:1095D000502200205A871822A3681A8710BD00BFA6
:1095E000B206026008B5836902491A680FF0CBF829
:1095F000002008BD944C02602DE9F3410E49054658
:109600000E4C0FF0C0F80E4E0022DFF83880B44246
:1096100002F1010703D3002002B0BDE8F081636AC4
:1096200092B2414628460093303454F8283C0FF05B
:10963000AAF83A46EBE700BFA44C02602C05026092
:109640005C050260BC4C0260024908B50FF0C5F829
:10965000002008BD7C45026073B5044600250D4E10
:10966000A2680DF106030121E06802F5AB720FF06C
:10967000CCFFBDF80600A36840B12A4603F5AB73E2
:109680003146204601350FF07EF8E9E783F85601B0
:1096900002B070BDCD4C026010B504460FF0DFF88B
:1096A0000349024620460FF06EF8002010BD00BFAF
:1096B000CD470260022907B50BD153680C490093CE
:1096C0000C4B12680FF07BF86FF0150003B05DF8DB
:1096D00004FB8368084AD3F87432084913F0020F78
:1096E000074B18BF1A460FF04EF80020EEE700BFF8
:1096F000EC4C0260D74C0260205D0260F54C0260C9
:10970000BD3F026010B583680446D3F874329A06F0
:1097100003D5074940690FF0C8FEA368D3F8743237
:109720009B0603D5034960690FF0BFFE002010BD02
:10973000B9060260BE0602600129F0B5044685B094
:109740000AD053685E4900935E4B12680FF037F8F9
:109750006FF0150005B0F0BD8368D3F87432990638
:1097600003D5594940690FF0A0FE6FF0F90120467A
:10977000FFF7F6FCFA2120460025FFF707FDA06859
:109780004FF48072294600F5AB708DF80B504FF402
:109790007A7616F044F84D4960690FF086FE6069EC
:1097A0000FF06BF8606801220DF10B0103681F696F
:1097B00003ABB847039BEBB9013E4FF47A7015F049
:1097C00087FAB6B2002EEDD1A368D3F874329B06A7
:1097D00003D53F4960690FF068FEA3685022204618
:1097E0003C495A871822A3681A870EF0DAFF6FF0F7
:1097F0000700AFE79DF80B20A3681B2A52D093F80F
:1098000056111B29CED1522A4CD15A19002382F865
:109810005631A66896F857215B2A2AD106F25710CE
:10982000022510F8011F2A4601353B29ADB223D18C
:10983000FF2AC9D002F5AB7216FA82F1002211F8A4
:10984000010F18BBFA2A86F85601A16828BFFA2230
:10985000FA2B4A8728BFFA23A2681387A368D3F894
:1098600074329A0603D51A4960690FF01EFE002073
:1098700070E786F85631A7E703EB83033039B5F577
:10988000807F01EB43018BB2CBD19DE7013502EB29
:1098900082023038ADB200EB4200B5F5807F82B273
:1098A000CDD191E72B440135ADB283F85621092D76
:1098B0007FF678AFA368002283F8562184E700BFC3
:1098C000EC4C0260D74C0260C4060260404D02605E
:1098D000C8060260064D02602DE9F04F074689B0C8
:1098E0001546894621B110460FF034FF00285BD1A0
:1098F000032455E05C463CE029460AF5AB7015F0C0
:10990000E8FF0646002854D0F8F756FD314682B2EB
:10991000601C08F101080132304415F066FF224650
:109920005946304615F053FF4FF020033355BAF82F
:10993000543001331C44AAF85440002401994B1CB4
:1099400003AA48460193FFF795FB0646E8B10022BB
:109950003168284610F0BAF80028EFD1D6F800B0E8
:10996000D7F808A0BBF1000FC4D05846F8F724FD83
:1099700084B2BAF854302344FF2BBDDD01242B46BA
:109980000D4A032138460FF01BFBB8F1000F07D03A
:10999000B8682A4600F1540100F5AB700FF09DF84D
:1099A000204609B0BDE8F08F4FF000080224414680
:1099B000C5E70224E9E700BF025202602DE9F04F3B
:1099C00083B081460C4600AF002900F0CE80724D76
:1099D0002B68580736D06E468AB0A3686A46D1E92C
:1099E0000001DFF8D0C14FF00508C2E905C0C2E9A7
:1099F000071342F8108F00234FF421512846FDF73A
:109A000005FC2B68B54659071CD08AB06369D4E9B8
:109A100003016A46DFF8A0C1C2E90713C2E905C025
:109A200042F8108F00234FF421512846FDF7EEFB3A
:109A30002B68B5465A0705D0E369584A01212846E4
:109A40000EF021FCA0460026DFF870A14FF00A0BB3
:109A50002B685B071FD0C7F804D08EB0D8E908E0A8
:109A6000D8E90A136A46C2F81CE006F1010EC2E901
:109A700008E0B01CC2E90A01F11CC2E905A6C2E96E
:109A80000C1342F810BF002345F240014248FDF795
:109A9000BDFBD7F804D0043608F11008102ED7D13A
:109AA0002B68580705D0236E3D4A01213A480EF035
:109AB000EAFBA66E2B68002E45D0590755D0E84624
:109AC0008AB0B3686A46D6E90001DFF8F4C04FF007
:109AD000050AC2E905C0C2E9071342F810AF002326
:109AE0004FF421512C48FDF791FB2B68C5465A07CE
:109AF0003BD08AB07369D6E903016A46DFF8C4C077
:109B0000C2E90713C2E905C042F810AF00234FF4C1
:109B100021512148FDF77AFB2B68C5465B0724D00D
:109B20008AB0336AD6E906016A461E4EC2E90713B7
:109B3000C2E9056042F810AF00234FF421511648E6
:109B4000FDF764FBC5462B6858070ED0236F012133
:109B5000154A11480EF097FB2B68590705D0A369E9
:109B6000124A01210C480EF08EFBB9F1010F0AD107
:109B7000EFF3058308480268520704D00C4A103BF3
:109B800049460EF080FB2146484609F0B5F90C37EE
:109B9000BD46BDE8F08F00BFEC092920B25202603B
:109BA0000453026071530260A0530260B25302601A
:109BB000E05302605452026083520260C15202605C
:109BC000135302604253026030BFFFF7FDBF00BF76
:109BD0002DE9F0410B4E0546DFF83080324606EBAA
:109BE0000807CC1B0849204615F0F1FDA019083CD8
:109BF0004246002115F013FE07F10800C5F8A84001
:109C0000BDE8F0810000000064060260080000006A
:109C1000074A936893F90E10002907DB9269934273
:109C200004D0044A536843F080535360704700BF28
:109C3000FC26292000ED00E0F8B5374C06460D461D
:109C400023685B0703D0354920460FF0E2FD344B13
:109C50009B6ADF0451D52368580703D031492E4849
:109C60000FF0D7FD17202E4B9B6A190507D52368E7
:109C70005A0703D02C4928480FF0CBFD1820284F55
:109C8000BB6A9B0519D52368580703D0274922488A
:109C90000FF0BFFDBB6BBA6A11040DD522685207E5
:109CA00004D0234A01211C480EF0EDFA26B11C4ACB
:109CB000936A23F4004393621920194B9B6A5B0556
:109CC00007D523685F0703D01A4913480FF0A1FD99
:109CD0001A20134B9A6AD60511D52368590703D069
:109CE00015490D480FF095FD1B200D4A936A43F46A
:109CF0007F43936200232B70F8BD1620B3E79B6A65
:109D00009A04F2D523685B0703D00C4902480FF090
:109D100080FD1C20E9E700BFEC092920F353026015
:109D200000ED00E0095402601A5402602D540260F4
:109D3000465402605B540260765402608E540260A6
:109D400010B52D4C23685A0703D02C4920460FF03C
:109D500060FD2B4B9B6A9B014BD52368580703D0B2
:109D6000284925480FF055FD1E20254B9B6AD90137
:109D700007D523685A0703D023491F480FF049FD30
:109D80001F201F4B9B6A1B0307D52368580703D06E
:109D90001E4919480FF03DFD2120194B9B6A5903BC
:109DA00007D523685A0703D0194913480FF031FD2E
:109DB0002220134B9B6A9B0307D52368590703D0C6
:109DC00014490D480FF025FD23200D4B9B6ADA0343
:109DD00007D523685B0703D00F4907480FF019FD2B
:109DE0002420074A936A6FEA03436FEA134393629E
:109DF00010BD1D20B9E700BFEC092920BD54026049
:109E000000ED00E0D5540260E854026002550260A3
:109E100020550260455502605F5502602DE9F0470C
:109E2000454D8946804617462B68590703D043495C
:109E300028460FF0EEFC424B9B6ADA0639D52B68B8
:109E40005B0703D03F493C480FF0E3FC11243C4B37
:109E50009B6A1E0707D52B68580703D03A49364836
:109E60000FF0D7FC1224DFF8D8A0DAF828309907D1
:109E700021D52B685A0703D034492F480FF0C9FC6D
:109E8000DAF83460DAF828301B0651D52B685C0705
:109E900005D02F4A3346012127480EF0F4F9B9F1D5
:109EA000000F04D0264A936A23F0800393621324A0
:109EB00003E01024CBE76FF01506214B9B6AD8070F
:109EC00007D52B68590703D022491B480FF0A1FC86
:109ED00014241B4B9B6A9A0607D52B685B0703D09B
:109EE0001D4915480FF095FC1524154B9A6AD506A7
:109EF00002D49A6A90070AD55B68190507D54146CE
:109F0000304600F0D9FA10B180F3098802240C4BD6
:109F10009A6A920603D55A6A22F400525A629A6AE1
:109F2000204642F0FF029A6200233B70BDE8F087B2
:109F30006FF01506BBE700BFEC0929208A550260C7
:109F400000ED00E0A05502601A540260D355026093
:109F5000EB550260015602608E5402602DE9F04F0D
:109F60009A469FB0734B81460D465C6800AF9046A1
:109F70000026C4F3080B86F31188BFF36F8F02F03D
:109F80007F43B3F17F4F0AD102F00C03082B16D1A7
:109F9000694803685A0702D068490FF03AFC002666
:109FA00035460023FB70ABF10303092B00F29C80C4
:109FB000DFE803F00B8E918A9A9A9A9A9A9412F09B
:109FC000080F04BF05460126EBE75B4C23685B07DF
:109FD00003D05B4920460FF01CFC0023FB70554B5F
:109FE000DA6A900708D52368590703D055495248C3
:109FF0000FF00FFC00243CE0DA6A002A04DA236840
:10A000005A07F7D05049F2E7DB6A5B00F2D52368C4
:10A01000580703D04D4948480FF0FBFB454BA96951
:10A020005A6942F480725A61BFF34F8FBFF36F8F4A
:10A030005A6931F8021C22F480725A61BFF34F8FC3
:10A04000BFF36F8F4DF60272914208D09A6AD2B276
:10A050006AB3FA1C01212846FFF7E0FE36E02368C8
:10A06000590705D02B683A4A012133480EF00BF905
:10A070002C68FB78BBB968222946381D15F0A7FB70
:10A080003B6AC7F87480C7E91BA9002E4CD0C3F304
:10A09000080222B96FEA53236FEA43233B62391D5A
:10A0A0002046FFF78BFC7C37BD46BDE8F08F9A6AEF
:10A0B00012F47F4F04D0F91C0120FFF7BDFD05E02D
:10A0C0009B6AB3F5803F95D3FFF73AFE0446D0E78D
:10A0D000FA1C0021BFE7F91C0020EEE716480368D0
:10A0E0005A0787D01B4983E7134803685B0781D071
:10A0F00014F4F87F184A6C468AB0184B18BF134600
:10A100006A461749C2E90513ABF11003D3614FF456
:10A1100000731384134B42F8103F00234FF4115186
:10A12000FDF774F8A54665E723F4FF7323F00103F8
:10A13000B4E700BF00ED00E0EC0929204E560260B4
:10A140007956026090560260B1560260BF560260B6
:10A15000DE560260FA5602603556026020560260F2
:10A160001E57026004000001044B5A6942F01002BD
:10A170005A615A6922F008025A61704700ED00E006
:10A18000EFF30880EFF3098101B506B42DE9F00F74
:10A190006B467246FFF7E2FE0AB001BDFCF798FC81
:10A1A000102080F311880B484FF0AA014FF404628D
:10A1B00014F0C9FD07484FF40461401880F3098882
:10A1C000EFF314800221084380F31488BFF36F8FEC
:10A1D00000F0D4F8008A2920084B9B6883420BD1F9
:10A1E000EFF3058343B1064B5A6842F080525A6040
:10A1F0005A6A22F400425A6215F0AFB8FC262920B0
:10A2000000ED00E00A4A6FF00A019368C3F8B0104D
:10A210000849C3F8AC004B6843F080534B600023FF
:10A2200083F31188BFF36F8F9368D3F8B000704742
:10A23000FC26292000ED00E025498A6882F8F5E037
:10A240004FF030001044EFF3098C80E8F01F1EF04F
:10A25000100F03D102F1B40080EC108A102080F3BB
:10A260001288BFF36F8F1B4F4FF000668A698A60B8
:10A270003E604FF0A80414192068174C206092F932
:10A28000F5E0D2F8AC000023C2F8AC3080F31188BE
:10A290001EF0100F03D00023E1EE103A03E002F1AC
:10A2A000B40090EC108AEFF3148323F0040383F3DB
:10A2B0001488BFF36F8F04B5104600F0E7F9BDE8CE
:10A2C000044002F1300090E8F01F8CF309887047D9
:10A2D000FC26292004ED00E0AC2229201EF0040F0A
:10A2E0000CBFEFF30880EFF30980816911F8021CBD
:10A2F0000229FFD001B5EFF3098106B42DE9F00F73
:10A30000694672460FF06BFA0AB001BD00B2002830
:10A3100007DB0123410900F01F00024A834042F895
:10A320002130704700E100E000B200280CDB430957
:10A33000012200F01F0005492033824041F823200C
:10A34000BFF34F8FBFF36F8F704700BF00E100E096
:10A3500000B2013100284FEA0111C9B206DB00F159
:10A36000604000F5614080F80013704700F00F0076
:10A37000014B1954704700BF14ED00E0154A08B5B1
:10A3800022F07F02144B9A60BFF34F8FBFF36F8FA1
:10A39000D3F8882022F47002C3F88820D3F88820EC
:10A3A00042F4A002C3F888204FF04042C3F83422A0
:10A3B000BFF34F8FBFF36F8F0023E1EE103A08F029
:10A3C0009BFE0AF085F800F0EFF80FF03EFA08F077
:10A3D000E5FE00BF0020006000ED00E0017B890782
:10A3E00009D5D0F898104031C0F89810D0F89C10DA
:10A3F0004039C0F89C1042F8203C203A009B0D499F
:10A400005360019B21F001019360029B9161D36035
:10A410004FF08073D36100230265C0F8AC30037B3A
:10A4200013F0020F4FF6085308BF4FF47D43C0F8F6
:10A43000F43070478D690060037B13F0020F1D4BF1
:10A4400003D190F8F520D2061BD45A6B42F080421B
:10A450005A63D0F8F43019070DD443F00803C0F85C
:10A46000F430D0F898304033C0F89830D0F89C30B1
:10A47000403BC0F89C30037B43F002030373802011
:10A4800070475A6B22F080425A63D0F8F4301A07B2
:10A4900001D44020704723F00803C0F8F430D0F80E
:10A4A0009830403BC0F89830D0F89C304033C0F82A
:10A4B0009C30EEE700EF00E00D4A03469068A8B13B
:10A4C000D0F8F420D0F8980012F0080F0CBF40220A
:10A4D000802213F1160F04D0821A9A4205D88342C3
:10A4E00003D2814228BF002070470020704700BF80
:10A4F000FC262920104B9B6883421AD1EFF305807C
:10A50000B8B9EFF31181102282F31288BFF36F8F75
:10A510001A7B22F002021A73EFF3148323F0040370
:10A5200083F31488BFF36F8F81F31188BFF36F8FAC
:10A5300070476FF015007047FC26292015460E461F
:10A54000002208B5E1EE102AEFF3148222F0040293
:10A5500082F31488BFF36F8FBFF36F8F0B4A0C4BDE
:10A560009060D0F8A8201A6000F090F82C4686F38E
:10A5700009884FF00000074B984720464FF0000134
:10A580004FF000024FF00003034C2047FC26292027
:10A59000AC222920239801608D690060014B1022B4
:10A5A0001A61704700ED00E0002304481021C21832
:10A5B0000133A02B82F80013F9D1704700E100E0CD
:10A5C00008B5EFF30583064A103B02EBC30152F8CE
:10A5D000330049688847BDE80840FFF719BB00BF52
:10A5E00014FF0160154A70B5536913F4803323D109
:10A5F000C2F88430BFF34F8FD2F8803043F6E07456
:10A60000C3F3C900C3F34E335B0103EA04060146FA
:10A6100046EA81750139C2F86052F9D2203B13F144
:10A62000200FF2D1BFF34F8F536943F4803353614E
:10A63000BFF34F8FBFF36F8F70BD00BF00ED00E021
:10A640000B4B5A6912F4003211D1BFF34F8FBFF395
:10A650006F8FC3F85022BFF34F8FBFF36F8F5A69CC
:10A6600042F400325A61BFF34F8FBFF36F8F7047D0
:10A6700000ED00E0024B0221024A034800F096B8C8
:10A6800000002C2000002820940E026010B5044623
:10A69000FFF7D2FE03460648D4F898200121D21ACB
:10A6A000C0E90023034B8360BDE8104000F088B888
:10A6B000B022292000000B1508B503461148D0F838
:10A6C0009020C2F30722013A93420AD90E48026849
:10A6D000520703D00D4A01210DF0D5FD6FF0150092
:10A6E00008BDC0F898300A6822F01F021A4342F0F1
:10A6F0001002C0F89C208A6842F00102C0F8A02035
:10A700001846EDE700ED00E0E0092920355702602A
:10A71000F0B50E4685B01F4604460025B54210DA56
:10A72000606828B3AFB1431E18420DD012480368C9
:10A730005B0704D0114A2B4601210DF0A4FD6FF0F8
:10A740001502104605B0F0BD1F28EFD921680B4255
:10A75000ECD1236801A901930FF078F8A3680343B3
:10A76000D0B20393FFF7A8FF10F1160FE7D0421CF9
:10A7700001350C34D2E700BFE00929205B570260A5
:10A78000044B0522C3F89420BFF34F8FBFF36F8FA4
:10A79000704700BF00ED00E0BFF35F8F024B002267
:10A7A000C3F89420704700BF00ED00E010B5034CE3
:10A7B00001232278FFF7ACFF207010BDAD382920AF
:10A7C0000B4A08B500231278FFF7A2FF10F1160F0D
:10A7D00007D0084A0021D2F89030C3F307239842EB
:10A7E00000DB08BDC2F898000130C2F8A010F2E703
:10A7F000AD38292000ED00E06A496B482DE9F043AF
:10A80000D1F8903085B00268C3F307239A4200F272
:10A81000C580FFF7C1FF4B69DB031ED50023C1F8DC
:10A820008430BFF34F8FD1F8803043F6E075C3F327
:10A83000C904C3F34E335B0103EA0507224647EA26
:10A840008276013AC1F87462F9D2203B13F1200FED
:10A85000F2D1BFF34F8FBFF36F8FD0E900410022D9
:10A860005048A24201F10C011AD1504C6846002513
:10A870004F4F2270FCF784FFDFF838810646DFF87F
:10A880003891AE421FD1237800204649D1F890205C
:10A89000C2F3072293427BDB0020FFF771FF4CE0FD
:10A8A000C0F8982051F80C3C23F01F0313430132E9
:10A8B00043F01003C0F89C3051F8043C43F001030E
:10A8C000C0F8A030CDE700984FEA051C00EB051159
:10A8D000CB683B40B3F5000F44D00AD8B3F5001F56
:10A8E0002ED0B3F5800F34D0B3F5801F10D00135D2
:10A8F000C7E7B3F1807F3ED0B3F1007FF7D150F8C6
:10A900000C3088680EF0A2FF4A6840F4802009E00D
:10A9100050F80C3088680EF099FF40F088504A6873
:10A9200040F43020039001A92078CDE90123FFF7FE
:10A93000C3FE002828DA6FF0150005B0BDE8F083EB
:10A9400050F80C3088680EF081FF4A6840EA080031
:10A95000E8E750F80C3088680EF078FF4A6840EA63
:10A960000900DFE750F80C3088680EF06FFF4A6886
:10A9700040F08270D6E750F80C3088680EF066FF21
:10A980004A6840F08870CDE7237801332370AEE742
:10A99000C1F898300133C1F8A00077E74FF0FF30DD
:10A9A000CBE700BF00ED00E0200A0260AD382920AF
:10A9B0000000F0FF000008110000020708B5024B7C
:10A9C0001B689847002008BDBC222920034B044A7D
:10A9D0001860937843F0020393707047BC222920DB
:10A9E00090032920F0B587B007460E461446002193
:10A9F000102268461D4614F012FF02232A46214603
:10AA00008DF802306846044BCDE9047601930AF0D4
:10AA1000C3F907B0F0BD00BF6D9801600649074853
:10AA200021F00701C1F1005208B502F530120CF017
:10AA3000C4FF002008BD00BF57092A20C0222920DA
:10AA400008B500F0B7F80A4901220023416109491D
:10AA50000361C0E900220A6007490A60074A1360DF
:10AA6000074A1360074AC0E90233136008BD00BFFC
:10AA70007C450260BC032920B8032920D422292068
:10AA8000D0222920CC2229202DE9F04107460E466C
:10AA9000154600F08FF8C36804461BB943691A785D
:10AAA000002A41D10023E3606368BB4256F82320AB
:10AAB00008DB324B6361204600F062F84FF0FF3054
:10AAC000BDE8F081511C616192F80080B8F12D0F52
:10AAD000EFD1911C616151782D29A16004D1927848
:10AAE0006AB901336360E4E749B9244B414628461B
:10AAF000636114F0B3FE0028DDD0C4F80880D4F8F8
:10AB000008802846414614F0A9FEB8F13A0F63695F
:10AB100000D070B91B7813B96368013363602046B5
:10AB200000F02EF83F20CBE75A1C42611B7883606F
:10AB3000E5E742783A2A0BD0002222611B7813B94C
:10AB4000636801336360204600F01AF8A068B7E735
:10AB500018786268094928B901329742626004DDB9
:10AB600056F82230C4E90431EAE7616120462D78C5
:10AB70003A2DD5D100F004F82846A1E77C450260C3
:10AB80000268074B1A604268064B1A608268064BDF
:10AB90001A60C268054B1A600269054B1A6070475B
:10ABA000BC032920B8032920D4222920D02229201F
:10ABB000CC22292000487047A003292070B54169A4
:10ABC0000446867A0A4D59B1437ADB0706D42C2312
:10ABD00003FB06535B6A1B689B689847002363610D
:10ABE0002C20214606FB0050BDE8704014F02BBA23
:10ABF000380B29202C22024B02FB0030704700BF8B
:10AC0000380B2920827A2C21054B01FB02339A6AEA
:10AC10001B7F801A1B3323F00303B0FBF3F0704754
:10AC2000380B292038B52C24827A064B04FB0233DA
:10AC30005B6AD3E901240C601568FFF7E3FF04FBAE
:10AC4000005038BD380B29202DE9F04F85B005465E
:10AC500090461C46684691469B46039114F0DDFBE6
:10AC6000DDE90067EFF3118A102383F31288BFF345
:10AC70006F8F6B8B002B42D02A8B9A4226D90022F1
:10AC80000023284608F0D4FC0446F8B18AF3118862
:10AC9000BFF36F8F039B002B58D032463B4668466C
:10ACA00014F0DFFBA27A2C21314B204601FB02334A
:10ACB00003A95B6A1B681D68DDE90023A847606182
:10ACC000002844D12046FFF779FF3AE0698B4B1EFC
:10ACD0006B838AF31188BFF36F8F2B7F2A8B1B3313
:10ACE000AC6A521A23F0030302FB0344204B214AAF
:10ACF000EB1A9B105343A3722B7FE372CAE78AF3CC
:10AD00001188BFF36F8F54EA08040FD01A4B14F068
:10AD1000E5FF1A58194B9A420BD11948036813F0F2
:10AD2000060F03D0174A02210DF0A4FA4FF00009D4
:10AD3000CB464A465B46284608F07AFC0446002883
:10AD4000A8D10024204605B0BDE8F08F636101233F
:10AD50000025E27A04F1180023812946039B6560EF
:10AD6000638214F05CFD63692582E360EAE700BF5B
:10AD7000380B2920A38B2EBA08000000601C292064
:10AD8000E40929208557026070B50C4C2C2500B9C8
:10AD900070BD037A4668013BDBB20372002BF7D12A
:10ADA000C3604360837A05FB03431B6A13B1984772
:10ADB0003046ECE7FFF702FFFAE700BF380B292027
:10ADC000084B0246596811B11968884207D0D86803
:10ADD00030B1996804488A4218BF0020704718466D
:10ADE000704700BFD8222920E022292002460B46C6
:10ADF000014808F055BB00BFDC0A2920014808F0D3
:10AE0000C7BB00BFDC0A29202DE9F74F8246084660
:10AE10000F469046F7F7D0FA4FF0FF3183464FF0D8
:10AE2000FF30FFF7E3FF1B4B4FF000091C684E4655
:10AE30009C4208BF00245B685CB9FFF7DFFF36B3B4
:10AE4000CAF80060B8F1000F1DD1002003B0BDE8C2
:10AE5000F08FA569A94512D8AB4510D3012D03D9B0
:10AE60007A5D2F2A00D052B92A46E168384601930C
:10AE700014F001FD0028019B04BFA94626469C4210
:10AE8000DBD02468D8E7B369C8F80030DDE76FF09D
:10AE90000100DBE7C00329202DE9F74380469146F6
:10AEA0000D4639B10846F7F787FA012802D92B7801
:10AEB0002F2B0CD03A4803685A0702D039490EF0BC
:10AEC0006AFE6FF01504204603B0BDE8F083D8F8A1
:10AED0000420002A5DD1294601A8FFF795FF041E32
:10AEE00007DA2F4803685B07EDD02F490EF053FEB9
:10AEF000E9E7019E96F820309F0702D519F0120F5E
:10AF00004AD1F3691A68C2B119F0400719D019F093
:10AF1000020F09D1224803685C0702D023490EF0D2
:10AF20003AFE6FF00C04CEE75B694BB91C4803682E
:10AF3000590702D01E490EF02EFE6FF08504C2E7BD
:10AF40000127C8F804604A46F369294640461B6851
:10AF50009847041E0BDA124803685A0703D02246AA
:10AF600014490EF013FE0023C8F80430ABE788F84C
:10AF70000890002FA7D0F369002140465B699847ED
:10AF8000041EA0DA064803685B07ECD022460A4993
:10AF9000E7E76FF00F0496E76FF01D0493E700BF3B
:10AFA000CC092920C4570260D8570260F0570260CC
:10AFB0001E5802603E5802605358026038B544681B
:10AFC00005466CB1E369DB697BB19847041E09DA79
:10AFD000074803685B0703D0224606490EF0D6FDFA
:10AFE000204638BD00236B60FAE76FF08504F7E771
:10AFF000CC0929206F58026010B543687BB1DB692A
:10B000005B687BB19847041E07DA084803685B0752
:10B0100003D0224606490EF0B9FD204610BD6FF060
:10B020000804FAE76FF08504F7E700BFCC09292090
:10B030008558026010B543687BB1DB69DB687BB182
:10B040009847041E07DA084803685B0703D02246C6
:10B0500006490EF09BFD204610BD6FF00804FAE78C
:10B060006FF08504F7E700BFCC0929209A580260E9
:10B0700073B50E46054630B1F7F79EF9012802D99F
:10B080002B782F2B0BD0194803685C0702D0184986
:10B090000EF081FD6FF01504204602B070BD002255
:10B0A000294601A8FFF7B0FE041E07DA0F4803681F
:10B0B0005907F1D00F490EF06EFDEDE70198C36915
:10B0C0001B6C83B1324629469847821C0446E3D064
:10B0D0000028E1DA054803685B07DDD0224606490F
:10B0E0000EF054FDD8E76FF08504D5E7CC09292090
:10B0F000AF580260D8570260CA5802602DE9F84381
:10B10000044600AF08B1C6684EB9564803685A07EE
:10B1100002D055490EF03FFD6FF015050AE00568B5
:10B1200065B1504803685B0702D050490EF033FD0B
:10B130006FF00F052846BD46BDE8F8833046F7F7A7
:10B140003BF90128804602D933782F2B05D045489A
:10B1500003685E07E0D04649DCE7464E4FF0FF301B
:10B160004FF0FF31FFF742FE3368D6F80490B34248
:10B1700018BF1D469DB9A5682846FFF721FE20B1DE
:10B18000D0F80490B9F1000F2CD136480368590764
:10B1900002D039490EF0FFFC6FF001050FE0AB69FA
:10B1A00043451BD122692B699A420BD12D48036874
:10B1B0005D0702D02D490EF0EEFC6FF00F05FFF792
:10B1C0001DFEB7E74246E968E06814F054FB28B971
:10B1D000244803685C07F0D02849ECE74D45CAD005
:10B1E0002D68C7E7D9F82C3053B91E4803685A07B1
:10B1F00003D02A4622490EF0C9FC6FF08505DEE730
:10B20000D9F83030BBB91748026812F0060F12D0D7
:10B210006D4688B0E1686A46DFF870C0C2E905C1D2
:10B220004FF400719183174942F8101F4FF4E45115
:10B23000FBF7ECFFAD46D9F82C3020469847051EA9
:10B2400008DA084803685B07B9D02A460E490EF0B1
:10B250009DFCB4E77368C4E90689C4E900631C6017
:10B260007460ACE7CC092920EB58026009590260F0
:10B2700027590260C00329205A5902603D590260D3
:10B280008659026003000001CC590260AB5902608C
:10B2900038B504460D464FF0FF304FF0FF31FFF751
:10B2A000A5FD2046FFF78CFD08B143687BB90B4B29
:10B2B0005A6812B1DA686AB9012243F8324003EBE6
:10B2C000C20300245D60FFF799FD204638BD6FF092
:10B2D0007704F8E76FF01B04F5E700BFD8222920B8
:10B2E0001328DABF024B18566FF00400704700BFF6
:10B2F0001A5A026001490020FFF7CABFB80E026067
:10B3000030B50122C168ADF5057D044611440069E0
:10B3100005F016FC0D2819D194F820309A0722D494
:10B32000DB071AD4124B6D460FCB85E80F00E0689F
:10B330004FF4007304AA2946013005F029FC60B9D6
:10B34000E16801222069114405F0FAFB28B994F85C
:10B35000203043F0080384F820300DF5057DBDE86A
:10B360003040FFF7BDBF6FF01D000DF5057D30BD0E
:10B370007806026038B50446006812F099FA05466E
:10B380002168044813F064FD2846BDE83840FFF703
:10B39000A7BF00BF440A292073B5002206460D4608
:10B3A000002301A90F4807F08BFF0446B0B9019BA9
:10B3B00001465022184614F032FA691C306012F02F
:10B3C00033FA054620B10199064813F041FD346077
:10B3D000284602B0BDE87040FFF782BF6FF00B0057
:10B3E00002B070BD440A292038B50446006812F046
:10B3F0001FF905462168054813F02AFD0023284659
:10B400002360BDE83840FFF76BBF00BF600A29200A
:10B41000F7B5002306460D46174601A9002211483C
:10B4200007F04EFF0446C0B9019B01465022184662
:10B4300014F0F5F9691C07F01302306011F0A6FD55
:10B44000054620B10199074813F002FD34602846F3
:10B4500003B0BDE8F040FFF743BF6FF00B0003B04F
:10B46000F0BD00BF600A292037B50022C16805463B
:10B47000013110468DF8072005F062FB044670B1DB
:10B48000144803685A0704D0134A234601210CF0DC
:10B49000FAFE204603B0BDE83040FFF721BF2B691C
:10B4A0000DF107020521587806F0EEF9044660B167
:10B4B000084803685B0704D0084A234601210CF0C2
:10B4C000E2FE042C03D8064B185703B030BD6FF0D2
:10B4D0000400FAE7CC092920E3590260F759026019
:10B4E000155A026000232DE9F0414360022304460F
:10B4F00000F10408037240F20113438190F83730E1
:10B50000D90719D413F0020F0CBF03260226F6B296
:10B51000012741462068667367720EF044FC0546B9
:10B5200060B1174803685A0703D0164A39460EF02F
:10B5300041FC2846BDE8F0810126E8E7206B0EF0CB
:10B540006DFC02234146206863720EF02CFC054618
:10B550000028E6D1A4F86E002674206B0EF05EFC85
:10B56000094B4146206863600EF01DFC054600282B
:10B57000DFD0034803685B07DBD0044AD6E700BF8F
:10B58000F40929202E5A0260801A0600545A0260DB
:10B590002DE9F0410C26224FDFF89080054601206E
:10B5A0000EF03CFC013E16D11D48036803F0070372
:10B5B000022B03D91B4A03210EF0FCFB28680EF076
:10B5C00034FC044618BB284600F0C8FC041E18BF13
:10B5D0006FF085041BE028680EF027FC0446C8B114
:10B5E0003B685A0704D04246012138460EF0E2FB80
:10B5F000012CD7D014F1740FD6D0002CE3D008481A
:10B6000003685B0703D0084A01210EF0D3FB2046F4
:10B61000BDE8F08128460EF0D1FB0446E8E700BF04
:10B62000F4092920815A0260B25A02606E5A0260FF
:10B63000F8B50D46002865D041F8280B83689B6952
:10B64000BBB198470446B0B905F11406304613F073
:10B6500057FC0446B8B943F698220023304607F059
:10B660001FFF044688B12948036859070BD0284AB0
:10B6700006E06FF05704254803685D0703D0254AAC
:10B6800001210EF097FB2046F8BD2846FFF72AFF60
:10B69000044618B130460EF08FFBF4E72846FFF75A
:10B6A00077FF032804461DD10127284685F86C70D2
:10B6B000FFF718FF044640B1144803685A07E9D061
:10B6C000154A39460EF076FBE4E72846FFF760FF9F
:10B6D000044678B10D4B1B685B07DBD00F4A012194
:10B6E0000A48EFE730B130460EF066FB012385F8DB
:10B6F0006C30C8E70223304685F86C30BDE8F8406E
:10B700000EF05ABB6FF01204BDE700BFF409292008
:10B71000F55A0260C65A0260205B0260395B026023
:10B7200070B505460E4C28680EF0AFFB78B90C26B4
:10B73000013E04D1A4F5F414A4F5906407E0284672
:10B740000EF0CBFB0128F3D048B17430F2D07D3C31
:10B750007D2013F0BDFA002CE5DC6FF00F0070BD0A
:10B760008096980030B5012B054691B04FF0110C32
:10B77000B5F86E400CBF112012200393A40742F2CB
:10B7800010730790B5F8680048BF1446059107A9E3
:10B7900058BF00FB02F4069308940324CDE90DC4BE
:10B7A000C824CDE9012001AA28680F940EF05FFBA0
:10B7B000044658B10E4803685A0704D00D4A234680
:10B7C00001210CF060FD204611B030BD2846FFF786
:10B7D000A7FF04460028F6D0054803685B0703D09E
:10B7E000054A01210EF058FB6FF07304EBE700BF30
:10B7F000F4092920635B0260805B02602DE9F0415F
:10B80000B0F86E308AB005469A060AD43748036805
:10B8100013F0060F03D0364A02210EF03DFB002440
:10B820004DE000220B2301A90068CDE9013201237C
:10B83000CDE90732C82309930EF019FB044600280E
:10B840003DD1079B012B04D12A4C039B1C40002CAB
:10B8500035D128680EF019FB38B32E460023D5F8F1
:10B86000048046F8043F314628680EF007FB044682
:10B8700028BB0327314628686F730EF0FFFA044691
:10B88000E8B90A200EF024FB31462868C5F8048088
:10B890000EF0F4FA0446B0B1144803685B070ED00A
:10B8A000154A01210EF0F8FA09E001200EF010FB14
:10B8B00028680EF0EAFA0028CFD16FF00A0420467B
:10B8C0000AB0BDE8F08101200EF002FB28680EF0FE
:10B8D000DCFA0028F1D105482F74036803F0070350
:10B8E000022B9CD9054A394697E700BFF409292065
:10B8F000A35B02600880F9FDDB5B0260F65B02601F
:10B9000000B507238BB00022019301A9B0F8623083
:10B9100000681B0402930123CDE90732C823099371
:10B920000EF0A5FA28B9079B012B02BF0248039B22
:10B9300018400BB05DF804FB0880F9FD10B5372303
:10B940008AB0002209040193112304460291006881
:10B9500001A9CDE90732C82309930EF088FAF0B99E
:10B96000079B012B10D1039B0E4A1A4062B10E486F
:10B97000026812F0060F03D00C4A02210CF083FC7F
:10B980006FF004000AB010BD94F84C30002BF9D1D0
:10B99000039B13F0200F08BF6FF08500F2E7012032
:10B9A000F0E700BF0880F9FDF4092920165C026069
:10B9B000012B2DE9F0411D46A0B00CBF182319231F
:10B9C000044611270E93C826B0F8683042F210786A
:10B9D000B0F86E0006910EA980071696049554BF24
:10B9E00002FB03F01046CDF81C800F900320CDE938
:10B9F0000223CDE9147002AA20680EF038FA00285C
:10BA000036D02046FFF78CFE78BBB4F86210204693
:10BA1000FFF794FF48BB16230421089008AA1F963D
:10BA2000CDE917300123CDE9091304F1900317A9DB
:10BA3000CDE91D702068CDE90C380EF018FAA0B9D8
:10BA40001D9B012B03D11248199B184068B911485E
:10BA5000D4F890300268520705D00F4A1BBA012172
:10BA600000950CF01AFC6FF0040020B0BDE8F081E6
:10BA70002046FFF755FE0028F7D0064803685B070D
:10BA800003D0064A01210EF007FA6FF07300ECE7CD
:10BA90000880F9FDF4092920455C0260805B0260A2
:10BAA0002DE9F74F91469A461A44436E05460F46D4
:10BAB0009A427CD890F86D30012B0ED13D48036836
:10BAC00013F0060F03D03C4A02210EF0E5F96FF0A7
:10BAD0008504204603B0BDE8F08F00F11408374A12
:10BAE0000023404607F0DCFC064658B131480368A5
:10BAF00013F0060F03D0324A02210EF0CDF96FF099
:10BB00000F04E6E7B80743D0B5F86820B2F5007F28
:10BB10000DD928480368590703D02A4A01210EF09D
:10BB2000BBF940466FF068040EF0D0F9D1E74FF44E
:10BB30000073B3FBF2FB05F190030193B24504D807
:10BB4000404600240EF0C2F9C3E75B4609EB06024B
:10BB500001992846FFF706FE044658B115480368C8
:10BB60005A0703D0184A01210EF096F940460EF00C
:10BB7000ADF9AEE7B5F86820384601995E440BFB95
:10BB800002F213F024FEB5F868200BFB0277D5E72C
:10BB900053464A4639462846FFF7E4FD0446002846
:10BBA000CED0044803685B07E0D0084ADBE76FF0BB
:10BBB00015048EE7F4092920675C0260A086010065
:10BBC0008A5C0260A65C0260EA5C0260F75C02606C
:10BBD0002DE9F74F91469A461A44436E05460F46A3
:10BBE0009A4277D890F86D30012B0ED13B4803680C
:10BBF00013F0060F03D03A4A02210EF04DF96FF010
:10BC00008504204603B0BDE8F08F00F11408354AE2
:10BC10000023404607F044FC064658B12F4803680D
:10BC200013F0060F03D0304A02210EF035F96FF001
:10BC30000F04E6E7B90743D0B5F86820B2F5007FF6
:10BC40000DD9264803685A0703D0284A01210EF06F
:10BC500023F940466FF068040EF038F9D1E74FF44D
:10BC60000073B3FBF2FB05F190030193B24504D8D6
:10BC7000404600240EF02AF9C3E7B5F8682039469B
:10BC800001980BFB02F213F0A2FD5B4609EB0602E2
:10BC900001992846FFF78CFE044658B10F48036807
:10BCA0005B0703D0124A01210EF0F6F840460EF071
:10BCB0000DF9A6E7B5F868205E440BFB0277D5E7DF
:10BCC00053464A4639462846FFF772FE0446002886
:10BCD000CED0E3E76FF0150493E700BFF409292005
:10BCE000675C0260A08601008A5C0260A65C02605C
:10BCF000EA5C02602DE9F04105460E46174600F168
:10BD00001408214A0023404607F0CAFB044658B1F4
:10BD10001E48036813F0060F03D01D4A02210EF0DF
:10BD2000BBF82046BDE8F081711E062928D8DFE85F
:10BD300001F0040A270A0D2712006B6E3B60404693
:10BD40000EF0C4F8EDE7B5F86830F7E72846FFF7DE
:10BD5000E7FC0446F3E72846FFF7E2FC002808DA90
:10BD60000A48036813F0060F03D00A4A02210EF0B6
:10BD700093F80123291D28686B720EF07FF8E8E71D
:10BD80006FF08504DBE700BFA0860100F4092920DD
:10BD90008A5C0260085D026010B58AB0044600212A
:10BDA000242201A813F03BFDB4F862102046FFF7EF
:10BDB000C5FDD8B90623024601A9019301230793C3
:10BDC000C823CDE908030223206802930EF01EF970
:10BDD00060B9079B012B03D10548039B184028B984
:10BDE00004232068E118A3720EF017F90AB010BD01
:10BDF0000880F9FD70B529238AB0002504460E4657
:10BE0000CDE9013114230793C823CDE9085300215C
:10BE10002046FFF793FD012815D060B9024601A91D
:10BE200020680EF0F3F830B92EB194F84C20039B43
:10BE30001AB1DA0703D40AB070BD002B12DB6420FC
:10BE4000002108F049FA0135B5F57A7FDFD10648BF
:10BE500003685B0703D0054A01210EF0E5F86FF097
:10BE60007300E8E72365E6E7F4092920245D026012
:10BE7000F7B5B0F86E200446876A920690F86B30EA
:10BE800045D590F83810C1F3C000C1F30002024359
:10BE9000C1F34000C1F3800102430A4394F8371014
:10BEA00012EA910233D094F84C2082BBA26D9742E3
:10BEB00028BF1746042B20D8DFE803F027252303EB
:10BEC0003200062604F1900201210092002220682F
:10BED0000EF0E8F8054688B994F8A03094F86B2085
:10BEE00003F00F039A421FD01948036813F0060F9E
:10BEF00003D0184A02210EF097F80025284603B017
:10BF0000F0BD0526DEE70426DCE70326DAE7626DEE
:10BF1000974228BF17462BB1012BEED10226D1E75D
:10BF20000726CFE70126CDE72146E67241F8047FD8
:10BF300020680EF072F805460028DED00448036839
:10BF40005B07DBD0044A01210EF06EF8D6E700BF94
:10BF5000F40929203F5D02605D5D02602DE9F0413A
:10BF6000002192B00446FFF745FF0546002856D150
:10BF7000B4F86E5094F8373015F0080584F86D0069
:10BF80001EBFC3F380052D0645F080459F0748BFBF
:10BF900045F40035642012F09BFE45F44011204624
:10BFA000FFF728FF054640B1A94803685E0736D071
:10BFB000A84A01210EF038F831E0236D5D0042BF40
:10BFC000B4F86E2042F00202A4F86E20D80142BFFD
:10BFD000B4F86E2042F02002A4F86E20990342BF0C
:10BFE000B4F86E3043F04003A4F86E30B4F86E300D
:10BFF0009A0618D594F837305B0714D594F84C504E
:10C000008DB92046FFF7FAFB68B194F8373065F335
:10C010008203032584F83730012384F86C302846E6
:10C0200012B0BDE8F08120460DF0CCFF0546002897
:10C03000F5D194F84C30DBB120460DF08CFF05466D
:10C040000028ECD194F84C30CBB1A36A824A9342D9
:10C050001CD9824B214641F8043F20680DF0DDFFDA
:10C060000546F8B17A4803685F07D8D07C4AA0E754
:10C0700020460DF0B1FF05460028DDD0CFE7204671
:10C08000FFF73EFC05460028DFD0C8E7704802688D
:10C0900002F00702022A03D9724A03210CF0F3F8D6
:10C0A000A36AD7E7242201460DEB020013F0B7FB89
:10C0B0002946182203A813F0B2FBB4F862102046F8
:10C0C000FFF73CFC05460028A9D13323082604F1DC
:10C0D000900703AA09A90797CDE9093011230F9307
:10C0E000C823CDE9100301232068CDE9046342F29F
:10C0F000107308930DF08AFF054600288FD1D4F8FD
:10C1000090100ABA11F4000F01F00F03D2B205D15A
:10C11000012B67D0022B05D1042305E0012B61D050
:10C12000022B61D013B9012384F86A30480542BF5D
:10C13000B4F86E3043F00403A4F86E30D10742BF68
:10C14000B4F86E3043F48073A4F86E30930742BFA6
:10C15000B4F86E3043F08003A4F86E3094F84C309D
:10C160006BB994F86A20012A40D83948036803F073
:10C170000703022B03D93C4A03210DF055FFB4F805
:10C180006E108E0640F1098194F83820C2F3C00089
:10C19000C2F300030343C2F34000C2F3800203432F
:10C1A000134394F8372013EA920300F0F68094F8D2
:10C1B0004C30002B40F0F1802046FFF7EDFD80462B
:10C1C000002867D0224803685C0703D0274A012172
:10C1D0000DF02AFF46461E4803685B0700F02081E9
:10C1E000234A53E002239FE733469DE700971A4610
:10C1F000194620680DF056FF0646002840D194F8F5
:10C200009D201C4B12F002000CBF0021194616079E
:10C210001AD4D60607D4560718D420B912F0010F45
:10C220000E4B08BF0023C4E9151394F86A30072B9E
:10C23000A5D994F8993084F85C2084F85D3094F89E
:10C24000973084F85E309AE70B4BECE70B4BEAE74C
:10C25000F40929207D5D02603F787D0140787D01F1
:10C26000CB5D0260965D0260F25D0260335E02604B
:10C27000945E026080F0FA0200D4650C00E1F505DE
:10C28000724803685F0700F0CB80714A01210DF00E
:10C29000CBFEC5E020460DF0C9FE94F83830990673
:10C2A00025D494F86B30023B022B32D92046FFF79D
:10C2B000DFFD064600288ED194F86B30023B022B3E
:10C2C0003FF6ADAE206883681B69002B62D09847AB
:10C2D000064600283FF4A3AE5C4803685A073FF4C3
:10C2E0007AAF5C4A334601210BF0CDFF73E794F837
:10C2F0005D305A07D5D5042301212373022300970B
:10C300001A4620680DF0CEFE064600287FF463AF83
:10C31000C7E7A36CB3F5487F2AD394F85E301B07B8
:10C320002FD494F85E305E072ED494F85E309807D0
:10C330002DD494F85E30D907B8D500975FFA88F30A
:10C340000322012120680DF0ADFE064600287FF48F
:10C3500042AF94F89F30B8EB131FA7D03B48036857
:10C3600013F0060FA2D03C4A02210DF05DFE9DE7BE
:10C37000B3F5167FD5D2B3F5C87FD6D2C72B95D9E2
:10C38000D7E74FF00308D8E74FF00208D5E74FF0A2
:10C390000108D2E76FF057069EE711F002061ED1A2
:10C3A000314618220BA8D4F800804FF4007713F020
:10C3B00036FA1023324609A94046CDE90937112340
:10C3C0000F93C82311930DF021FE064628B11F4894
:10C3D00003685F0724D0214A58E7A4F8687094F8EE
:10C3E00036309E067FF51BAE94F86A30012B7FF63F
:10C3F00016AE636D002B3FF412AE20460DF016FE14
:10C40000FFF736FD064668B1104803685C0707D0A1
:10C41000134A01210DF008FE0C4803685B0713D195
:10C420003546FCE5B4F86E3059077FF5F8AD204687
:10C43000FFF7B2FC064600283FF4F1AD034803685D
:10C440005A07EDD0074AE4E7074A1FE7F409292015
:10C45000155E02607F5E02605D5E0260A95E026042
:10C46000CA5E0260335E0260955E026038B50446C3
:10C4700007F058FE20460DF050FEA06900B394F876
:10C480006030DA0711D51948036813F0060F03D09E
:10C49000174A02210DF03FFE6FF07705201D0DF0C9
:10C4A00043FE07F053FE284638BD12F021FC50B978
:10C4B0000E4803685B0703D00E4A01210DF02BFEE6
:10C4C0006FF01205EAE7204601F0C6F8054600289D
:10C4D000E4D10146282204F1200013F0A0F994F8D9
:10C4E000603043F0010384F86030D7E72C0A29203C
:10C4F000EB5E0260155F026038B505460DF00DFE7B
:10C5000095F86030D9070FD41D48036813F0060F63
:10C5100003D01C4A02210DF0FEFD4FF0FF34281D10
:10C520000DF002FE204638BD9A070BD5144803686B
:10C5300013F0060F03D0144A02210DF0ECFD6FF04A
:10C540007704ECE7A8690EF08DFC044640B10C4876
:10C5500003685B07E3D00D4A01210DF0DCFDDEE747
:10C5600028460DF008FF044618B1A8690EF0A7FC94
:10C57000D5E795F8603043F0020385F86030CEE7E8
:10C580002C0A2920385F02605E5F0260845F0260CF
:10C590002DE9F04190F8203005460E4603F01F03C8
:10C5A000012B1FD0022B05D01BBB90F821100DF0E2
:10C5B0006BFF03E090F8241001F03AFC0446C0B190
:10C5C000E98C05F1200795F820000DF0B1FE024638
:10C5D000606883685AB19B685BB132463946BDE8F2
:10C5E000F041184790F824100DF035FFE6E7DB68BE
:10C5F000F2E7044B6FF0850213F070FB1A50002035
:10C60000BDE8F0810C0000002DE9F0431E4685B026
:10C610000746884614460DF089FD05468EB138461A
:10C620000DF089FD012809D0364B6FF0850213F01B
:10C6300055FB1A50002005B0BDE8F083B5FA85F52A
:10C640006D09013429463846E2B20DF0AEFE81464E
:10C6500048B92D4803685B07E6D02C4A23460121E0
:10C660000BF011FEE0E744684EB1206801AB616851
:10C6700003C3227A01AC1A7007238DF8053008F144
:10C680000C0630460DF07AFA2278824203D9304601
:10C690000DF074FA0246214630460DF04DFAD9F8F5
:10C6A0000C90B9F1000F09D1B8F81010FB8C994229
:10C6B000C0D9C91A30460DF05AFABBE7D9F80400C0
:10C6C00083681B6B13B9D9F80090EAE729469847AD
:10C6D0000028F8D0041F54F8043F002BF3D01B7837
:10C6E000002BF0D030460DF049FA23681A788242C8
:10C6F00003D930460DF042FA82B2216830460DF07F
:10C700001BFAE8E70C0000001C0A2920B35F026056
:10C710002DE9F04F97B0894E0D4604460B7E02AFCF
:10C72000316833F0800901F007017A610CD021B142
:10C73000834A012130460DF0D6FD6FF004094846CA
:10C740005437BD46BDE8F08F78696A7E08B310F1B2
:10C750000C0F1ED012F0010F1BD1024671320AD10C
:10C76000022904D9774A032130460BF08CFD284674
:10C77000FEF70AFBE3E731B17A6901213046009206
:10C78000714A0BF08AFD2846FEF7FEFAD7F814909E
:10C79000D5E702291DD9E8468CB002F0010CC2F39E
:10C7A0004000C2F38001B5F810E002AADFF8B4A19E
:10C7B000D162C2E9073E0823C2E905A5C2E909C062
:10C7C00042F8103F002344F2C0015C48FAF71EFD16
:10C7D000C5466B7E13F0010A00F0FC842A7E002A15
:10C7E00040F0F88404F12003FB602B8A072B13D957
:10C7F000EA68136823625368FA685360D5F80490B6
:10C80000E18CB9F1000F1DD133685B070CD04F4AA2
:10C8100001214A480DF067FD3368580704D04C4A9F
:10C82000012146480DF05FFD2846FEF7ADFAE28C87
:10C8300094F82030A06912B1DB0900F05085802106
:10C8400000F053BD94F820000DF072FD18B399F874
:10C85000193051B113F0020326D132685207E3D0E8
:10C86000E84688B002AA3B4909E013F004031BD153
:10C8700032685007D8D0E84688B002AA3649C2E9E3
:10C880000519032142F8101F4FF4C2512B48FAF743
:10C89000BDFCC546C0E721B933685907C4D02F4A4B
:10C8A000B6E799F81930D5E7294600200DF032F99E
:10C8B000804640B933685907B9D0244A01211F483E
:10C8C0000DF011FDB3E794F82090002313F006FA61
:10C8D000234D19F0600F4351C9F3411307D0032BC7
:10C8E00040F08A826FF0850313F0F8F951E0B4F854
:10C8F00026B0484659460DF01BFD94F8213000281B
:10C9000000F01982013B0A2BECD801A252F823F067
:10C9100071CB0060E5C800609BCC0060E5C800609A
:10C9200069C90060E5C80060E5C80060E5C800604E
:10C9300079CA0060E5C8006011CB00601C0A29209C
:10C94000D95F0260FA5F02601F600260826002606D
:10C95000E5600260A4600260B3600260C4600260CF
:10C960000C0000004E600260A069618C03697F29A1
:10C97000D3F88030B6D8BBF1000FB3D119F01F0F38
:10C98000B0D194F82C20022A4ED14FF0FF3313F08F
:10C99000A5F92B504FF00009336803F00703022B71
:10C9A0001CD9944A032194480DF09DFC336803F090
:10C9B0000703022B12D9EA4688B002AA8F4B5361B3
:10C9C0008F4B93614FF4007393838E4B42F8103F6B
:10C9D0008D49FB688848FAF719FCD54613F07EF9B3
:10C9E0002B58863309D1336803F00703022B16D97D
:10C9F000864A032180480DF076FC13F06FF92B581E
:10CA000001330CD1336803F00703022B40F2748426
:10CA100094F82C307E4A032177480BF034FCB9F1AE
:10CA2000000F00F0C78014E01A0714D5C9B20DF04A
:10CA300086FC814690B133685B0705D0638C754AEC
:10CA400001216D480BF01FFC13F048F92B58002B07
:10CA5000A2D140468CE6012384F8353094F82C307E
:10CA6000012B07D1638C2BB984F82C3013F036F9E5
:10CA70002B58DEE00123F7E720460DF057FB336823
:10CA8000814603F00703022B05D9638C624A032118
:10CA900059480BF0F8FB628CFF2A3FF623AFE38C7A
:10CAA000002B7FF41FAF94F82030D8067FF41AAF24
:10CAB00094F82C30002B3FF468AF3AB1D2B249461B
:10CAC00020460DF09AFC00283FF45FAF618C94F88B
:10CAD00034308B42CAD0C9B2204601F021F88146D9
:10CAE00050B133685907AFD0638C4C4A0121009094
:10CAF00041480BF0D2FBA7E7628C05212046002AB3
:10CB000018BF4FF0020A84F82CA00DF091FDADE79C
:10CB100009F01F09B9F1010F7FF4E4AEBBF1000F7A
:10CB20007FF4E0AE628CFF2A3FF6DCAEA18CFF29D9
:10CB30003FF6D8AE94F82C30022B7FF426AFD2B259
:10CB40002046C9B201F024FB10F1020F814640F0EB
:10CB5000A381336803F00703022B04D9304A032171
:10CB600025480DF0C0FB6FF0010313F0B7F810E794
:10CB7000A38CBBF1000F7FF4B5AE94F82C20002AF3
:10CB80003FF403AF012A0FD1002B7FF4FEAE19F062
:10CB90001F090CD1638C012B0CD194F860306FF31A
:10CBA000C30384F8603005E019F01F0909D0B9F11A
:10CBB000020F0AD013F092F82B58002B3CD04046BD
:10CBC00033E6002B7FF4E1AEE4E7B4F822B0BBF12A
:10CBD000000FEFD15FFA83F92046494601F0A4FB2C
:10CBE000034613F07BF882462B5001331AD14FF0E5
:10CBF000FF39D1E6AC6102601C0A29205F46026061
:10CC0000BC61026003000001C01C8000C3610260BF
:10CC1000D1610260FC6002601E61026041610260DD
:10CC2000646102605A46494620460DF04CFB55F8B7
:10CC30000A30002B7FF4AEAE0123E18C94F8200083
:10CC4000A3620DF075FB10B309B3AC4DDFF8B092E1
:10CC5000336803F00703022B0ED9EA4688B002AA14
:10CC60000323C2E9055842F8103F00234FF4C65190
:10CC70004846FAF7CBFAD546414600200CF04AFF69
:10CC80008046002800F03E83437E5B07E0D54146A6
:10CC9000204601F0D9FA814651E5A18CBBF1000F85
:10CCA0007FF420AE638C5FFA81FB022B11D109F077
:10CCB0001F095BEA09097FF415AE0122090AA06980
:10CCC0000DF013FB00287FF40DAE012384F83530FE
:10CCD000CCE694F82C20002A3FF457AE012A0DD15F
:10CCE00000297FF452AE19F01F090AD1012B7FF4FD
:10CCF00061AF94F8603043F0080352E719F01F0960
:10CD000015D0B9F1020F7FF455AF002B7FF452AF6D
:10CD10005946204601F0E2FA034612F0DFFF824650
:10CD20002B5001333FF463AF012259467CE70029C1
:10CD30007FF42BAEDAE70A2B3FF6D4AD01A252F80E
:10CD400023F000BF71CD0060E5C80060E5C8006059
:10CD5000E5C80060E5C80060E5C80060EBCD006094
:10CD6000E5C8006057D10060E5C8006085D100606B
:10CD7000BBF1020FA18C7FF4B5AD94F82C30002BE1
:10CD80003FF403AE012B0CD100297FF4FEAD19F066
:10CD90001F0909D194F860904FEA990909F0020936
:10CDA00007E019F01F0911D0B9F1020F12D04FF0AE
:10CDB000000908F10C0A50460CF0E0FEE38C9842A2
:10CDC0000ED26FF00B0312F089FFE2E500297FF429
:10CDD000DCADDFE7C9B220460DF020FC8146E8E774
:10CDE000494650460CF0B9FE40E6628C19F01F0F20
:10CDF0004FEA1223D2B204D041462046FFF7C8FBC7
:10CE000049E0013B0E2B3FF66DAD01A151F823F037
:10CE10004DCE00608DCE0060B3CE0060E5C80060EE
:10CE2000E5C800600BD00060AFCE0060E5C80060D0
:10CE3000E5C80060E5C80060E5C80060E5C80060BE
:10CE4000E5C80060E5C800606DD0006008F10C091D
:10CE500048460CF093FE83450AD2B4F826A020463B
:10CE60000DF064F948B101287FF43CADA16E05E0F6
:10CE700048460CF083FE8246F1E7616E0A7852451F
:10CE800028BF524648460CF057FEEFE500234146C6
:10CE90002046FFF7B9FB814612F020FF2B58002BEC
:10CEA0007FF47AADB9F1000F3FF4C6AED1E50123AE
:10CEB000EDE7032120460DF06DF9834600283FF48D
:10CEC00011AD0DF0FBF9B4F826A0D8B9BBF81030BD
:10CED0003B86DBF80C301B887B8608F10C09484642
:10CEE0000CF04CFE824580F0BD80E08C97F830203D
:10CEF00007F13001824228BF0246C3E7F2610260B7
:10CF00001C0A29209BF811304FF00009DBF808209B
:10CF10007B77BE4B87F81C901340BD4A934264D187
:10CF2000102107F1200002F0E7FA002840DB07F1AA
:10CF3000200207F130014B46DFF8ECE2834201F1B9
:10CF4000020142D19B0002333B7707F1300308F125
:10CF50000C0B3B6158460CF011FE97F81C90D14524
:10CF600028BFD146484503D258460CF007FE8146FB
:10CF7000B9F1020FCA4607F11C01584628BF4FF00D
:10CF8000020A5246A9EB0A090CF0D6FDD7F810A008
:10CF90004FEA59020AEB590353452CD119F0010FFE
:10CFA0003FF464AD3B695846995C0CF0CEFD5DE5FD
:10CFB00058307FF497AC33685A073FF493AC954AE6
:10CFC000012195480DF08FF98CE412F801CB013363
:10CFD0004FEA1C190CF00F0C1EF809901EF80CC03B
:10CFE00001F8029C01F801CCA8E79BF810303B77D0
:10CFF000DBF80C30ABE71AF8011B5846C7E90132E1
:10D000000CF0ABFDD7E90132C6E720460DF08EF8F3
:10D01000D4E91932002808BF134640F20A622046BC
:10D020003A865A887A861A7987F834205A7987F8A6
:10D0300035209A7987F83620DA7987F837205B7CB3
:10D0400087F83830002387F839300DF074F801285C
:10D0500005D06FF0850312F041FE2B5006E5B4F8C1
:10D0600026A03AE748460CF089FD3FE720460DF040
:10D070005DF818B10128ECD1A36E00E0636E5B8807
:10D08000B3F5007FE5D9654B04F1480B3B63002302
:10D0900087F83430A36C9B455AD108F10C0A5046EE
:10D0A0000CF06CFDB7F83290E38C994528BF994697
:10D0B000484503D250460CF061FD814697F8302078
:10D0C00007F1300150464A4528BF4A460CF034FD6E
:10D0D000B9F1050F94BFA9EB0909A9F10509B9F147
:10D0E000000F3FF4C3ACA36C5B453FF4BFAC002B17
:10D0F0003FF4BCAC5A7C0F2A14D11A7C5046D96834
:10D100004A453B6128BF4A460CF016FD3B691A7C34
:10D110004A4594BFA9EB0209A9EB0909B9F1000F2F
:10D120003FF4A4ACE26C9A423FF4A0AC1B68DEE78B
:10D130005A7C0F2A08D11A7C798E0A447A8697F88D
:10D140003420013287F83420E26C9A42A5D01B6863
:10D15000002BEDD1A1E794F82C3094F83490002BFB
:10D160003FF413ACBBF1010F7FF4BCAB08F10C0A28
:10D1700050460CF003FDE38C9842FFF422AE494682
:10D18000504612E709F01F09B9F1010F7FF4FDAB1A
:10D1900020460DF01EF9A38C4268FF2B3FF6A2AB90
:10D1A00012799A42FFF49EAB0F2B3FF69BAB2344C0
:10D1B00093F836A0E38C012B7FF494AB08F10C09B3
:10D1C00048460CF0DBFCE38C9842FFF4FAAD514684
:10D1D0004846EAE658077FF52AAB2B7E33BBA26AA6
:10D1E0003368012A0BD103F00703022B7FF6BFAA95
:10D1F0000B4A032108480DF076F8FFF7B8BA13F090
:10D20000060F3FF4B4AA074A0221F3E700FF020029
:10D21000000302008A6102601C0A2920050F050034
:10D22000186202602D620260A8620260802B7FF4A7
:10D23000FEAA2846FDF7A8FDA36A012B336843D157
:10D2400003F00703022B04D9324A032132480DF0C0
:10D250004AF894F83530002B3FF471AA94F8213045
:10D26000052B1FD04FF0000994F82130032B14D167
:10D27000638C022B11D1A18C0022A0690D0A2946D2
:10D280000DF033F8814640B133685A0705D0234A80
:10D290002B46012120480AF0F6FF002384F83530A0
:10D2A000FFF74DBA94F82210A0690DF048F88146B6
:10D2B0000028D7D033685907D6D0638C184A01218B
:10D2C00015480AF0E0FFCFE713F0060F3FF437AA46
:10D2D000144A022110480DF006F8FFF730BA7B69B6
:10D2E00013F10C0118BF0121C9010DF014FD002339
:10D2F0008146A362FFF723BAB9F1000F3FF45FAC98
:10D30000FFF7A7BB33685B073FF491AA064AFFF714
:10D31000D5BA00BF4E6202601C0A29206662026014
:10D32000FC60026084620260FB61026000220023F4
:10D33000014805F0F3BF00BFF00A292030B589B0DD
:10D340000022002300241E491E480094CDE9062334
:10D350006FF007034FF48862CDE90334CDE901444F
:10D36000194B06F0ADFC1949164806F0D5FB184BD1
:10D3700018498B4207D3184B002018498B4210D311
:10D38000002009B030BD03F11402BFF35B8F52E8F7
:10D39000000F42E80045002DF9D11833BFF35B8F31
:10D3A000E7E703F11402BFF35B8F52E8004F42E856
:10D3B0000005002DF9D11833BFF35B8FDEE700BF06
:10D3C000807E29203817292039D40060873B0260ED
:10D3D000FC0B2920140C2920140C29202C0C2920AA
:10D3E00038B50D460CF0F5FF48B9114803685B07E6
:10D3F00007D0104A0121BDE838400AF03BBFC4689D
:10D4000004B938BD2B78032B07D0052B0CD0022B89
:10D4100008D1606883689B6902E0606883685B6923
:10D4200003B198472468EBE760688368DB69F7E736
:10D43000240A2920C26202602DE9F04F85B0DFF88E
:10D4400010827D4EDFF80C9200AF4FF0FF334FF0AB
:10D45000FF32391D404605F0BFFFFB681B69D3F85A
:10D460009C403B79072BF0D8DFE803F00A041E0D3F
:10D47000382FAFDB0022012120460DF0D9F8E4E778
:10D4800000221146F8E794F8603043F0040384F872
:10D49000603094F82C30022B03D1391D2046FFF761
:10D4A0009FFF00220321E7E794F860306FF38203C7
:10D4B00084F8603094F82C30022B03D1391D2046BB
:10D4C000FFF78EFF00220221D6E794F82C30022BC2
:10D4D000BBD1391D2046FFF783FFB6E794F86030D3
:10D4E000D4F818A06FF3820384F86030DAF81030B3
:10D4F000DAF808B0BFF35B8FD3F8A030BFF35B8FCF
:10D500009A071CD5DBF83C3050469847DBF82430AE
:10D510000021504698470546DBF840305046984772
:10D520007DB92946204600F0FBFA0546D8B132689D
:10D5300012F0070209D0414A01213F480FE04FF0A5
:10D54000FF35326812F0070206D1042120460DF0A3
:10D550006FF82A4607218FE7394A012130460AF041
:10D5600089FE0022F1E7802120460DF054F838B101
:10D5700033685B0712D0334A01212F480AF07AFE44
:10D580003368A06903F00703022B07D90DF054FCA0
:10D5900003462D4A032128480AF075FEA0690DF0C4
:10D5A0004BFCA0F1020C94F860300022DCF100008A
:10D5B0004FF0040123F0380384F82C2040EB0C00DA
:10D5C00043EA001384F8603056E7D7F808A02046F5
:10D5D0009AF818305146DAF81E205D061ED1FFF782
:10D5E00097F8054600283FF430AF33685A07B0D0AB
:10D5F0009AF81810EA468AB0BB686A461348C2E92E
:10D6000007130523C2E9050542F8103F00234FF434
:10D6100021513046F9F7FAFDD5469AE70CF02BFF79
:10D62000DFE733685B0704D001214A4630460AF041
:10D6300021FEBA6806211FE7240A29201F63026021
:10D64000F16202604B630260686302607F630260A4
:10D65000F00A2920A963026038B5024605460E4942
:10D6600080690DF050FC044648B10C4803685B0724
:10D6700003D00B4A01210AF0FDFD204638BD85F894
:10D680003400284600F0D0F904460028F5D0A869F7
:10D690000DF06CFCF1E700BF2DD30060240A2920B7
:10D6A000B96302602DE9F843012506460C462F4672
:10D6B0002068002844D065F07F025FFA85F8D2B276
:10D6C00011460CF05EFEF0B1D6F8009011464846C7
:10D6D0000CF057FE58B91C480368590704D013468C
:10D6E0001A4A01210AF0CFFD6FF0150029E022F05F
:10D6F0008002103207FA02F229EA0203336023683B
:10D7000023EA02032360414620680CF03AFEA0B1F0
:10D710003268414610460CF034FE28B90A480368C6
:10D720005B07E1D02B46DBE707FA05F122EA0102AD
:10D730003260236823EA010323600135102DB7D13D
:10D740000020BDE8F88300BF380A2920E0630260AA
:10D750002DE9F04F91B0AC4E02AF5368D4687B62B4
:10D76000002378609B463B633B62C7E90321E4B931
:10D770003B6A7A6A0933A44882F804B09BB293707A
:10D780001B0AD370036803F00703022B06D95388E2
:10D790009E4A032100935B460AF07FFDFB68DC682C
:10D7A000002C40F02481A246EEE0002360687B63F9
:10D7B00083681B6B002B00F0EF80396998470028C5
:10D7C00000F0EA8000235D46C4E90333031F7B6158
:10D7D0007B6953F8048F7B61B8F1000F02D098F891
:10D7E000003033BB33685D4503F0070340F2D1805E
:10D7F000E268022B796B42EA0102E26006D92369F2
:10D80000032100923046824A0AF047FD606883682F
:10D810009B6A002B00F0C28098478246002800F0E7
:10D82000C0803268530700F0AF807A4A0121764801
:10D83000A8E098F80130042B22D1E3687A6B1343F7
:10D84000E36098F80330002B40F08780012288F8CD
:10D8500002502369AA4001351343EDB2236100232E
:10D860007B63336803F00703022B09D998F8023071
:10D8700098F80320032100923046674A0AF00DFD14
:10D880007B69D3F8008098F80130052BA0D17B6824
:10D890006FF0120A4FF001099B69BB6098F8051000
:10D8A00098F804203B6B42EA01225FFA89F118469E
:10D8B000FA8598F90220FB61002AB8BF41F0800187
:10D8C00039600CF05EFD002851D17B6B3968184639
:10D8D000BB610CF056FD002849D198F8063098F845
:10D8E0000320009307F12E033968B8680DF08AF918
:10D8F0003968824600283AD111F0800F4FF00103B9
:10D9000088F8021014BF21F080028B40F88D18BFF8
:10D910001032A8F8040018BF9340BA6942EA03091C
:10D92000FA691A43336803F00703022BC7E90C298D
:10D930007FF64EAFE8468AB002AA384BC2E90531FD
:10D940000523C2E9070942F8103F00234FF4235191
:10D950003046F9F75BFCC5463AE76B1E07F1340128
:10D9600007F1300088F80230FFF79CFE77E709F1F5
:10D970000109B9F1100F91D123480268520703D071
:10D98000274A01210AF076FC50463C37BD46BDE8E7
:10D99000F08F6FF0150AEFE75D4637E76FF0850A05
:10D9A0003FE7326802F00702022A16D9D4F8049041
:10D9B000E846396948460CF02EFD88B002AA19499C
:10D9C000D061C2E90519042142F8101F4FF4035138
:10D9D00053463046F9F71AFCC5466068AB463969CC
:10D9E0000CF019FD3B6A246803443B62BFE6E36820
:10D9F00004F10C0107F13000A360FFF753FE8246EB
:10DA00000028C1D12468CBE6380A2920DC640260F2
:10DA1000446402608E640260FD6302601764026009
:10DA20006A640260B26402602DE9F04183690446D1
:10DA3000426E1B6993F88030C3F34113022B12D05E
:10DA4000032B12D0012B0CBF10230823D371264FB8
:10DA5000A66DDFF8A08056B9266D234FDFF89880B9
:10DA600036BB354614E02023F0E74023EEE732468C
:10DA700001212046FFF76CFE3B68054658B15A0766
:10DA800006D073685B79194A012117480AF0FBFB3D
:10DA90002846BDE8F08103F00703022B06D9A36EE8
:10DAA0005B7C0321424638460AF0EDFB3668D2E73C
:10DAB000324600212046FFF74BFE3B68054628B161
:10DAC0005B07E5D073685B79094ADDE703F007037C
:10DAD000022B06D9636E5B7C0321424638460AF06E
:10DAE000D2FB3668BCE700BF380A2920FE6402601A
:10DAF0003A650260216502605D650260064808B50E
:10DB0000036803F00703022B03D9044A03210CF036
:10DB100041FC002008BD00BF180A29208065026072
:10DB20002DE9F04105460E460CF000FB804695F8C5
:10DB3000343053B328460CF04CFC074610B3014672
:10DB400028460CF0B8FC10220446002105F13600EE
:10DB500011F065FE002385F83430FF685FB9A4B189
:10DB60001B4803685B0703D01A4A01210CF012FC22
:10DB70002046BDE8F081786883685B6A03B1984706
:10DB80003F68EBE76FF03C04EAE71EB985F83460C4
:10DB90000024EDE73246414628460CF006FC0746D5
:10DBA00090B1024628460CF0B0FC04460028DFD1B4
:10DBB00085F83460FC68002CEAD0606883681B6AD2
:10DBC00003B198472468F6E76FF03C04D0E700BF44
:10DBD000180A2920A66502602DE9F041054688460D
:10DBE000144657680CF0D8FB95F86030DB070FD56A
:10DBF000614803685E0703D0604A01210CF0CAFB4C
:10DC00006FF00F08281D0CF0CEFB4046BDE8F081F8
:10DC1000B8F1010F1DD128460CF08DFA50B95648C5
:10DC200003685C0703D0564A01210CF0B3FB6FF088
:10DC30008508E7E7FB79990630D5AB691B69D3F80E
:10DC400080309A071ED44C4803685E07EFD04D4AD7
:10DC5000EAE7FB799B06F0D4B8F1000F18D1AB6D61
:10DC6000002B2FD105F1500633680022002B33D151
:10DC70006268B8F1000F5FD0B8F1010F64D00123E2
:10DC800053713FE0B8F1000FE9D0B8F1010F05D0B2
:10DC9000394803685C07CAD03B4AC5E72B6D13B906
:10DCA00005F15806E0E79C420AD13348036859075A
:10DCB00003D0364A01210CF06DFB6FF01508A1E787
:10DCC0001B68ECE7A34205D12B4803685A07F4D040
:10DCD0002F4AEFE71B68C3E79C422AD1236812BB97
:10DCE00072683360944200D173600023224823603D
:10DCF000036813F0060F05D063685B79254A02219B
:10DD00000AF0C1FAA16851B328460CF05DFA8046CA
:10DD100008B3194803685B073FF474AF1E4A01213A
:10DD20000CF038FB6EE7136073689C4208BF7260AA
:10DD3000DBE71A461B6899E76B6E5B7C0133DBB24D
:10DD400053716A6E5374DDE7AB6E5B7C0133DBB2FB
:10DD50005371AA6EF6E7A0680CF0B0FAB871002310
:10DD60002360736823B9C6E900444FF0000849E70F
:10DD70001C607460F9E700BF180A2920036602607E
:10DD800025660260C46502607D66026043660260CB
:10DD9000606602609D660260BA660260F8B505467C
:10DDA00000AFA9B101290BD11A4C1B4E1BE06368CF
:10DDB00028461968F4F7EEFA38B11834B442F6D3AD
:10DDC000164803685B0711D100242046BD46F8BD04
:10DDD000134C144EF2E7636828461968F4F7DAFA30
:10DDE0000028F2D01834B442F5D3E9E76C4688B085
:10DDF0006A460D4BC2E905354FF4007393830B4B14
:10DE000042F8103F00234FF4E251F9F7FFF9A5461D
:10DE1000DAE700BF140C29202C0C2920200A292025
:10DE2000FC0B2920140C2920F1660260030000017C
:10DE300001F07F0311F0800F70B518BF103301257A
:10DE400004469D4090F82C30022B09D00E48036800
:10DE50005B0703D00D4A01210AF00CFA002070BDC7
:10DE600090F834600CF062F90146204632460CF01E
:10DE70009CFA0028F2D0C0680028EFD083681D42C9
:10DE8000EDD10068F8E700BF200A29200F67026083
:10DE90002DE9F84305460846114616461F46FFF78A
:10DEA0007DFF0446002856D028460CF0ADFA95F8C0
:10DEB0006030D80706D529480368590716D0284A84
:10DEC000012111E0D4F80480BFF35B8F636904F192
:10DED0001409BFF35B8FDA0710D52048036813F0ED
:10DEE000060F03D01F4A02210AF0C4F96FF00F0495
:10DEF000281D05F04DFB2046BDE8F883D8F8043016
:10DF00003BB1AB4205D0154803685B07EED0164A1B
:10DF1000D6E73A46314628460CF047FAC0B100230E
:10DF2000236003698BB9C0E90344BFF35B8F59E8F1
:10DF3000003F43F0010349E80032002AF7D1BFF364
:10DF40005B8F0024C8F80450D2E71C600461ECE742
:10DF50006FF03C04CCE76FF01204CCE7200A2920D4
:10DF600003660260346702605667026001292DE98A
:10DF7000F843804600AF15462ED1274EDFF8B0900B
:10DF800023E071682B46012240460968FFF780FFB5
:10DF90000446C8B1214803685A0719D073686E4611
:10DFA0008AB01B686A461E49D561C2E905134FF461
:10DFB000007313841B4B42F8103F00234FF41151A0
:10DFC000F9F724F9B54603E018364E45D9D30024B5
:10DFD0002046BD46BDE8F883D1B16FF08504F7E770
:10DFE00018364E45F3D271682B4600224046096828
:10DFF000FFF74EFF04460028F2D0084803685B078D
:10E00000E6D073686E468AB01B686A460649CBE75D
:10E01000064EDFF82090E4E7140C2920200A29207E
:10E020008B67026004000001B8670260FC0B2920C6
:10E030002C0C2920140C29202DE9F04F85B00D4619
:10E040008046164600AF4C68BB6097F838303B609E
:10E050000CF06CF8A36801461B6B33B96FF0150424
:10E0600020461437BD46BDE8F08F2046984700286B
:10E07000F4D005F10C03A0F104090022DFF800A19F
:10E080007B6059F804BFBBF1000F02D09BF8001071
:10E0900019B902BB6FF03C04E2E79BF801100429B8
:10E0A0001BD1C2B99BF80210BB689942E9D19BF819
:10E0B00003103B689942E4D19BF804300BB1012274
:10E0C000DFE72F48036803F00703022B03D92D4A2B
:10E0D00003210AF0CFF80024C2E70529D1D1002A94
:10E0E000CFD09BF80230012EFB601FD0022E40D013
:10E0F000DAF8002002F00702022AE0D96C468AB062
:10E100009BF80210EB686A461F48C2E90863506139
:10E110000623B868C2E9060142F8103F00234FF415
:10E1200043511748F9F772F8A546C8E77A68594687
:10E13000D8F818000CF01FFA04460028D8D0DAF8F6
:10E1400000305B078CD0EB686D468AB06A460F4999
:10E150005062C2E90516F968C2E90713062342F8BE
:10E16000103F00234FF441510548F9F74FF8AD46F1
:10E1700076E77A68F968D8F818000CF017FADBE748
:10E18000340A2920F06702603E6802600D68026070
:10E190002DE9F04F83B081460C46154602AF0CF0D6
:10E1A0005AF9064628B96FF001000437BD46BDE8AC
:10E1B000F08F0F2CF7D8224809EB0408036898F871
:10E1C00036A003F00703022B10D9EB468AB002AA4F
:10E1D0001C4BC2E905340523C2E907A542F8103FEC
:10E1E00000234FF42351F9F711F8DD46554501D1CD
:10E1F0000020DAE723460022314648460095FFF723
:10E200001BFF0028CFD12346022231464846CDF8D5
:10E2100000A0FFF711FF0028C7D123460122314695
:10E2200048460095FFF708FF0028BED17068836854
:10E230005B6813B12A462146984788F83650D7E7DD
:10E24000340A29206E6802602DE9F0410B7E0546F4
:10E250000C465F063BD11E0630D50BF096FF58B139
:10E260001C480368590703D01B4A01210AF002F831
:10E270004FF0FF30BDE8F0812846D5F86480268A4B
:10E28000EF8C0BF053FFF8B1421E534253419B01F8
:10E29000228A9AB1BE423246E98C28BF3A46914260
:10E2A0000CD9B2FBF3F103FB11223AB994F91830FF
:10E2B000002BBEBF637E43F0080363762146A86946
:10E2C000BDE8F0410CF083BD98F80730E0E76FF04F
:10E2D0001500CFE7300A29209F68026070B5064616
:10E2E00080690C460CF017FD054658B10C480368D0
:10E2F00013F0060F04D00B4A2346022109F0C3FF96
:10E30000284670BD14F0800F4FF00102336B1CBF24
:10E3100024F080041034A2401A433263F0E700BFB7
:10E32000300A2920B368026070B5054680690E4640
:10E330000CF01CFD044658B10848036813F0060FA2
:10E3400004D0074A3346022109F09DFF204670BDE4
:10E35000314605F130000CF000F9F7E7300A2920CA
:10E36000CA68026070B50646EFF31181102282F38D
:10E370001288BFF36F8F1D4C236881F31188BFF3A0
:10E380006F8F5B6893F86030DB0705D40A220023A7
:10E39000BDE8704005F0BABBEFF3118382F3128839
:10E3A000BFF36F8F256865B983F31188BFF36F8F53
:10E3B0002368D3B1304600220023BDE8704005F049
:10E3C00071BB61682A688D42226008BF626083F376
:10E3D0001188BFF36F8F686805F10801C36998471A
:10E3E0002946034810F034FDE2E770BDE8222920F9
:10E3F000980A292030B585B00546002316486C469A
:10E4000084E80600002203A904F05AFF0246E8B996
:10E41000039B94E803005D60083383E80300EFF397
:10E420001180102383F31288BFF36F8F039B1A6050
:10E430000A4A516861B9C2E9003380F31188BFF319
:10E440006F8F00220023064805F02CFB05B030BD7D
:10E450000B605360F1E700BF980A2920E8222920C9
:10E46000900129200B4A034600B511F037FC1158E2
:10E47000094A91420BD11B6993F84C0028B19A6C60
:10E4800053685169D0695B1AC01A5DF804FB00201B
:10E49000FBE700BF0800000030182920074A0346A8
:10E4A00000B511F01BFC1158054A91420ABF1B69C7
:10E4B000002093F844005DF804FB00BF0800000052
:10E4C000301829200A4A034600B511F007FC1158FC
:10E4D000084A914207D11B6993F84C202AB993F856
:10E4E00044005DF804FB0020FBE70120F9E700BFD2
:10E4F000080000003018292038B50F4C034611F0F1
:10E50000EDFB24580D48844213D11C69EFF31185AB
:10E51000102383F31288BFF36F8FA06C09F082FD84
:10E5200085F31188BFF36F8F10B1012384F84D304C
:10E5300038BD0020FCE700BF08000000301829208B
:10E5400038B503464D78144640681A69202D136982
:10E5500008D0222D3FD0264B6FF0850211F0BEFB74
:10E560001A5032E0C9880729F5D1E1680C681C61AE
:10E570008C889C82897999751969D961197D69B1ED
:10E5800001290CBF0221032183F82110597D4C1E63
:10E59000032C05D8DFE804F0050505050121F3E7A4
:10E5A000002183F82010997D062910D0072910D06A
:10E5B00005290CBF0021032183F8221093F8501085
:10E5C00083F8231008210CF041F8002038BD012108
:10E5D000F2E70221F0E74988C1F34004198301F012
:10E5E000010183F8244083F825100921EBE700BFDF
:10E5F0000C00000010B5094C034611F06FFB2458C5
:10E600000748844208D11C69206C09F05EFD10B1F6
:10E61000012384F8453010BD0020FCE7080000000D
:10E620003018292010B50469206C026983689A4269
:10E6300002D14FF0FF3010BD012209F046FD002845
:10E64000F7D004F18801024810F077FD0020F2E7CE
:10E650003018292037B5084D0024284610F07DFDDC
:10E6600028464FF0FF334FF488620449009405F0C8
:10E67000B1F9204603B030BD30182920008329208D
:10E6800008B51346026910694A78212A13D133B9B3
:10E690000C4B6FF00B0211F021FB1A5009E0CA88F5
:10E6A00000F1100103F10C00072A28BF07220BF02C
:10E6B00043FA002008BD034B6FF0850211F00EFBFA
:10E6C000EBE700BF0C00000073B5102504698DF85E
:10E6D0000710EFF3118685F31288BFF36F8F0122C5
:10E6E0000DF10701A06C09F09DFC86F31188BFF3C2
:10E6F0006F8F01280AD010F043FD10B994F8503004
:10E700006BB9094B1A780AB901221A700A22002340
:10E7100004F15801054805F09BF902B070BD0021D5
:10E720000A2005F0D9FDD4E7AE3829203018292079
:10E730002DE9F843036906460D46D0F804801C69AC
:10E740000F7ECAB10BF0E3FFB84204D1042104F1FB
:10E7500098000BF0FFFF2F7E30460BF0E6FF87425C
:10E7600004D1052104F198000BF0F4FF294640463E
:10E77000BDE8F8430BF04CBF0BF0C9FFB84216D10F
:10E780002A8AE968206C09F04DFC30B1A36A23B1F4
:10E7900004F130011F4810F0D0FC042104F198006E
:10E7A0000BF0D8FF04F188011A4810F0C6FC2F7E48
:10E7B00030460BF0BAFF874217D1A36A23B104F1A8
:10E7C0003001144810F0B9FC052104F198000BF059
:10E7D000C1FFA36C1A699B689A4206D000220023ED
:10E7E00004F158010B4805F033F9336970681B696F
:10E7F00095F818905F680BF099FC01280CBF97F80A
:10E800002D3097F826309945B0D104F19C0004F0E2
:10E8100041FFABE73018292038B505690024AB6CFF
:10E82000C3E902445C601C61C3E905442B6CC3E985
:10E8300002445C601C61C3E905440A490A4805F0CA
:10E840006BF905F15800094910F08EFC05F18800BC
:10E85000074910F056FC05F13000064910F051FC54
:10E86000204638BDF468026030182920A5EA00600F
:10E8700095A8016079E8006038B550F8083C044676
:10E8800050F8302C002B4AD0002300F168050221FB
:10E890008382838328460BF031FF002838D010692B
:10E8A00054E902319847637D23B104F158011C48B3
:10E8B00010F043FC637F5BB1052128460BF01EFF7F
:10E8C00030B90022002304F12801154805F0C0F8F2
:10E8D000022128460BF012FF40B123691A699B6898
:10E8E0009A4203D021460E4810F027FC0321284607
:10E8F0000BF004FF98B1A26953685169D2695B1AA1
:10E900009A420CD021460648BDE8384010F015BCAC
:10E91000032128460BF0F2FE0028C0D1C3E738BD22
:10E9200030182920154A08B5034611F0D7F91158B7
:10E93000134A914220D11B69022103F1980210462B
:10E940000BF0DCFE28B1196C08698968401A18BF01
:10E95000012083F84400032110460BF0CFFE38B1AC
:10E960009A6C50685169D269401A801A18BF012008
:10E9700083F84C00012008BD0020FCE708000000DF
:10E980003018292038B50469BFF35B8F04F198056E
:10E9900055E8003F43F0040345E80032002AF7D170
:10E9A000BFF35B8F236C1A699B689A4204D004F111
:10E9B0003001084810F0C1FB042128460BF09EFEF0
:10E9C00030B904F188010348BDE8384010F0B5BB08
:10E9D00038BD00BF3018292070B503691C69BFF32A
:10E9E0005B8F04F1980555E8002F42F0010245E8DD
:10E9F00000210029F7D102212846BFF35B8F0BF0DD
:10EA00007DFE10B11846FFF7BDFF032128460BF02D
:10EA100075FEB0B1A26C53685169D2695B1A9A4213
:10EA200006D004F130010748BDE8704010F085BB06
:10EA300004F15801002200230248BDE8704005F0AF
:10EA400007B870BD301829200169BFF35B8F01F151
:10EA5000980353E8000F40F0080043E80002002A42
:10EA6000F7D1BFF35B8F8A6C53685069D2691B1A68
:10EA70009A4203D03031024810F05FBB704700BFAC
:10EA80003018292010B500220446002304480BF05A
:10EA900021F820B100228261C2610284047610BD97
:10EAA000380B29202DE9F04100F14004064650F8CA
:10EAB000588C002120460BF021FE00283FD0012178
:10EAC00020460BF01BFED0BBBFF35B8F54E8003F2A
:10EAD00043F0200244E800210029F7D19B06BFF350
:10EAE0005B8F2CD440460BF020FEFFF7CBFF054692
:10EAF00058B9204605210BF02DFE31460A2200238D
:10EB00001048BDE8F04104F0A3BF0746428A56F81A
:10EB1000100C57F80C1F09F0D8FA014638460BF0D4
:10EB200005F8294640460BF05BFD40B12846FCF74E
:10EB30002BF920460521BDE8F0410BF00BBEBDE8E6
:10EB4000F08100BF3018292037B5094D00244FF05F
:10EB5000FF334FF4107207492846009404F03AFF3F
:10EB60000549284604F0D8FF204603B030BD00BF59
:10EB700048192920808729201F69026038B5036958
:10EB8000BFF35B8F0D4603F1A004D3F8A030BFF3B1
:10EB90005B8FC3F38003994208D11048036813F0D8
:10EBA000060F03D00E4A022109F064FBBFF35B8F0E
:10EBB00055B154E8003F43F0040344E80032002A12
:10EBC000F7D1BFF35B8F38BD54E8003F23F0040357
:10EBD00044E80032002AF4D0F6E700BF080A2920F2
:10EBE0002A6902602DE9F0470546894690461F468E
:10EBF000D0F808A00BF06FFF044600B3067FF107C2
:10EC00000DD51C4803685A0705D094F820301A4ADD
:10EC1000012109F038FB6FF07700BDE8F0873B4633
:10EC2000424649460BF011FF60B9124803685B0782
:10EC300005D094F82030114A012109F024FB6FF02F
:10EC40001200EAE79DF8203026F00E0684F82180B5
:10EC500021466784284684F824302677DAF818306D
:10EC60009847B0FA80F3227F5B0963F300022277B2
:10EC7000D3E700BF080A2920486902606269026080
:10EC800070B5054686680BF026FF0446F0B1037F99
:10EC9000DA070CD40F4803685B0705D094F82030DE
:10ECA0000D4A012109F0EFFA6FF0770070BD0146BF
:10ECB000F3692846984738B1237F03F00103227F88
:10ECC00063F300022277F1E70346F8E76FF01200E2
:10ECD000ECE700BF080A292084690260F8B587685C
:10ECE00005460C46FB6B984728690BF0E2FE00B323
:10ECF000214628460BF0EFFE0646E8B1037F9B074E
:10ED00000BD00F48036803F00703022B05D996F8D0
:10ED100020300C4A032109F0B6FA346824B1BB68EC
:10ED200031462846984704463B6C2846984720467B
:10ED3000F8BD4FF0FF34F7E76FF01204F4E700BFBF
:10ED4000080A29209F6902602DE9F041D0F8088067
:10ED500016460F460546D8F83C3098470022002357
:10ED600031460D48FBF770FF044678B90B4803683D
:10ED70005B0704D00A4A3346012109F084FAD8F827
:10ED80004030284698472046BDE8F0810022826145
:10ED9000C26102840776F2E7640B2920080A292061
:10EDA000C069026070B50D460C7E497E0669C907D0
:10EDB000D6F88020D6F8A43029D5002C3AD1EA68BC
:10EDC000D488C6F8A85063B12648026802F007024A
:10EDD000022A03D9244A032109F055FA0023C6F870
:10EDE000A430002C38D0EB681C78E4090134D6F844
:10EDF000A4309C4208D11B48036813F0060F03D0CF
:10EE00001A4A022109F036FAC6F8A44070BD8CB93E
:10EE1000012B23D0042B18D12B8A002BE7D01148CB
:10EE2000036813F0060F03D0114A022109F022FAF9
:10EE30000624DCE7052B13D0022B04D182F0040258
:10EE400002F00404D3E7032B0AD0064803685B07EB
:10EE5000EED0084A0121E9E70324C8E70524C6E704
:10EE60000024C4E7080A2920DF690260266A0260DC
:10EE7000F9690260066A026038B50C4691F8201004
:10EE800005460BF080FE024650B1214628460CF0A4
:10EE9000DBF91030102805D8044B0341DB0701D4FF
:10EEA000002038BD6FF00400FBE700BFF6FFFEFF57
:10EEB00073B50369002205460C46D3F8AC6001A97E
:10EEC0000023134804F0FCF9024668B107212846E4
:10EED0000BF074FE0F4803685B0703D00E4A012154
:10EEE00009F0C8F902B070BD019B5D6003F108052F
:10EEF00094E8070085E80700194606F1180010F0AD
:10EF000097F806F10801054810F017F9EAE700BF85
:10EF10007C0A29200C0A29203D6A02604819292010
:10EF20002DE9F04F00F1100985B00022002348467A
:10EF300004F07EFB064610B905B0BDE8F08F377CC3
:10EF40007468102F40D100220E2120460CF0CEF81C
:10EF5000002170680BF0BFFD037FDF0703D50021A0
:10EF60007068FFF78DFE802170680BF0B4FD037FA1
:10EF7000DD0703D580217068FFF782FE0022402361
:10EF8000009211467068FFF72DFE38B1AF48036854
:10EF90005C0703D0AE4A012109F06CF9002240233E
:10EFA000802100927068FFF71DFE38B1A748036802
:10EFB000590703D0A64A012109F05CF90022042177
:10EFC00070680BF0FBFD2CE196F81180B8F1000F92
:10EFD00059D0082200212046B5680BF01DFF0746D6
:10EFE00068B99A4803685A0704D16FF004052A46A5
:10EFF0000721E5E7974A012109F03CF9F5E70BF015
:10F00000CDFD38462B68082150F80C2F13606B6833
:10F0100053600AF08BFD2B8823F01F039BB2B3F5DE
:10F02000A06F06D1EB8823B9AA1C142120460CF04E
:10F030005DF839462046FFF7B5FE3B8A002BD4D059
:10F0400020460CF030F890B1FB682046D9880CF0CF
:10F0500081F910F10C0F054605D1024639462046CC
:10F060000BF0B8FD0546002D00F0DB80BFE7204621
:10F070000CF020F818B120460BF0C9FFF2E720464B
:10F080000BF0EBFFEEE73B06F56840F18580394673
:10F090002046ADB20BF077FD40B96FF06802072152
:10F0A00020466FF068050BF089FDA0E76268D2F892
:10F0B00000A02269D2F8ACB0028AAA4218D8039004
:10F0C0000BF073FD039B98B118460BF072FDDAF854
:10F0D0000CA0434642463946DBF80400D0470028DE
:10F0E00000F09F806FF00402072120460BF066FDC0
:10F0F000394620460BF01FFD804620460CF098F85C
:10F100002046002239460BF0F6FC20460CF098F819
:10F11000B8F1000FC1D0B8F81030D8F80C209D42DB
:10F1200028BF1D46802F2A44A3EB0505ADB2C8F8C1
:10F130000C20A8F8105020D120460BF0C9FFA8B130
:10F14000414620460BF0A8FF054620464146FFF702
:10F1500029FE20460BF0B5FF002884D04046FBF77F
:10F1600013FE002120460CF0F5F87BE720460BF05B
:10F17000B6FF05460028E3D1E7E7002241462046D6
:10F180000BF028FD3946054620460BF0A4FC01464D
:10F190002046FFF771FE66E7394620460BF0CBFCB0
:10F1A000824620460CF044F82046424639460BF091
:10F1B000A2FC20460CF044F8BAF1000F3FF46DAF0A
:10F1C0000AF10C08ADB2404687BB0AF0D7FC854275
:10F1D00003D940460AF0D2FC0546294640460AF0CB
:10F1E000A5FC20460BF06DFF514690B12046FFF77D
:10F1F000D9FD514620460BF04FFF054620460BF047
:10F2000067FF00283FF42FAF514620460BF0D9FE90
:10F2100028E72046FFF7C6FD20460BF059FF0028DF
:10F22000F2D131460C480FF013FE7EE60AF0A6FC40
:10F23000854203D940460AF0A1FC054629464046CE
:10F240000AF074FC0022514699E700BF0C0A2920FD
:10F25000556A0260776A02607C0A29202DE9F74F1F
:10F26000D0F81090FF2344680646D9F8AC80674A6E
:10F2700088F83030A369934240D002F5007293427F
:10F2800040F0C1800123023388F8303009F1840056
:10F290000FF036FE08F1180000270FF0BDFE5C49A4
:10F2A00008F108004FF0280A0FF02BFF4FF4806B95
:10F2B0004022E368BB4223D800274FF0280A4FF4CE
:10F2C000806B4022E368BB4260D899F8803001AA85
:10F2D000002123F0630343F0610389F88030C8F80C
:10F2E0000060E0690CF059FA002805DB019B002260
:10F2F000197918680CF064FA002527E00023C2E7AA
:10F300000AFB07F361691944887E40F04000887663
:10F3100061691944887EEFB940F00100887661691F
:10F3200019440A8361693046194481F82070616983
:10F3300019440BF0E9FB4022054628B33548036821
:10F340005B0703D0344A012108F094FF284603B03C
:10F35000BDE8F08F40F00400887661691944887E2A
:10F3600040F00200887661691944887E40F0080008
:10F37000887661691944A1F818B061691944887EDA
:10F3800040F010008876CDE7013792E70AFB07F3DB
:10F3900021691944887E40F020008876216919444B
:10F3A000887EB7B940F001008876216919440A8344
:10F3B000216967F07F00194481F8200030462169F7
:10F3C00019440BF0A1FB402205460028B6D10137B5
:10F3D00078E740F00400887621691944887E40F07F
:10F3E0000200887621691944887E40F008008876FA
:10F3F00021691944A1F818B021691944887E40F0A8
:10F4000010008876D4E76FF00B059FE700002E40D0
:10F4100021EF00600C0A2920946A0260B1F5C06FE8
:10F4200038B5144629D0B1F5706F2ED0B1F5407FB4
:10F430001FD1184D6B6A5A060DD4174802F078FB9D
:10F4400006226B6AB0FBF2F003F03F030133B0FB1E
:10F45000F3F020600DE0114BD3F87032DB060AD4D4
:10F460000F4B1A686B6A03F03F030133B2FBF3F2F0
:10F470002260002038BD0B4AF4E7002002F074FC43
:10F48000044B5B6AC3F3C223E0E7022002F0DAFD1B
:10F49000DFE700BF00C00F400D00100000800D40EE
:10F4A0004C26292000366E0108B507480FF020FCD5
:10F4B00038B10648FBF78AFA0448F7F761FA0020EA
:10F4C00008BD6FF01200FBE7FCFD0160D1F40060A5
:10F4D0000A2838B50446074D04D1AB680D212846EB
:10F4E0005B689847AB68E1B202485B689847204682
:10F4F00038BD00BFFCFD016073B51A4C0829D4F873
:10F50000306428BF0821D4F83054D4F83024D4F81B
:10F5100030342D0A12021B0605F47F4502F47F02E7
:10F5200043EA16632B4313430093D4F82064D4F8C2
:10F530002054D4F82024D4F820342C0A1B0604F4D8
:10F540007F4443EA1663234314020A4604F47F040B
:10F5500023430C466946019310F039F9204602B066
:10F5600070BD00BF00401F40124B03F1780252E80B
:10F57000002F42F00C0203F1780040E8002100293E
:10F58000F3D103F1700252E8002F42F0300203F190
:10F59000700040E800210029F3D103F1780252E81D
:10F5A000002F42F0300203F1780141E800200028EA
:10F5B000F3D1704700C00F4003460A4630B40068DC
:10F5C0001979836805699C697CB1130206D501230A
:10F5D0002D688B402B4218BF82F0C062054BA446B9
:10F5E000134002F0B07230BC60476FF0570030BC7F
:10F5F000704700BF400000062DE9F043834B8FB0F9
:10F600000024466808938046814B07690993814B23
:10F6100002940A93804B0B940D940C93CDE9004413
:10F6200070680FF065FB68B97C4803685B0703D01E
:10F630007B4A012108F01EFE6FF0120528460FB02C
:10F64000BDE8F0832146F06C0CF07FFA05460028F7
:10F65000F4D108AA07F14C014346306803F00CF9D5
:10F66000336D40469847736A6946009302238DF8CC
:10F670000430B36A8DF80530F36A8DF806303068CF
:10F6800002F0AEFFD8F81040D8F80490282229469E
:10F69000201D10F0C4F8D9F8443003A96360D9F8EC
:10F6A0004030A360D9F83030E361D9F83830636274
:10F6B000D9F83C30E360D9F800000EF0C6FD99F8A7
:10F6C000223013B9079DC5F38065E37C65F382039F
:10F6D000E374079BE27CC3F3406363F34102E2748B
:10F6E0009DF81F20E37C62F30003A27CE374079B78
:10F6F000C3F3C05363F3C712A274D2B2079BC3F320
:10F70000805363F38612A274D2B2079BC3F34053B3
:10F7100063F34512A274079BC3F30052059B003BA1
:10F7200018BF0123DB0343EAC243226922F41822F3
:10F7300013432361079BA27CC3F3401103F007032B
:10F7400061F34102A274227D22F007021343A27CDE
:10F750002375079BC3F3001363F38202E37DA27456
:10F7600099F8482062F3C713E375237E99F849207E
:10F7700062F3000323763369FBB14FF4B01106F155
:10F7800010000CF062F8054600287FF457AFB3690B
:10F79000EBB9384640F8808B0FF0B2FB0021214BCB
:10F7A000C7E91D1340F20113A7F87C30012207F1CD
:10F7B00030000FF056FC054640E71848036813F088
:10F7C000060FE4D0184A022108F054FDDFE74FF499
:10F7D000803106F118000CF038F8054600287FF457
:10F7E0002DAF337F0122114807F1980102FA03F38C
:10F7F000C7E92703B0698368DB6923B198470546E9
:10F800000028C6D01AE76FF0570517E7F1B8016076
:10F8100005B90160DDB8016003BB0160400A292021
:10F82000606B0260020101017F6B026019B9016027
:10F83000F7B544680E460569D4E901018368DB68C1
:10F8400023B96FF01507384603B0F0BD01AA9847F9
:10F8500007460028F5D13268002A4ED06B689A42DC
:10F86000EFD8AB689A42ECD36B6F9A424BD1B37925
:10F8700095F87A209A420DD0042B4DD0082B52D007
:10F88000012B46D12268936A23F006039362B37971
:10F8900085F87A30737A95F87D209A420DD0022B44
:10F8A00048D8002B35D02268D2F8C03023F00203AC
:10F8B000C2F8C030737A85F87D30737995F8792075
:10F8C0009A420BD022694AB1012B51D1002104F197
:10F8D00010000BF0EFFF737985F87930F37995F824
:10F8E0007B209A42AFD0013B092B12D8DFE803F00E
:10F8F0004D4D4949515C44445C536B6F002BB6D06D
:10F9000033686B67B3E7019920680EF0B4FC0028F8
:10F91000F6D16FF0850796E72268936A23F0060315
:10F9200043F00203B2E72268936A23F0060343F030
:10F930000403ABE7032BECD12268D2F8C03043F0CC
:10F940000203C2F8C0300021642004F0C5FC226824
:10F95000D2F8C03043F48073C2F8C0306420002174
:10F9600004F0BAFC2268D2F8C03023F480739FE719
:10F97000022BB0D10121AAE70022012120680EF05C
:10F98000DDFC0221E06C0CF0E0F8F37985F87B30C7
:10F9900059E70321F6E7054803685B07B9D0044A35
:10F9A000012108F067FCB4E70421EBE7400A2920B5
:10F9B000E76B026038B504460D46C06C05210CF0BB
:10F9C000C4F848B1084803685B070BD0074A012117
:10F9D000BDE8384008F04EBC29462046BDE8384016
:10F9E0000CF0CEB938BD00BF400A29200B6C026074
:10F9F00038B54468056994F8203003B395F82C10A5
:10FA0000D1B92046FFF7D6FF2268936A43F0080376
:10FA100093624FF47A700FF05BF92368012120465E
:10FA20005B6AC3F3004385F82C30FFF7C3FF2268FD
:10FA3000936A23F00803936295F82C0038BD94F87C
:10FA4000213033B123685B6AC3F3004385F82C305F
:10FA5000F2E7A36953B104F118000BF016FF002878
:10FA6000D4BF0020012085F82C00E5E70548036895
:10FA700013F0060F03D0044A022108F0FBFB012318
:10FA8000E4E700BF400A2920446C02604FF0E02305
:10FA90000F4910B59C691A6908689B6902F48032A5
:10FAA0000C4934B993B903464AB90A681044C01ADC
:10FAB00010BD002B08BF03460AB9A342F5D90A6856
:10FAC00002440A604FF0E0221269EEE70446F3E7D1
:10FAD00024262920202629200A4B1022002083F8E2
:10FAE00023204EF66022084B1A604EF65F22074B29
:10FAF00018604FF0E0235A6198611A6942F00702DA
:10FB00001A61704700ED00E02426292020262920D4
:10FB1000684620F007018D4619B5FFF7B7FF114978
:10FB2000114B0868D3E90042001942F10002C3E911
:10FB300000020E4A00230B604EF66023D2E900411A
:10FB4000001BB0FBF3F043431B1941F10001C2E974
:10FB5000003104F0AFFDFAF75BF8BDE819408546C7
:10FB6000704700BF20262920681A2920601A292002
:10FB70002DE9F041DFF8F08099B1421C0BD14FF034
:10FB8000E022136923F0010313614FF07F43C8F8AB
:10FB90000030BDE8F081D8F80060012807DC0027BC
:10FBA0000BE0431CD8F80060F7D14FF48B7040F2A3
:10FBB00017139842A8BF1846471EEFF3118510236C
:10FBC00083F31288BFF36F8FFFF760FF224C4FF073
:10FBD000E0239969D4E9002380184FF0000243F133
:10FBE0000003C4E900031D4B1A601D4B1A68831AF9
:10FBF0002ED44EF6602C0CFB073303F56A435F33BB
:10FC0000B3FBFCF7131A40F6A6620CFB07339342D2
:10FC100038BF1346134A934228BF1346C8F8003032
:10FC20004FF0E022013B90695361002381429361D0
:10FC3000A1EB0003D4E9001238BF9B195B1842F115
:10FC40000002C4E9003285F31188BFF36F8FA0E78B
:10FC500040F6A663E2E700BF681A29202026292083
:10FC6000601A29204084FE002426292038B5EFF3AD
:10FC70001185102383F31288BFF36F8F084B1C6824
:10FC8000084B1B68E41AFFF701FF85F31188BFF3E7
:10FC90006F8F4EF660232044B0FBF3F038BD00BFF9
:10FCA000681A2920601A292038B5EFF3118510232E
:10FCB00083F31288BFF36F8F044B1C68FFF7E6FED7
:10FCC00085F31188BFF36F8F204438BD681A29204F
:10FCD0002DE9F0410468054674B3214611F8013B53
:10FCE0001F2B37D93A2BF9D120783038C3B2092BE2
:10FCF0001DD9DFF864C000205CF804EB27461EF82D
:10FD0000012B17F8013BA2F16108A3F16106B8F1DC
:10FD1000190FF6B213D8203A192ED2B201D8203BCF
:10FD2000DBB29342EBD001300828E5D104E0A31CFC
:10FD30009942DED107280ADD4FF0FF3008E0192E86
:10FD40009CBF203BDBB2002AEBD1B942EBD129604A
:10FD5000BDE8F0810020FBE72028026038B50023D1
:10FD6000044603714FF0FF3383630CF0E3FB00287C
:10FD70005CD1B4F83A524AF655239D4234D094F8F7
:10FD80003C30EB2B2AD1B4F84730B3F5007F29D1B2
:10FD900094F8493033B35A1E1A4218D1B4F84A3095
:10FDA000ABB194F84C30013B012B10D8B4F84D3076
:10FDB0006BB1B4F84F307F2B06D804F15C000CF027
:10FDC000FAF9B0F5803F02D3B4F8523093BB4AF64B
:10FDD0005520854214BF0320022038BD1833DBB202
:10FDE000012BD0D90320F8E70B22134904F13C0082
:10FDF0000FF024FDE0B194F83C30EB2B03D0183326
:10FE0000DBB2012B10D808220C4904F18E000FF050
:10FE100015FD0028E1D0B4F84730B3F5007F03D1D9
:10FE200094F84930002BB6D10220D6E70420D4E75D
:10FE30000120D2E70020D0E7B66C0260E96C0260D6
:10FE40002DE9FF4100230E4615460B60FFF740FFEA
:10FE50000028C0F2C081B04B53F82040002C00F0C5
:10FE6000BC81346005F0FE0523786BB1607801F049
:10FE7000E7FCC60708D40DB1410703D4002004B045
:10FE8000BDE8F0810A20FAE70023607823700EF0C5
:10FE90004DF8C20700F1A3810DB14307F2D4002150
:10FEA0002046FFF75BFF022840F098806E4604F280
:10FEB000022304F242213246184610330CF07BF93B
:10FEC00042F8040B8B42F7D1002556F8041B002999
:10FED0007BD02046FFF742FF012877D80128A26B8C
:10FEE00040F0B98004F146010B2311F8015F002DA9
:10FEF00079D10133402BF8D1B4F8A430B3F5807F29
:10FF000071D194F8A830092B6DD104F184000CF064
:10FF100054F94FF0FF33171841F10001BB4275EB64
:10FF2000010360D304F190000CF045F9206294F8CD
:10FF3000AA000128E07056D194F8A93000FA03F322
:10FF400098B2608100284ED004F198000CF033F98B
:10FF500006467248864246D8B01C62629BB2E06197
:10FF600004F194000CF027F900EB020804F18C0076
:10FF7000C4F830800CF01FF91044A06206FB03F0B7
:10FF800010EB080045EB0503874271EB03032AD30E
:10FF90002E4604F19C000CF00EF9E06265B963890D
:10FFA000B34220D9E16A20460CF022F9811920469B
:10FFB0000CF0C0FA80B90136631993F83C30812BFC
:10FFC00013D02035C5F30805E8E703200135042DDB
:10FFD0007FF47BAF042806D1012050E70428FBD032
:10FFE00001287FF67BAF0D2049E705F1140004F1ED
:10FFF0003C0630440CF0DFF801280546F3D9E369EC
:02000004600199
:100000008342F0D96189821E236B02FB0133636353
:10001000A16A204601EBD5110CF08CFA0028DBD147
:1000200005F07F0006EB80000CF0C5F8471C03D0FC
:100030000135A842ECD0D6E70425C4E90500384ACA
:100040002570138801339BB21380E380354BE36046
:10005000354B236112E7B4F84730B3F5007FC2D1C6
:10006000B4F8526026B904F160000CF0A4F806461A
:1000700094F84C302662591EE3700129B3D894F8E5
:10008000491061810029AED0481E0842ABD1B4F8B6
:100090004D7038072781A6D1B4F84F0018B904F184
:1000A0005C000CF088F8B4F84AE0BEF1000F9AD07A
:1000B00006FB03FC0EEB17156544A84293D3431BC4
:1000C0008B42B3FBF1F08ED3184B98428BD80EEBDA
:1000D00002014FF6F57E831C1544704528D840F682
:1000E000F57EE36125637045C4E909210CD8002F32
:1000F0003FF479AF0CEB010003EB430103F0010384
:10010000012503EB510322E0002F3FF46CAF0CEB11
:1001100001005B0002251AE028262920FDFFFF7F51
:100120004228292040272920AF382920F5FFFF0F3A
:10013000C4E90921B4F86610E361394325637FF40B
:1001400052AF9B00032504F168000CF034F803F271
:10015000FF13E062B6EB532FFFF445AF4FF0FF33D0
:10016000032DC4E905334FF0800363717FF467AF5B
:10017000B4F86C30012B7FF462AF511C20460CF0B8
:10018000D9F900287FF45BAFB4F83A224AF6552338
:1001900060719A427FF453AF124B04F13C000CF0B3
:1001A0000AF898427FF44BAF03F1FF5304F508704F
:1001B0000CF001F803F50053203398427FF43FAF71
:1001C00004F509700BF0F7FFA06104F50A700BF05D
:1001D000F2FF606133E70B2051E60C204FE603206D
:1001E0004DE600BF525261412DE9F843FF27044616
:1001F000066804203D46A16B11B9D8B1042062E025
:1002000030460CF097F900285DD1E06B0378002BA5
:10021000F4D03278042A10D1852B4ED1236B20469E
:10022000E3640CF00AFE00284DD133691B7903F01A
:100230003F03A3710020BDE8F883C27AE52B02F0EA
:100240003F02A27144D02E2B42D022F02001082977
:100250003ED00F2A41D1590638D503F0BF05236B94
:10026000477BE364437BBB4232D1428B82BB037842
:100270000D21D6F80CE04FF6FF7923F04003DFF8AC
:100280006C80013B4B43012118F801CB30F80CC0C6
:1002900001B3802B1CD82EF813C061460133013204
:1002A0000D2AF1D10278520605D521B1802B0FD845
:1002B00000222EF81320013DEDB2002120460CF063
:1002C0000DFD002897D00023A363B4E7AB42C9D04B
:1002D000FF25F2E7CC45E2D0FAE71DB90BF093FF1A
:1002E000B842A7D04FF0FF33E364A3E7866D026006
:1002F0002DE9F04F002187B00446D0F800900CF0B3
:1003000003FA804610BB99F80030042B3FD1D9F88E
:100310000C000CF0EAF807462046FFF765FF05469B
:1003200008B1804612E0D9F8103093F82360802E8F
:10033000F2D89B8CBB42EFD14FF0400AB54209D1B5
:10034000D9F80C3033F81530002BE5D1404607B012
:10035000BDE8F08F1AF01F0FD9F8103008BF0AF16E
:10036000020A33F80A0001F0FBFAD9F80C30834690
:1003700033F8150001F0F4FA834503D10AF1020ABB
:100380000135DBE7761BF6B2002EC5D1D8E74FF07A
:10039000FF334FF0FF0AE364554604F14003029334
:1003A000A16B48460CF0C6F800285DD1E66B3778A3
:1003B000002F77D0F27AE52F02F03F03A37103D02C
:1003C000120705D50F2B05D04FF0FF33E3644FE044
:1003D0000F2B54D194F84B305B063FD4780645D5AB
:1003E000236B07F0BF0796F80DA0E364737B5345BA
:1003F0003ED1738B002B3BD135780122D9F80C30DC
:1004000005F03F05DFF8A8B001930D23013D5D43E2
:100410001BF8013BF35A6AB3802D29D8184605937F
:1004200001F09EFA019B691C049033F815000391BA
:1004300001F096FA049A82421AD1059B03991A4652
:100440000D461A4B9B45E3D13378590604D51AB1B2
:10045000019B33F815305BB9013FFDB20021204606
:100460000CF03CFC00289BD080466FE7BD42BDD01D
:10047000FF25F3E74FF6FF718B42E2D0F8E72DB985
:1004800030460BF0C0FE50453FF460AF94F84B305F
:10049000DB0799D40B22029930460FF0CFF90028E0
:1004A00092D153E74FF0040850E700BF936D02600C
:1004B000866D02602DE9F04F90F84BB099B004467C
:1004C0001BF0A00540F0C2810668F26832F81530D2
:1004D000002B60D13378042B40F09C800F230E3525
:1004E0002046B5FBF3F5A91C0CF056FC804600280D
:1004F00040F08A800135236BA3EB4513E364E37975
:100500005F074AD523F004032046E3710CF0DCF9C1
:1005100000283ED14FF0FF32616B20460CF0BCF951
:10052000002836D1A368002B37D0236804A8A16A1D
:100530000493236ACDF82C800693636A17918DF893
:10054000173023F0FF03CDE908380CF0DDF800BBCD
:1005500004A80CF072FCE0B970894FF40071D4E982
:100560000423E0FB0123C4E90423306938300BF095
:1005700030FE3069D4E9042328300BF02AFEE379F9
:10058000326904A843F0010382F821300CF0C7FC63
:1005900018B1804638E0013598E7D6E903543F2288
:1005A0000021671C38460FF03AF9852301204022CC
:1005B0002370C0234FF0C10E84F820300023194669
:1005C0009946561C04F802E0023204F8069020B165
:1005D00035F8130008B10133DBB2060AA054BE544B
:1005E0000232D606F3D135F8136001F1010C7EB961
:1005F0000231284684F8233061700BF076FF84F8CE
:100600002400000A84F82500404619B0BDE8F08FA8
:100610006146D6E704F140070DF110091BF0010F08
:1006200097E8070089E8070079D040234FF0010AD6
:1006300084F84B30BC46F368BAF1050F99E807001F
:10064000ACE803002CF8022B4FEA12428CF8002091
:100650005CD9981E524630F8021F002945D1CC467D
:10066000072102F00F0E904612090EF130003928D2
:1006700088BF0EF1370001390CF8010D02D0B8F136
:100680000F0FEED801F160037E200DEB030202F89C
:10069000580C04F13F0000228A4206D010F801CF26
:1006A00002F1010EBCF1200F32D13F3204F1470CB0
:1006B0002244072997BF01F16003202001310DEB8F
:1006C000030098BF10F8580C02F8010F9445F0D1C0
:1006D0002046FFF70DFE8046E0B90AF1010ABAF1A3
:1006E000640FA7D14FF007088EE74FF0100C01F010
:1006F000010E49080EEB4202D30344BF82F4883254
:1007000082F02102BCF1010CF1D1A4E75246A6E728
:100710007246C1E704287FF477AF84F84BB01BF032
:10072000020F20461BBF0C350D230125B5FBF3F549
:1007300018BF013529460CF02FFB804600287FF4B6
:1007400063AF013D1DD1A16B30460BF0F3FE804637
:1007500000287FF459AF01462022E06B0FF05FF8CC
:10076000E36B03CF18605960BA7839889A7219819F
:1007700094F84B30E26B03F01803137301233371C9
:1007800042E7216B2046A1EB45110BF0BDFF8046EF
:1007900000287FF439AF38460BF035FD0190A16B8E
:1007A00030460BF0C7FE804600287FF42DAFF3687B
:1007B000E9B2019A4FF00D0C00934FF0FF09E36B83
:1007C000DFF890805A734FF00F021873DA724A1EE6
:1007D00098760CFB02F28446D8764FF6FF7A18F82A
:1007E00001EB504503EB0E0B20D103F80E908BF874
:1007F00001900CF1010CBCF10D0FEED14FF6FF7C16
:10080000604503D0009830F812200AB941F0400149
:10081000197001230021204633710CF05FFA8046E5
:1008200000287FF4F1AE013DB9D18CE7009802F1C8
:10083000010A30F81200020A03F80E008BF80120BA
:1008400052460028D5D14FF6FF70D2E74FF0060888
:10085000DAE600BF866D02602DE9F04F054685B0EF
:10086000036801938A4611F8013B2F2BFAD05C2BC9
:10087000F8D00023AB60EB619AF800301F2B00F238
:10088000DC8080230021284685F84B3005B0BDE888
:10089000F04F0BF039BF04240EE132F81730202B53
:1008A00002D02E2B40F00D81013F07E1994504D283
:1008B000BA4248D10B2B3DD101E00B2B34D195F836
:1008C0004030E52B02D1052385F8403044F0030485
:1008D000E4B208F00C030C2B03D008F00303032B45
:1008E00002D144F00204E4B2A1070BD418F0010FC6
:1008F0001CBF44F01004E4B218F0040F1CBF44F015
:100900000804E4B2284685F84B40FFF7F1FC95F85F
:100910004B3000287AD0042803D113F0040F08BF0D
:10092000052005B0BDE8F08FBA4203D044F00304BF
:10093000E4B25DD84FEA88083A460B234FF0080925
:100940005FFA88F8F3E07F2E3ED944F0020130468A
:10095000CDE90223CBB240F2B511009300F0CEFFF7
:1009600010F0800F0646DDE9022314D000F07F0668
:1009700070498E5D46B131466F48CDE902230EF0D5
:100980006DFFDDE9022308B300995F2641F0030102
:10099000C9B2009110E0FF28ECD9591E894504D353
:1009A00044F003049946E4B2C1E005EB0901000AF2
:1009B00009F1010981F8400005EB0901009C09F1EA
:1009C000010981F84060B2E00094D4E7A6F141014A
:1009D00089B2192902D848F00208EDE7A6F16101B1
:1009E00089B219299EBF203E48F00108B6B2E3E75C
:1009F00095F84020E52A04BF052285F84020082B01
:100A000004BF4FEA88085FFA88F862E75A0788D47B
:100A1000AB79DB0641D5019B1878042830D1AB684F
:100A20002946EA792B622B69019823F0FF031343CF
:100A30006B62EB6CAB620BF00AFC2B680027D3F8FF
:100A40000CB01AF8010B00283FF425AF40F2B511A5
:100A500000F072FF0446F0B11F287FF61CAF2F286C
:100A60001DD05C281BD07F2804D8014633480EF0E7
:100A7000F5FE80B9802F0ED02BF817400137E0E744
:100A8000019B03F13C012B6BC3F3080319440CF0E9
:100A900075FAA860D1E7062043E7052041E75346F1
:100AA0001C789A4601332F2CFAD05C2CF8D01F2CDE
:100AB0008CBF00240124A400ABF10202002F7FF4BC
:100AC000ECAE4FF000032BF81730002FE3D00023DB
:100AD0003BF8132019460133202AF9D009B92E2AF0
:100AE00002D144F00304E4B2ABF1020232F8173051
:100AF0002E2B01D0013FF9D14FF020334FF00009E8
:100B00006B64C8462B64C5F8473008233BF8116076
:100B10004A1C002E3FF46CAF202E05D02E2E7FF401
:100B2000C5AEBA423FF4C6AE44F00304E4B2114687
:100B3000ECE700BF066D0260CB6C0260C26C026025
:100B40001FB5CDE9001003A814460391FFF7C0F8C4
:100B5000002818DB0D4A52F820301BB1002142F862
:100B600020101970019B23B10021587042F82030E9
:100B700019702CB1002201A96846FFF761F90446FB
:100B8000204604B010BD0B24FAE700BF2826292018
:100B90002DE9F04F99B00D461446119011A8079316
:100BA000FFF796F80028C0F23986A84B53F820309A
:100BB0000BB100221A70C3B2184600930DF0B6F9BB
:100BC000C10700F12E86420700F12E86A04B002DB2
:100BD00008BF1D466B68129323B912AA032100981F
:100BE00000F052FE129A531EB3F5004F01D21A4282
:100BF00001D0012312936B78D5F808A00293013B32
:100C0000012B029B88BF012302930AF1FF33B3F546
:100C1000004F2BD21AF00F0F18BF4FF4007AEE6876
:100C2000B6F1807F25D8731E334218BF0026079B7C
:100C3000B3F5007FC0F0FB85002C00F0F8850023A1
:100C400013AA012100982F78139300F01DFE0028AD
:100C500040F0418117F0080309930CD1139B3F2BFF
:100C600024D93F3B13933F23019305E04FF4007ACF
:100C7000D5E70026DBE70190DDF84C90B9F17F0F56
:100C800012D9079B750A5B0A05937B077DD507F090
:100C90000703042B0CD109F1A843B9F5805F03F5D4
:100CA0000413029380F0C2800E2015E1099BDBE75C
:100CB000B9F1806F5DD309F1A843002D03F504134A
:100CC00008BF4FF480750293019B1299203306935D
:100CD0000698B9FBF5F39B0003F207235A0A0E921C
:100CE0004A1E4942024402EB5323019A0B400393EC
:100CF0009B1AB3EB590F0D93D6D29144039BA9EBEA
:100D00000309B9FBF5F3A3F110020C93514B9A427E
:100D1000CAD80C9B4FEA45294FF0000807334746D5
:100D20004646DA08C246CDF82C800F9209F1FF3210
:100D3000CDF8208002EBD3031092B3FBF9F30493B8
:100D40001593DDE9033205FB02330A93079B23F475
:100D5000FF7B2BF0010BB8F1000F7FD0B8F1010F32
:100D600000F08E8016FA87F6B8B24FF00008B6B2DF
:100D700090E0B6F5813F0CD3B9F5805F94D309F1CB
:100D8000A84303F5041302939EE7B6F5813F28BFFD
:100D9000802517F0020207F001030A9211D09BB9D7
:100DA00009F1A843129903F5041301F1FF3E4942EA
:100DB0000493CAF316130B93002D00F0EA822E461B
:100DC000A2E2002B00F0368509F1A843129903F541
:100DD000041301F1FF3E49420493CAF316130B9327
:100DE000002D40F00C834FEA19371B48012630F8DC
:100DF000022B12B1BA4240F2DA82B9FBF6F240F6A7
:100E0000F5704FF0010B824293BF02EB42020232B7
:100E10000227012797BF013252005208033202F223
:100E2000FF12530A03930B9B089380E2002D7FF47B
:100E30004BAFB9F5002F06D3B9F1806F34BF402511
:100E40004FF4807540E708253EE700BF282629209B
:100E500010280260EDFFFF7F742E0260304600F024
:100E60007FFD721C80B292B286423FD1012706EB11
:100E700007081FFA88F8B8F1000F30D17F2F37D854
:100E8000013F06F10102304614BF4FF001084FF058
:100E9000000896B2C2B20B9BC0F30F2004EB0A010C
:100EA00004F80A2002EB7302487000EB72030B9304
:100EB000089B023308931EB10AF10200584520D165
:100EC0000AF201230A9A214600984FEA532A534610
:100ED00000F0CEFC88B1012019B0BDE8F08F40468B
:100EE00000F03EFD8045C9D10137C0E71646D1E785
:100EF0004FF002084FF6FF70CCE726B10A9B53442F
:100F00000A93824627E7089A4FF0010A109BCDF812
:100F10005CA013440F9AB3FBF9F302F2FF16049A94
:100F20001693D318760ADDF80C9003EB0A0B0A939C
:100F3000079B23F4FF7828F001085F464246002112
:100F400020460EF06CFCABEB070327B1B8EBD30FD8
:100F50004FEAD30234D8059B4A4621460098B34253
:100F600028BF33469B4600F083FC0028B3D1B6EB84
:100F70000B06D94422D1B346B2460E9F4FF0FF096B
:100F80004246002120460EF04AFCBBF1000F20D162
:100F90006FF007034FF0020B082284F801902370D2
:100FA00084F8029084F8039084F8049084F8059003
:100FB00084F8069084F8079033462BE0BB46BCE7E4
:100FC00003F00703A15C013F0AFA03F30B43A354A8
:100FD000B9E70022F0E7022E21D818A9013601EB6B
:100FE000830353F80CACBAF1000F18D0904516D912
:100FF0003346BAF1010F0BF1010B04EB020007932A
:1010000014BF59464FF0FF310BF0DBF804320AF100
:10101000FF3A079BBAF1000FDDD09045E9D8059B58
:101020002146069ABB42009828BF3B46079300F032
:101030001FFC00287FF44FAFDDE906231A44FF1A96
:1010400006929DD13946424620460EF0E8FB8323A6
:101050000F9904F138002370812384F8357084F8E7
:101060002030022384F8367084F8343084F83770E6
:101070002F460BF0A6F882230B9904F1440084F864
:1010800040300BF09EF804F154030499184606937F
:1010900002310BF096F804F15803089918460493AE
:1010A0000BF08FF8039B0A9A05FB0236059B21463D
:1010B00032460098BB4228BF3B46984600F0D8FB1A
:1010C000014600287FF407AF4FF4007220460EF06F
:1010D000A6FBB7EB08074644E8D10223DDF80490ED
:1010E000DFF850B3079300214FF4007220462E46DC
:1010F0000EF095FBDBF80030019A04F1400023600C
:10110000DBF804306360BBF8083023819BF80A30B9
:10111000A37200230BF05DF8002304F14800139A3A
:101120000BF057F820230E9984F8503006980BF0F6
:1011300048F80D9904980BF044F80C9904F15C0000
:101140000BF03FF80A9B04F16000991C0BF039F892
:10115000029904F164000BF034F84FF0010384F8B5
:101160006930092384F86C3076081ED14FF00103F2
:101170003746B04684F86E30802384F86F30EB2316
:1011800084F87830FE2384F87930552384F8FE31D2
:10119000AA2384F8FF31A8F16A03012B0BD808F1C8
:1011A0000108F8E7012307939DE794F86D300133B8
:1011B00084F86D30D8E7B8F1700F08BF4FF07108B0
:1011C00014F8083008F10108B8F5007F03EB770741
:1011D000E1D1214601234A46009800F049FB09F17C
:1011E000010A014600287FF476AE424620460EF002
:1011F00016FB552309F1090884F8FE31AA2384F867
:10120000FF31631E059304F2FF130393059B13F84C
:10121000012F02EB7707039A9A42F8D12146012366
:101220005246009800F024FB0AF10109014600280B
:101230007FF451AEC14501D0CA46E7E70AF1030A7F
:101240004FF4007220460EF0EAFA059B13F8012FC6
:1012500002EB7707039A9A42F8D101234A462146C6
:10126000009809F1010800F003FB00287FF433AE79
:10127000D04501D0C146E8E7A019043639460AF046
:10128000A0FFB6F5007FF7D1012342462146009822
:1012900009F1020900F0ECFA00287FF41CAE079B6C
:1012A000012B7FF47FAF4FF00709099B002B40F023
:1012B0008E82139B14AA012100981593099B169303
:1012C00000F0E2FA00287FF406AE149E564B9E42D0
:1012D00040F26682052108274FF63E437F00013920
:1012E000FFB200F0AA82B6FBF7F29A42F6D84FF4AA
:1012F0000072002F40F0EA8139462046FF270EF0A9
:101300008EFAE7E176083546B9FBF6F29000A2F5D1
:101310007F4200F20720F63A430A44488242039390
:101320003FF6C2AC00234FF0200B03270893019B2C
:10133000032F03EB0B08DDE9022302FB0380089B6C
:10134000184400EB0E0202EA0102A2EB000230D1C7
:1013500093449044019BC3EB061202449145FFF471
:10136000A3AC089B032FA9EB0302DDE90203A2EB68
:101370000B0200FB1322B2FBF6F306932DD14FF6BE
:10138000F57293425FD8002D7FF48EAC012EB9D850
:101390008AE44FEA5940264A012632F8025B002DC2
:1013A000B2D0854201D90025AEE77600F5E7760098
:1013B0001DE5029BB2FBF3FC03FB1C2CBCF1000FF0
:1013C00004D0013A0BF1010B08F10108029BB2FBBA
:1013D000F3F2039B13440393BCE7022F2CD14FF687
:1013E000F572069B934211D95DB97500402D7FF6C9
:1013F000F7AC0A9B002BCCD1802D3FF655AC2E4686
:10140000FBE40A9B002B3FF44FACD8E440F6F572A6
:10141000069B934217D8002D7FF446AC7500802DB3
:101420007FF6DEAC40E400BFF7E10700FFFFFE0FF0
:10143000822E0260B66C026040F6F572069B934203
:101440003FF632AC01274FF40072002120460EF027
:10145000E6F9CF4A032F029B116808BF4FF0000A3C
:1014600084F80EB02160CBF3072B5168B9F5803FAB
:1014700084F811A0CAF3072A61601189927A218148
:10148000A2724FF002026673227384F80FB02374C5
:1014900084F812A080F0EE8084F81390C9F3072935
:1014A00084F81490F822019904F11C0062753F221F
:1014B0002276FF22A2760AF084FE032F049940F0E0
:1014C000DF8004F1430004F147020AF07AFE039939
:1014D00004F124000AF075FE022384F82C30012365
:1014E00084F83030062384F83230802384F840308A
:1014F000292384F84230A74B03F1100153F8040B61
:101500008B4242F8040BF9D119884FF0550B9B78A8
:101510004FF0AA0A1180214693700123019A009886
:1015200084F8FEB184F8FFA100F0A2F981460028FA
:101530007FF4D1AC079B032F23F4FF7525F0010541
:1015400037D1019A012321460098063200F090F924
:101550004FF40072494620460EF061F952234122B1
:101560007221237004F5F47063706123E270A3703C
:1015700084F8E731069B84F8E41184F8E511591EDC
:1015800084F8E6210AF01DFE0223019A214684F820
:10159000EC3101230732009884F8FEB184F8FFA1F2
:1015A00000F066F90123019A214600981A4400F0E0
:1015B0005FF949462A4620464FF0000A0EF02FF9FF
:1015C000012F754B14BF6FF007099946032F72D195
:1015D000F8232370FF236370A370E370237163719A
:1015E000A371E37123726372A3720F23E372039DED
:1015F000059B214642460098AB4228BF2B469B469E
:1016000000F036F9014600287FF465AC4FF4007213
:1016100020460EF004F9B5EB0B05D844E8D1BAF139
:10162000000F029A4FF0010A0CBF012302239A42D5
:10163000CCD8089B032F18BF1E46059D4246214665
:101640000098B54228BF35462B4600F011F9002816
:101650007FF441AC761BA844EFD1032F30D0139B0D
:10166000B3F5803F2FD2022F14BF4FF001094FF086
:1016700004091AE6494604F120000AF0A2FD11E728
:1016800004F1270004F12B020AF09BFD039BA375D4
:10169000C3F30723E375802384F82430292384F8D7
:1016A00026303E4B03F1100153F8040B8B4242F8F5
:1016B000040BF9D128E7494620460AF082FD96E757
:1016C0004FF00C09F1E54FF00609EEE50021204648
:1016D0000EF0A5F83F220DF1540A04F5E37804F565
:1016E000FB7393465AF8045B642D7CD9A8182CBF71
:1016F00001210021B04200F28B80002940F0888057
:101700001146404601930AF05CFD294608F10400A9
:101710000AF057FD019B08F8049C4345B2FBFBF11E
:10172000B1FBF7F007FB101CC1EB811108F8050CA9
:10173000A2EB010108F807CC4FEA900C2A4401F112
:1017400001012CF03F0C41EA0C0108F8061C02F1E3
:10175000FF31B1FBFBF5B5FBF7F007FB105CC5EB08
:10176000851508F8010CA1EB05014FEA900508F872
:1017700003CC01F1010125F03F0541EA050108F81C
:10178000021C15D0A2B1964208F11008AAD80FE0A9
:10179000D26C0260DE6C0260F8FFFF00F26C026047
:1017A0004FF40072099920460EF039F83F2E18D8F0
:1017B000552300222146009884F8FE31AA2384F89C
:1017C000FF31012300F054F800287FF484AB00229D
:1017D0000098114600F058F8003818BF0120FFF7B4
:1017E0007BBB082776E708D1B0182CBF0121002168
:1017F000B0420DD861B9354682E76421B6FBF1F1FC
:101800004D43A8182CBF01210021864200D309B105
:10181000B51A75E7002D7FF473AFC9E70B20FFF70A
:101820005BBB0320FFF758BB0A20FFF755BB112015
:10183000FFF752BB1320FFF74FBB4FF400725CE57C
:1018400008B5044B53F8200006F0C7FD003818BF58
:10185000012008BD4028026010B5044C54F8200057
:1018600006F0C9FD003818BF012010BD40280260F5
:1018700010B5044C54F8200006F0D4FD003818BF11
:10188000012010BD40280260002313B514460193C7
:1018900005292CD8DFE801F0030D0F1F2B210521AE
:1018A000154B53F82000F5F7A3FF003818BF0120AF
:1018B0000EE00121F4E7104B01AA022153F82000A9
:1018C000F5F796FFA8B9019BB3F5803F11D22380AD
:1018D000C0B202B010BD0421E2E7074B127853F802
:1018E00020000AB90721DEE700220621DBE70420F9
:1018F000EEE70120ECE700BF402802607F2801D816
:1019000080B27047B0F5803F11D240F2B5139942D2
:101910000DD1084A002332F8021B814201D19BB24B
:1019200002E00133802BF6D18033D8B2704700201B
:10193000704700BF3E3102607F280DD940F2B513D9
:10194000994208D1FF2806D800F10040034B8038A7
:1019500033F8100070470020704700BF3E3102602E
:10196000B0F5803FF0B522D21F4A83B21F49B0F5CF
:10197000805F28BF0A46141D34F8042C2146AAB102
:10198000934213D334F8025C2E0AEFB252FA85F573
:10199000A84223DA082E09D8DFE806F0050A10135A
:1019A0001517191B1D00801A34F810301846F0BDA9
:1019B0009A1A02F001029A1A93B2F7E7103B9BB20F
:1019C000F4E7203BFBE7303BF9E71A3BF7E7083346
:1019D000F5E7503BF3E7A3F5E353F0E70434002EBB
:1019E000CAD101EB4702C6E74C2F0260902E02607D
:1019F000044BD3F87032DB0602D4034B18687047EF
:101A00000248704700800D404C26292000366E01A8
:101A1000104AD2F8803043F00303C2F8803002F558
:101A2000F212D2F8403143F00203C2F840310A4BBF
:101A300000BF013BFCD1094A0120D2F8203123F438
:101A4000F85323F0010343F4B85343F00103C2F801
:101A50002031704700C00F40801A060000800D4002
:101A60000F4A037911689B0321F4E0319BB20B43C9
:101A700043F4803313601168036821F4415103F08B
:101A80007F0321F03F010B4343F4005313601368BD
:101A9000002BFCDA136823F480331360704700BF17
:101AA00000800D400F4A437811699B0321F4E03117
:101AB0009BB20B4343F4803313611169037821F423
:101AC00041515B0021F0020103F002030B4343F498
:101AD000415313611369002BFCDA136923F480333B
:101AE0001361704700800D4008B50E4B1A699204CF
:101AF00014D51A6942F040021A610B4B01201A6B8F
:101B000022F000421A631A6B22F080421A6300220C
:101B10001A601A6B42F4C6121A6308BD0348FFF735
:101B2000C1FFEAE700800D4000900D40AD6D0260FE
:101B3000C0F30B41024600F01F0001F1804101F5A6
:101B4000582108B50B68C340D80718D50B6813F4A3
:101B5000404F16D1FFF74CFF0B68D90310D4654BEB
:101B60009A425AD02FD8A3F5A0039A4200F0BE8023
:101B700009D80D2A41D0A3F580139A4244D0002001
:101B800008BD0020E8E75C4B9A42F8D15B4B07EEBA
:101B9000900A93ED146AB8EE677B93ED185AB8EE8D
:101BA000466B1B6BB8EE455BDB0727EE067B4CBF35
:101BB00016231423434387EE056BBCEEC66B16EE6B
:101BC000100A1844DCE74E4B9A4200F089800FD887
:101BD0004C4B9A4251D003F580039A42CFD1474BE8
:101BE000D3F8E03003F00303474A52F82300C7E775
:101BF000464B9A42C3D14648C2E7404B1B6803F0AC
:101C00007F0343435808BBE73C4B1B6913F0020FAB
:101C10000CBF142316235843B2E7384B07EE900A43
:101C20001A6FB8EE675B93ED207A93ED246A02F0A9
:101C30007F02B8EE477BB8EE466B25EE075B85EE7C
:101C4000067BBCEEC77B17EE101A00FB02101A6F62
:101C500012F4C0120DD0B2F5002F0CD0D3F87031B1
:101C60002C4A1340B3F5004F38D0934288D18008F6
:101C700086E78008F2E74008F0E7204B07EE900A7D
:101C8000D3F8A020B8EE675B93ED2C7A93ED306A21
:101C900002F07F02B8EE477BB8EE466B25EE075B9D
:101CA00085EE067BBCEEC77B17EE101A00FB021018
:101CB000D3F8A02012F4C0120CD0B2F5002F0BD034
:101CC000D3F8703103F04043B3F1804F06D0B3F145
:101CD000404FCBE78008F3E74008F1E740084FE7C3
:101CE000064BD3F8E030C3F381037DE7034B1B6A57
:101CF0008CE700BF0D0070000D00300000800D402B
:101D00001400E0000D00A000602802601500E00053
:101D100040787D0100808000044BDB68DB0702D443
:101D20000348FFF705BF0348704700BF00C00F40DE
:101D30000D00100000366E0110B5C000094CBF2325
:101D400001F03F01D4F800218340814022EA0302E0
:101D50008023834011431343C4F80031C4F80011B9
:101D600010BD00BF00800D4010B504461448FFF7B9
:101D7000DFFE1221A0FB0101032C1ED8DFE804F0D6
:101D8000020B11170F4BD3F8002102F03F02002382
:101D9000F0F7E6FA10BD0B4BD3F80021C2F3052291
:101DA000F5E7084BD3F80021C2F30542EFE7054BF6
:101DB000D3F80021C2F30562E9E70020EAE700BF9B
:101DC0000D00300000800D4010B5204C6069A36903
:101DD00010F000701AD003F44053B3F5805F07D0C1
:101DE000B3F5005F0ED07BB91948FFF7A1FE01E003
:101DF000FFF7FEFD154B5B69C3F3C2630133B0FB14
:101E0000F3F00DE01348F0E70020F3E703F440237C
:101E1000B3F5002F15D004D86BB1B3F5802F0FD0D8
:101E200010BDB3F5402FFBD10D20FFF781FE2369D4
:101E300003F00703E2E70748BDE81040FFF778BE6C
:101E40000220BDE81040FFF78FBF00BF00C00F4069
:101E50000D0010000D00300008B5FFF7B5FF044B72
:101E60005B69C3F382230133B0FBF3F008BD00BF0D
:101E700000C00F4008B5FFF7EFFF044B5B69C3F3E9
:101E800001230133B0FBF3F008BD00BF00C00F40D9
:101E900010B5084CE3695B0608D5FFF7A9FDE369B7
:101EA00003F03F030133B0FBF3F010BDFFF7E2FF97
:101EB000F5E700BF00C00F4010B504461448FFF717
:101EC00037FE1221A0FB0101032C1ED8DFE804F02D
:101ED000020B11170F4BD3F8F02002F03F02002342
:101EE000F0F73EFA10BD0B4BD3F8F020C2F30522F9
:101EF000F5E7084BD3F8F020C2F30542EFE7054BB6
:101F0000D3F8F020C2F30562E9E70020EAE700BF5A
:101F10000D00100000800D4010B50C4C63695A068E
:101F200010D563691B0609D50120FFF7C5FF63695A
:101F3000C3F302430133B0FBF3F010BD0220FFF7FF
:101F400013FFF4E7FFF740FFF1E700BF00C00F40C9
:101F500008B51B2863D8DFE800F0111115191D2101
:101F60000E252A2C313335494B4D525456585A5C64
:101F70005E60373B3F434FF4004008BDBDE808407A
:101F8000FFF76ABFBDE80840FFF7C6BFBDE80840DD
:101F9000FFF770BFBDE80840FFF77ABFBDE8084013
:101FA000FFF726BD0D20BDE80840FFF7C1BD1D4865
:101FB000F9E70020BDE80840FFF77EBF0120F9E700
:101FC0000220F7E70320F5E7BDE80840FFF7A4BECD
:101FD000FFF7A2FE8008D0E7FFF79EFEC008CCE71F
:101FE000FFF79AFE0623B0FBF3F0C6E70E48DAE7E8
:101FF0000E48D8E70020BDE80840FFF7B5BE012035
:10200000F9E70220F7E70320F5E70948CBE709489D
:10201000C9E70948C7E70948C5E70948C3E70020F9
:10202000ABE700BF0D0010000D0020000D003000D8
:102030000D00E0001400E0001500E0000D0070004D
:102040000D00A00038B51F4A1F4B52F8304002EB7C
:10205000C00253F820305568DAB202F1804202F52E
:102060007C221168C3F30422C3F34C3393400B402A
:102070000621D340154A01FB0022D05CFFF768FF20
:102080007CB1E3B2C4F3042203F1804303F57C2363
:102090001968C4F34C3393400B40D3400133B0FB79
:1020A000F3F0EBB2C5F3042203F1804303F57C2384
:1020B0001968C5F34C3393400B40D3400133B0FB58
:1020C000F3F038BD70280260F8280260AF6D02603E
:1020D000314A324908B5D2F8883043F47003C2F867
:1020E00088300B892E4A23F001031B041B0C0B8143
:1020F000138923F001031B041B0C13810B88580761
:1021000005D50B8823F004031B041B0C0B801388DC
:102110005B0705D5138823F004031B041B0C1380F5
:10212000204B1A68900430D51F4A5A604FF6FF7250
:102130009A601A6822F0A00242F020021A604FF062
:10214000E0231A69D10703D51A6922F001021A6146
:10215000114B5A69920315D45A6912F4003211D105
:10216000BFF34F8FBFF36F8FC3F85022BFF34F8F72
:10217000BFF36F8F5A6942F400325A61BFF34F8F39
:10218000BFF36F8F0BF0DEFE08BD4CF220525A6099
:102190004DF62812C9E700BF00ED00E000800B40BB
:1021A00000000D4000C00B4020C528D900F01F02E0
:1021B000084B000A914003EB800003239340DA436D
:1021C00010B550E8003F13400B4340E80034002CAA
:1021D000F7D110BD68C00F400346054A002052F8F1
:1021E000041B994202D001300928F8D1704700BF82
:1021F0003C2902602DE9F04700260B6804460D4695
:102200004FEA42099E464FEA83084FF0040C3746D6
:1022100041F6FF7AB9FBF8F101319844C1F34F015F
:10222000514528BF5146012938BF01210CFB01F05F
:10223000B2FBF0F0834234BFC01A181A704598BF41
:102240005FFA8CF60CF1010C9CBF86460F46BCF180
:10225000210FDFD16422B3FBF2F303EB4303734599
:10226000C0F08C802046FFF7B7FF464B032133F9BF
:102270001000FFF79BFFA368321F013E43F00203EB
:10228000032A4FEA0666A360A36806F0F85623F017
:102290000203A360236998BF43F4003323F01F2394
:1022A00023F0FF0333433B432361236923F00053AF
:1022B0002361A369EA7B23F4E2632979120223F004
:1022C000070302F4E0620B431A43AB7B9B0003F06D
:1022D000040313436A79012A4BD1002946D023F421
:1022E0000063A361EB7922695B0322F4005203F4DB
:1022F0000053134323616A7A2B7A43EA0243E36271
:10230000A36A43F08803A362A36A43F44043A36231
:102310006B7B2A7B1B01616A520103F0100302F000
:10232000200213430B436362AB7A1BB1636A43F031
:1023300008036362EB7A1BB1636A43F001036362D3
:10234000A979114B114A002918BF1A466369134332
:1023500063612A7CA3690AB143F400236A7C0AB151
:1023600043F480230020A361BDE8F08743F40063B9
:10237000B7E70029B5D043F01003B2E740F221508F
:10238000F2E700BF3E32026000C01FE000C01FC085
:1023900010B5C36A13F4E06FFBD143695B02FCD54F
:1023A0004369002443F0C02343F4F813436184617C
:1023B000FFF712FF034B214633F91000BDE8104030
:1023C000FFF7F4BE3E32026081690269084B120ACF
:1023D0000B4002F040021A430369806A1B0A00F4B2
:1023E000407003F08003134323F440731843704795
:1023F00000C3F00F4269836A03481B0C03F0C30358
:1024000013431840704700BFC3C0FFC110B58B070E
:102410000C4C04EA010407D0826A230422F47032CF
:1024200003F4403313438362436903F07853234337
:102430004361FFF7DFFF204240F21A5008BF00203F
:1024400010BD00BF03C01FC000F01F02084B000AF0
:10245000914003EB800003239340DA4310B550E82A
:10246000003F13400B4340E80034002CF7D110BD6F
:1024700068C00F4050B1064B984206D003F5804328
:10248000984214BF0320022070470120704700BF0C
:1024900000002C40F8B5066B0546836B0C461E40C9
:1024A00016F0C00F06D077064CBFCB680B690BB196
:1024B000496A9847444B334093B116F4702F36D095
:1024C000E7692FB1636A41F6661221462846B8478C
:1024D000AB6B23F4702323F00103AB630023636031
:1024E0003A4B1E420AD0A26823689B78002B2BD15E
:1024F000374B1E4228D0E769002F57D1F10504D58C
:10250000636913B1616A28469847720704D5A369C5
:1025100013B1616A284698472E4B33402BB17301A3
:1025200003D52846D4E9083198472E63F8BD616881
:1025300028460BF0C8FDE7690028C2D1002FC7D09C
:10254000636A41F66D12C0E7B10609D52368DB78EE
:10255000012B25D0216828460BF0DEFDA060CDE7D9
:10256000F30604D5216828460BF0FBFDF6E7370794
:1025700008D52368DB78032B04D12368164ADB686F
:1025800012681A60B007B9D52368DB6843B12368C5
:102590002268216852688968D868514300F0A6F91A
:1025A000E769002FAAD041F66C1201E041F66712EC
:1025B000636A21462846B847AA6B084B1340AB63B1
:1025C000002323609AE700BF01000F003200700172
:1025D000000070110050000400A02820CDFF8FEEF5
:1025E00038B50446FFF746FF1C4B0D46032133F96F
:1025F0001000FFF729FFE36A43F0E063E3622A7902
:10260000A16A1201636C21F44C71E06A02F030029D
:1026100003F0E02320F470200A43A97943EA014340
:1026200069790B43E979090201F4F8510B43297ADE
:10263000090601F0F8510B432968090401F47021DF
:102640000143E1626364A2620022A36C23F00903E8
:10265000A364034B6363A263236338BD50320260FB
:102660003F517F152DE9F04F12F00304C1F35C01D7
:102670005AD19F074FF6FC761CBF23F003030433A7
:10268000B3FBF6F506FB153606B10135099E012EA2
:1026900002D18C421BD1013505EB0408884546D890
:1026A000E600274600EBC40C4FF6FC79DFF884A067
:1026B000DFF884B0B84510D8099B012B29D1083622
:1026C000835943F0210383510020BDE8F08F50F877
:1026D0003460F607DFD50134DBE74B4515D84BB145
:1026E00019049E46CCF8042041F025017244A3EB66
:1026F0000E0304E004324FF48021CCF804B040F81B
:1027000037100CF1080C0137D4E74FF6FC7E514628
:10271000E8E704F10054013C2C4450F8343043F015
:10272000020340F83430CFE741F66810CDE70320CC
:10273000CBE700BF0000FCFF00A028202DE9F84FE8
:10274000D3E9004988460546114694B1E07800F186
:10275000FF3CDCF1000040EB0C002F6B17F48057BE
:1027600009D04FF4805341F669162B633046BDE81B
:10277000F88F2046F1E7C8F80490C8F80040C8F880
:102780000870002C5DD0002954D030B9E37822467F
:102790002846C3F340030BF05FFE23786278DB002A
:1027A00043EA02132269002A0CBF042602261E43B4
:1027B000E378022BD4E901BA3ED146F02006D9F8DD
:1027C00020303E4343F40013C9F8203000283BD0AA
:1027D0005F46AB6CBB46002723F00103AB64AB6ADA
:1027E00023F44073AB62314653465A4628460BF0F9
:1027F00014FC06460028B9D1D8F80030002B30D0A0
:102800001A4B1B4A002F08BF1A46E378D91E4B42C9
:102810004B4142EAC3032B63E178AB6BC81E4142D4
:10282000414143EAC103134349462846AB630BF0D9
:10283000BEFC9BE70120B0E7DF1E7B427B419F018E
:10284000BDE7A2460126C4E7D4E901312069594316
:1028500018B100F061F80127C5E7E06800F072F8F0
:10286000F9E7044A2A63AB6BDDE700BF33007F0161
:1028700003007F1101000F00F8B50C46154606460F
:102880002822002120461F460CF0C9FF2B68304645
:10289000114AE3606B682361AB686361EB68A36115
:1028A0002B69E3616B69C4E90837FFF7E3FD0B4B64
:1028B00043F820400A4B1A600A4B33F91030002BC2
:1028C00008DB0122590903F01F0302FA03F3064A49
:1028D00042F82130F8BD00BF95240160542629201C
:1028E000502629205632026000E100E0002910DD68
:1028F00000F01F030B44BFF34F8F06490344C1F898
:102900005C0220301A1A002AF9DCBFF34F8FBFF3A4
:102910006F8F704700ED00E0002910DD00F01F030D
:102920000B44BFF34F8F06490344C1F868022030BF
:102930001A1A002AF9DCBFF34F8FBFF36F8F70476D
:1029400000ED00E0002910DD00F01F030B44BFF391
:102950004F8F06490344C1F8700220301A1A002A2A
:10296000F9DCBFF34F8FBFF36F8F704700ED00E0CE
:102970002DE9F04F0D4687B01E46CB0949000446AD
:102980000093002301F01E010392059341EAD5193B
:10299000002800F0F18083684FEA891803EB89135F
:1029A00093F8383013F00103019302D090F8967039
:1029B00027B10127384607B0BDE8F08F06F57F53F1
:1029C00005A83F33B3F5804F2CBF4FEA933A4FF041
:1029D000010A0CF06FF994F89430534504D205982D
:1029E00002270CF070F9E5E74FF0000C4FF0800A79
:1029F00004EB8901E6462269B6F5804F029633461C
:102A0000106828BF4FF48043BEF1000F08BF934603
:102A10002061F61A94F8940000F1FF3084F89400D5
:102A20004FF0010010604FF00000506003987044B8
:102A30009060906800F5805020F47F6020F00F00D7
:102A4000D060D06800F580501061106900F58050AA
:102A50005061506900F580509061506863F31E40EA
:102A60005060D069D2F8089063F31E30C9F30B09A7
:102A7000D06120F0004020F47F6020F00F0040EA99
:102A80000900D06103D1506840F4004050605068A4
:102A90009E446AF307005060486D002835D00260FC
:102AA0004A65002EA7D115F00F021CD10099D1B1B3
:102AB000A06800EB080191F83810890713D5029936
:102AC00089B1C18E99420ED950F80810C1F30A415C
:102AD000B3FBF1FE01FB1E332BB950F8083066F34F
:102AE0005D7340F80830ED080123059805F01005E6
:102AF0001543AB40BCF1000F21D16268D2F8B02180
:102B00001A4206D00CF0DFF854E7DDF804C04A6141
:102B1000C6E76168D1F8402142F48042C1F8402103
:102B20006268D2F8B851D2F840114904F1D5D2F810
:102B300040112B4221F48041C2F84011E2D1A26839
:102B400000214244C2F808B0A2684244D1600B4957
:102B50006268C2F8B0316268D2F8B8511D42D1D172
:102B6000013902D10CF0AFF823E7D2F8BC511D4275
:102B7000C8D1C2F8B031EEE703271BE78096980072
:102B80002DE9F04F02EB410A4FF0010901EB02136E
:102B900085B000EB8A08002741EAC2110546D8F843
:102BA000144009FA03F94FEA8A1ADFF8E0B024F07A
:102BB0001F04CEB24FF0FF32CDE9017714B905B052
:102BC000BDE8F08F019B3BB9A368A18B03EA0B031F
:102BD000C1F30B010B4301936368190647D50292B9
:102BE0006968D1F8B43143EA0903C1F8B4316B68BC
:102BF000D3F8B41111EA090FFAD1D3F8B83113EAB6
:102C0000090FEDD16B68C3F8BC91D8F81430D8F82F
:102C100054108B4236D1C8F814700121C8F8547092
:102C2000AB6853449960AB685344DF6063681B042E
:102C300003D4D8F814301F2B0BD801A928688DF8BD
:102C40000C608DF80D7008F0C6FB4FF0FF32CDE937
:102C5000017767602B69236095F894302C6101330C
:102C600085F89430D8F8144024F01F04A6E7616872
:102C7000E369C1F30E41C3F312335B1A029919449D
:102C80000291BFE71B68C8F81430CFE700F0FFFFE0
:102C9000254B73B5009303F5007316460193831E0D
:102CA000DAB2012A35D9062538E0012414701F4C08
:102CB0001F4A84F89700E2601E4AA26002AA02EB53
:102CC000830353F8083CD3F84021636042F00202CA
:102CD000C3F84021D3F840219207FBD4D3F8242134
:102CE00002F01F0012F0180F84F8950019D0D3F8E5
:102CF000A8210E4822F003022160C3F8A821D3F8CE
:102D0000A82142F00202C3F8A8210BF01DFC346098
:102D100004E0094A1578002DC7D00325284602B0E3
:102D200070BD0125FAE700BF00002E406026292073
:102D300000902820009828200F3A292008B9032065
:102D400070470D4B984202D10C4B00221A7042681A
:102D50000023C2F848314168D1F8402122F0010235
:102D6000C1F8402141681846D1F8402142F00202E2
:102D7000C1F84021704700BF602629200F3A292062
:102D8000CB0801F00F022DE9F04303F010034D00D2
:102D900085B04FF00108134305F01E0500240F46CF
:102DA00008FA03F845EAD1150646009400287FD0BA
:102DB0000FFA85F9684606EB85050BF07BFF4FF0AF
:102DC000FF336A69019422F01F040293C4B96B694E
:102DD0002046DFF8E0C023F01F03CBB9B268012022
:102DE00002EB89129060B26802EB8912D3600098FE
:102DF0000BF069FF002C51D1002005B0BDE8F08335
:102E0000E37F43F08003E377246824F01F04DDE7C9
:102E100093F91F20002AEADA5A6812F0800F12D0C4
:102E2000D6F804E0DEF8B42142EA0802CEF8B42174
:102E30007268D2F8B4E11EEA080FFAD1D2F8B821CC
:102E400012EA080FEBE7019A4AB99A68B3F81CE056
:102E500002EA0C02CEF30B0E42EA0E0201926A69FC
:102E6000696D8A4215D1686168655A68120413D485
:102E70006A691F2A98BF0124586032691A60336159
:102E800096F89430013386F894306B6923F01F0371
:102E9000A3E712686A61E8E70124EDE7002301A9CE
:102EA00030688DF80C708DF80D3008F094FAA3E7B7
:102EB0000320A2E700F0FFFF034A044B0260142046
:102EC0009B1AB3FBF0F07047E8FD016014FF01604E
:102ED00010B50446F3F7DAFF054803685B0703D033
:102EE000044A012105F0C6F920460BF00CFF00BF93
:102EF000EC092920156E02602DE9F047044600AF69
:102F00000D46EFF31189102383F31288BFF36F8FFF
:102F1000DFF8E080324AD8F80030966859075BD075
:102F20000428EA468AB0117C94BF2E4B2E4B6A4689
:102F300098BF53F82030C2E9073140F201332B48E3
:102F400093842B4BC2E9050442F8103F00234FF451
:102F500031512848F4F75AF9D54665B1EB69D8F8EC
:102F60000020C3F3080333B152071ED0224A0121C7
:102F7000204805F07FF9D8F800305B0715D016BB64
:102F80001E48E8468AB06A461D4BD061C2E9053644
:102F900040F2013313841B4B42F8103F00234FF4DF
:102FA00011511448F4F732F9C54629462046FFF777
:102FB0008FFF89F31188BFF36F8F3046F7F70CF955
:102FC000BD46BDE8F08730460CF0E0F80028D7D0C9
:102FD0000378002BD4D0D4E7002DBFD1E5E700BFA4
:102FE000FC26292060290260246E02603A6E02608D
:102FF00005000001EC092920626E0260326E026059
:10300000836E02600400000138B5094B53F820407C
:10301000013053F82050A54200D838BD636823B171
:1030200020460BF078FE0834F5E723689847FAE766
:10303000742902602B4B0122032070B52A4C86B004
:103040002A4D1A70FFF7E0FF01F0FCFC0BF07FFE49
:103050000420FFF7D9FF26463034AE4210D3224C6D
:1030600001F060F8224EAC4226D301F06FF8F1F780
:1030700039F8204A137B23F00103137306B070BDA7
:1030800054F80C3C059354F8103C049354F8143C49
:10309000039354F8183C029354F81C3C019354F8E1
:1030A000203C009354E90A2354E90C0100F08CFD04
:1030B00054F8303C5E65CEE7D4E90A23B3F1FF3F14
:1030C00008BFB2F1FF3F05D052EA0301206803D1E7
:1030D0000CF05EF83034C6E73146183001F070FA73
:1030E000F8E700BF103A29201404026014040260BB
:1030F000F1F20160681B292006480021064A08B544
:10310000121A0BF020FE0548054A0021121A0BF096
:103110001AFE08BD300C2920143A29200000002096
:103120000000002070B5F823164E86B0012203FB84
:103130000066154B154D044605930F231449CDE940
:10314000033200234FF4A072CDE90133182303FBAF
:1031500000554FF4C0700F4B00FB04113046009532
:1031600000F032FD737B0C4A23F00403EE602C74F4
:1031700073734FF4086304FB033313446B6006B0AE
:1031800070BD00BF701A2920E56E0260FC26292060
:1031900080922920C1EE0160008A2920BFB500205D
:1031A000FFF732FF2C4B83F308882C4D0024F023CB
:1031B0002B4E2C4F85F82230EC772C766C76AC7643
:1031C00085F820406B6A43F4E0236B62F6F7CCFF8E
:1031D000F7F7E4F94FF0FF33AB62EB62224DF7F7FC
:1031E0000BFBF7F747FAF3F7A7FD40F20113284668
:1031F000AB81C5E9264401F007FCB5600BF077FD13
:103200001A4DF3F7DDFB0120FFF7FEFE0220FFF76A
:10321000FBFE00F0CFFF164BB5614FF40152059352
:103220000123144928460094CDE90343CDE9014424
:103230003B4600F0C9FC6A7B0646284622F00402A1
:103240006A730BF0FBFF2046FFF76CFF3A463146EE
:103250002846F7F773F900BF8092292000ED00E0BF
:10326000FC26292035300160781D2920681B292083
:10327000EA6E02600094292038B5064C064DAC4237
:1032800001D3002038BDD4E90112204614340BF0DC
:103290005FFDF4E7B40A2920DC0A292038B50020B4
:1032A000054C064DAC4200D338BD20460BF0B6FDB0
:1032B0000028F9DB1C34F5E7440A2920B40A292048
:1032C00073B50C46EFF31181102585F31288BFF317
:1032D0006F8FC5685DB125602B68C360836901335A
:1032E0008361002081F31188BFF36F8F11E052EAF0
:1032F000030603D16FF00B002560F3E7CDE900234F
:103300000246083000F050FE18B9034B9B685B6919
:10331000236002B070BD00BFFC2629202DE9F341D7
:1033200004460E4600F10808EFF31187102181F3DF
:103330001288BFF36F8F006AE168884239D225682E
:10334000AC421AD0CDB128460BF0C5FD05F11800EE
:103350000CF048F8A2680024314668690CF037FA8E
:103360002846C5F8B0400BF069FF4046394600F0EA
:1033700095FE204602B0BDE8F081A2683146E069C2
:103380000CF025FAE369A26804F12400102113442B
:1033900062699342E36104BF2369E361236A0133F5
:1033A00023620CF0D3F9002087F31188BFF36F8FED
:1033B000E0E752EA03010AD00649404689684E61B7
:1033C0003946CDE90023224600F0EEFDD2E76FF04A
:1033D0002200E9E7FC262920F7B50446084604F157
:1033E0000807EFF31186102181F31288BFF36F8F66
:1033F000216A00293AD0A268A1690CF0E8F9A36912
:10340000A2682568134462699342A36104BF2369DB
:10341000A361AC42236A03F1FF33236234D0284610
:10342000002D32D00BF057FD05F118000BF0DAFF3C
:10343000A2686969E0690CF0CAF9E369A2682846E4
:10344000134462699342E36104BF2369E361236A21
:10345000013323620024C5F8B0400BF0EFFE38467C
:10346000314600F01BFE204603B0F0BD52EA0301D6
:1034700010D00A498968486131463846CDE90023B1
:10348000224600F091FDEFE7002086F31188BFF39C
:103490006F8FE9E76FF02200F7E700BFFC262920D5
:1034A0002DE9F341044617461E46EFF31188102319
:1034B00083F31288BFF36F8FC368334A7BB1806890
:1034C0009168884219D057EA060318D188F3118809
:1034D000BFF36F8F6FF00F0002B0BDE8F08191680D
:1034E00091F90E1001332161E3609368A36088F3C2
:1034F0001188BFF36F8F0020EEE72169F2E791F9A1
:103500000E106FF07E0290F90E309942A8BF194656
:103510009142B8BF11468B422DDD0BF0E9FC054608
:10352000224641461948CDE9007600F03DFD0028CD
:10353000E1D0EFF31186102383F31288BFF36F8F6E
:10354000A068D0B1236821699C420AD04BB193F99D
:103550000E309942A8BF19466FF07E039942B8BF5A
:1035600019460BF0C5FC40B13146084800F096FD05
:103570006FF00A00B0E70025D2E7002DF4D186F302
:103580001188BFF36F8FF3E7FC262920113A292019
:10359000F8B583680546002B40D0234A92689342D1
:1035A0003FD1C368012B03D9013BC3600020F8BDA4
:1035B000EFF31187102383F31288BFF36F8F016934
:1035C00080680BF095FC2C68AC4207D10023C5E95C
:1035D000023387F31188BFF36F8FE7E7002CF5D034
:1035E000002604F11800D4E9003213605A60637BAE
:1035F000A66023F00203C4E9006663730BF0F2FED9
:10360000AC6094F90E3020462B61C4F8B0600BF02A
:1036100015FE3946054800F041FDC7E76FF015007B
:10362000C5E74FF0FF30C2E7FC262920113A2920D8
:1036300037B51146EFF31185102282F31288BFF3DC
:103640006F8F04689CB123680121426823F0030353
:103650009442036008BF436020460BF0D1FC04464F
:1036600085F31188BFF36F8F204603B030BD51EA58
:103670000302F5D000F10802CDE9001310462946F7
:1036800000F092FC0028EFD1014B9B685C69EBE7EE
:10369000FC26292070B5EFF31186102383F31288DE
:1036A000BFF36F8F0468A0421BD0D4B1002504F192
:1036B0001800D4E9003213605A60637BA56023F0E0
:1036C0000203C4E9005563730BF08CFE2046C4F876
:1036D000B0500BF0B3FD31460848BDE8704000F033
:1036E000DDBCD0E90232022110309A4218BF01330A
:1036F00040F8083C0CF02AF8EDE700BF113A292009
:1037000013B5EFF31181102484F31288BFF36F8F88
:10371000846844B1013C846081F31188BFF36F8FEA
:10372000002002B010BD52EA030406D181F31188D3
:10373000BFF36F8F6FF00F00F3E7CDE90023024670
:10374000014800F031FCECE7113A29202DE9F04165
:103750000546EFF31187102383F31288BFF36F8FB1
:1037600000266FF00A082C68A54215D0A4B104F118
:103770001800D4E9003213605A60637BA66023F01E
:103780000203C4E9006663730BF02CFE2046C4F804
:10379000B0800BF053FDE6E7002305F11000022195
:1037A000AB600BF0D3FF39460248BDE8F04100F0B2
:1037B00075BC00BF113A29201FB5094A02AB92E837
:1037C00003004FF4886283E8030000934FF0FF3357
:1037D0000449054800F0FEF8002005B05DF804FB40
:1037E0008806026080B42920601C29202DE9F0435E
:1037F000054685B0494E4FF0FF384FF0FF39EFF3E3
:103800001187102383F31288BFF36F8FD5F8F84028
:103810008CB9022105F588700BF033FC00285CD1CF
:10382000002305F5807239463D480293CDE90089B1
:1038300000F074FDE3E7D5F8FC2023689442C5F856
:10384000F83008BFC5F8FC30D5F8103143F002035A
:10385000C5F81031E36823F0040343F00103E3608B
:10386000636887F31188BFF36F8F20469847EFF3A3
:103870001187102383F31288BFF36F8FE368D90693
:1038800023F0010233D4E260E3689A0716D523F0EF
:1038900002033068E36088B10368002270B14168B8
:1038A0008C4232D1036852BB72683360824200D1CD
:1038B0007360002340F8083BFFF7ECFED5F81031A9
:1038C00023F00203C5F8103187F31188BFF36F8F1F
:1038D000DB0594D400F076FC91E705F584740022B2
:1038E000012120460BF05BFD0028F8D198E723F07A
:1038F0001103E36004F11000FFF7CCFEC4E713608E
:103900007368834208BF7260D3E723B11968024627
:1039100018460B46C2E71946F9E700BF28272920B9
:10392000113A2920F8B5C36804460F469A07C3F335
:1039300040062BD45B0719D40B680BB983680B6066
:10394000E368DD0745BFA368022601263B603D68AA
:10395000002D3AD01E4B9B68AB420AD0D5F81031EF
:10396000D807C3F3800214D46FF0120600233B6023
:1039700025E00BF005FCD5F810310028F0D1D9076F
:10398000C3F3C002F0D552B15B0708D46FF00F0645
:10399000ECE7002AFAD1C3F3C003002BF6D10023D1
:1039A0002360D5F8FC3063B9C5E93E4428460BF0E6
:1039B00082FBE36843F00403E3603B68A3603046A6
:1039C000F8BD1C60C5F8FC40F0E76FF01506CDE7C8
:1039D000FC262920F0B50446002089B0C4E93E0049
:1039E00004F580700E9DC4E9400004F58470C4E9BC
:1039F00042004DB32879002840F2011008BF012091
:103A0000C4F8100100204FF0FF364FF0FF3700944C
:103A1000CDE90330CDE901000C4B2046CDE9066726
:103A200000F04EF955B1296811B1204600F074F844
:103A30006B791BB1237B43F001032373204609B04C
:103A4000BDE8F0400BF0A4BB0120D9E7ED370160E1
:103A500037B501900846EFF31184102181F31288E5
:103A6000BFF36F8FC16811F01E0F17D153EA020523
:103A700008D101A9FFF756FF84F31188BFF36F8FB8
:103A800003B030BD41F00801103040F8041C01992A
:103A90008161034900F094FD0120EDE70020EBE790
:103AA000C7F0016001460148FFF7D2BF601C292022
:103AB000F7B50C4616461D460190EFF3118710230B
:103AC00083F31288BFF36F8F08460BF0E5FA55EACF
:103AD000060309D101A92046FFF724FF87F31188C7
:103AE000BFF36F8F03B0F0BDE36804F110003246FE
:103AF000054943F00803E360019BA3622B4600F0F5
:103B00005FFD0120EAE700BFC7F001600146014800
:103B1000FFF7CEBF601C292010B5044608B9054B3D
:103B20009C681F2204F178000BF0B7FE002084F897
:103B3000970010BDFC2629202DE9F74F0C46D1B384
:103B4000CAB3477B561EDFF87C8008466FB34FF040
:103B500000094FF0010A4D460AFA09FB17EA0B0F5C
:103B60001DD0721BD8F804108A4228BF0A46D8F824
:103B7000001001920BF02BFE019A37EA0B07154457
:103B800004EB050011D0A6EB050B0C49BBF1010FAE
:103B900028BF4FF0010B5D445A460BF018FE09F1A7
:103BA000010908F108086019D6E7002303702046D0
:103BB00003B0BDE8F08F0248FAE700BFFB6E026079
:103BC0007C4502608C2902602DE9F04FD51D85B03F
:103BD0001F4600F1580325F0070504460E46042150
:103BE000BF35DDF838B0DDF84C8006F1400A25F02D
:103BF0007F05C0E91633129B00203F2DA5F1400937
:103C00002373119BA0606173A373E073C4E9060082
:103C100005D880F31188BFF36F8F084602DF354463
:103C20004A46AA2150460BF0FAFD29462046F5F7F0
:103C3000CFFF0730109B314620F00700C4E926A9CA
:103C4000C4F8A0002D1A029320460F9B2A464FF07D
:103C50000009CDE900B33B46F6F7C0FB0F9BC4F863
:103C60005490E366109BC4E9197B2367EFF311823C
:103C7000102181F31288BFF36F8F104EB16AB462C6
:103C8000616782F31188BFF36F8FB8F1000F11D015
:103C90001F22414604F178000BF0FFFD84F8979055
:103CA000B3680BB1D3F8A4302846C4F8A43005B0EB
:103CB000BDE8F08F84F87880F2E700BFFC26292069
:103CC000F0B5002587B004460595109D04950F9D1D
:103CD00003950E9D02950D9D01950C9DDDE91276D3
:103CE0000095FFF771FFB6F1FF3F08BFB7F1FF3F47
:103CF00005D056EA070305D1204600F0E1F9204639
:103D000007B0F0BD3A463346024904F1180000F00E
:103D100057FCF4E7F1F2016038B590F90D20014647
:103D2000437B002A04DA03F07F0343730BF043FA6A
:103D30000D4D2A46AB6852F81C4F944200D004B98E
:103D4000EC688B4207D05A7BD20604D1DA897F2AED
:103D500001D9A2692AB1A34202D0204600F01EFB7D
:103D60002346AB6138BD00BFFC26292070B590F911
:103D70000D30427B002B36DBD10634D18369002B1A
:103D800031D162F07F021B4C4273224652F81C1F55
:103D9000914218BF0B46216A23B9C0E9002108608F
:103DA00020620CE090F90E5093F90E60B5421BD0E2
:103DB000AE4219DD5968C0E9003108605860E56914
:103DC000954200D005B9E568A3685A7BD20604D1B4
:103DD000DA897F2A01D9AA6952B1AB4202D02846BA
:103DE00000F0DCFAA56170BD9942D6D01B68D3E71C
:103DF000A361F8E7FC262920002A2DE9F8430CBF2F
:103E00004FF010094FF00809427B04460F4619EAAB
:103E1000020F21D149EA0203D2092AD14373B9F131
:103E2000080F2CD04FF00008384E334653F81C5F73
:103E30009D4200D005B9F568B368AB4202D0284670
:103E400000F0ACFAB9F1100FB56144D1BFF35F8F48
:103E5000637B23F0600363732C4B9B68A3424FD1B9
:103E6000EFF30583002B4BD13846BDE8F843F6F756
:103E7000C9B903F07F0343730BF09DF9CFE7A36843
:103E800013B120460BF09FF904F1180004F1580615
:103E90000BF0A8FAA56DAE4211D04FF0000875B135
:103EA00028460BF090F905F118000BF09BFA284614
:103EB000C5F8B080FFF75AFFA56DAE42EFD1134BA6
:103EC0009B689C42AED1EFF30588B8F1000818BF9B
:103ED0004FF00108A8E72046F6F70CFB204600F05B
:103EE000B5FAB8F1000FB1D0094D40F20113AB8122
:103EF00000232846C5E9263300F086FDB560A5E716
:103F000087F31188BFF36F8FBDE8F883FC26292063
:103F1000781D292070B590F90D200146437B002AB9
:103F200004DA03F07F0343730BF045F94B7B1D4C20
:103F300063F07F0322464B7352F81C3F206A934282
:103F400008BF002323B9C1E90020016021620CE011
:103F500091F90E5093F90E60B5421ED0AE421CDDB1
:103F60005868C1E9003001605960E569A36895426D
:103F700000D005B9E5688B4207D05A7BD20604D140
:103F8000DA897F2A01D9AA692AB1AB4202D0284630
:103F900000F004FA2B46A36170BD9842D3D01B6891
:103FA000D0E700BFFC262920F8B5124B0C4611467D
:103FB000114A9868DDE906761060EFF3118210224D
:103FC00082F31288BFF36F8F9D6828460BF005F9C6
:103FD000B6F1FF3F08BFB7F1FF3F06D03A46334680
:103FE000064905F1180000F0EBFA2046BDE8F8405C
:103FF000F6F708B9FC26292030272920F1F20160C4
:10400000F8B50446EFF31187102383F31288BFF34A
:104010006F8F437B49B2DA0619D18569BDB903F0C8
:104020007F031D4E43730BF0C6F8437B817363F02F
:104030007F034373334653F81C2F9A4218BF15462B
:10404000326A5DB9C4E900321460346211E00020C4
:10405000A17387F31188BFF36F8FF8BD95F90E0038
:10406000814214D0884212DD6A68C4E900521460AB
:104070006C60F4699C4200D004B9F468B3689C4257
:1040800002D0204600F08AF90120B461E1E7AA429B
:10409000D8D02D68D5E700BFFC26292049B9EFF319
:1040A000058030B9054B9A699B689A4201D0F6F7B2
:1040B000A9B881F31188BFF36F8F7047FC262920C0
:1040C00010B5EFF31184102282F31288BFF36F8FC3
:1040D000427B510704D484F31188BFF36F8F10BD66
:1040E00022F004024273FFF741FE21460248BDE878
:1040F0001040FFF7D3BF00BF113A2920034648B94B
:10410000EFF3058232B9064A91699268914201D073
:10411000F6F778B883F31188BFF36F8F704700BF4D
:10412000FC262920EFF31181102383F31288BFF3BB
:104130006F8F054B9A68D37B013BD37381F3118852
:10414000BFF36F8F704700BFFC26292070B5EFF3D7
:104150001186102383F31288BFF36F8F144DAB6861
:10416000DA7B0132DA732A4652F81C4F944200D0AF
:1041700004B9EC685A7BD20604D1DA897F2A01D9C6
:10418000A2692AB1A34202D0204600F007F92346D3
:10419000AB6186F31188BFF36F8FEFF311801023AB
:1041A00083F31288BFF36F8FBDE87040FFF7A6BF9F
:1041B000FC262920024B03F11C02C3E907227047A9
:1041C000FC262920F8B5EFF31186102383F312881B
:1041D000BFF36F8F1D4CA0682146437B03F07F0324
:1041E00043730AF0E8FFA3685A7B62F07F025A73B8
:1041F00051F81C2F206A8A4208BF002222B9C3E965
:104200000010036023620CE093F90E5092F90E70D7
:10421000BD4217D0AF4215DD5068C3E900200360EE
:104220005360E5698D4200D005B9E568A3689D42F9
:1042300002D0284600F0B2F83046A561BDE8F8404B
:10424000F5F7E0BF8242DAD01268D7E7FC262920D2
:1042500050EA01032DE9F04105460E4603D1FFF770
:10426000B1FF00202BE0831C71F1FF3329DB0BF041
:10427000CEF82C18EFF31188102383F31288BFF3C4
:104280006F8F124F124BB8681860FFF745FDB86882
:104290002A4610493346183000F092F9BA68404671
:1042A000537B43F010035373F5F7ACFF0BF0AFF8FB
:1042B000201A63EB0303012873F10003D1DBBDE88F
:1042C000F0816FF00104241AD4E700BFFC262920F6
:1042D00030272920F1F20160B1F1FF3F08BFB0F1B2
:1042E000FF3F08B506D1094B98680AF0B6FF4FF0BA
:1042F000FF3008BDFFF7ACFF0A22C11709304FF0AD
:10430000000341F10001EEF72BF8F2E7FC2629202B
:10431000014B9868704700BFFC262920D3B5DDE922
:104320000667089CCDE90067FFF73EFE1CB1034B12
:104330009B685B69236002B0D0BD00BFFC262920CA
:10434000044B0122C01A044BC0105843034B1A54AB
:10435000704700BF701E2920ABAAAAAA113A2920D3
:10436000C3897F2B12D80A4B1B6863B1094B90F9A4
:104370000E201B689A4209DB437BDB0606D1064B05
:10438000C31A18BF012303F0010070470023FAE7A6
:104390003827292034272920701A29200E4B70B580
:1043A0001E7C05460D4C06EB460304EBC304204679
:1043B0000BF018F80A4B002228469A55FFF7D0FF59
:1043C00048B1084B204608491A68013ABDE87040D8
:1043D000D31700F0F5B870BDFC262920701E2920E7
:1043E000113A2920382729204143016038B5EFF3DD
:1043F0001185102383F31288BFF36F8F104B114A7E
:104400009C681068A04206D1FFF7C8FF85F31188A9
:10441000BFF36F8F38BD00211B7C11600A4AD35C4B
:10442000002BF3D02046FFF79BFF0028EED0637BE4
:10443000DB0602D12046FFF76DFD2046E4E700BF12
:10444000FC26292030272920113A2920EFF3118159
:10445000102383F31288BFF36F8F0A4A936A834253
:1044600007D15B6F936281F31188BFF36F8F704741
:104470001346002BF7D05A6F8242F9D1426F5A6728
:10448000F1E700BFFC262920F8B506460F46EFF3FA
:104490001183102282F31288BFF36F8F0B491546E8
:1044A0008C6A24B983F31188BFF36F8FF8BD83F34F
:1044B0001188BFF36F8F39462046B047EFF3118361
:1044C00085F31288BFF36F8F646FEAE7FC2629201B
:1044D0000C480D4A0D49121A08B50AF036FC0C4872
:1044E0000C4A0D49121A0AF030FC0C4A0C490D48CE
:1044F0000AF02BFC0C480D4A0D49121ABDE8084081
:104500000AF023BC000029202C0C2920706F0260C7
:104510000000292000002920706F026000000000C8
:104520009C7B0260000000000000002000000020D2
:104530009C7B0260034B1B680BB9FBF797BB002009
:10454000704700BF3C27292030B570B10B4B5B682A
:1045500098420AD0036843B1D3E90421D0E9044565
:10456000121941EB0501C3E90421D0E900321360BF
:104570005A600023C0E9003330BD00BF2C08292059
:104580000E4B10B51C689C4204D1FFF7D3FF6FF0AF
:10459000004010BDFFF7CEFF002CF8D0D4E9043264
:1045A0001B1A62EBE072B3F1004F72F10001EEDA18
:1045B000002AACBF18460020EBE700BF2C082920DA
:1045C000B3F1FF3F08BFB2F1FF3FF8B504461D4607
:1045D00016465ED08160EFF31187102383F31288B3
:1045E000BFF36F8F013275F1FF3324DA2E496FF07C
:1045F0000103D1E900209B1A4FF0FF3262EB00006B
:104600009E1B60EB0500012E70F1000301DA01260C
:104610000020C4E90460254ED6F800C07568B44592
:1046200008BF4FF0000CBCF1000F0DD1C4E90065CC
:104630002C6074601CE0FFF77DFF013645F100053A
:10464000361845EBE070E4E7DCE90420D4E90431F6
:10465000934271EB000E1DDAD21ADCF8043060EBE5
:104660000100CCE90420C4E900C31C60CCF804407C
:104670003368B34209D09C4207D10D4B1C6824B962
:10468000FFF77EFF2146FBF773FA87F31188BFF32C
:104690006F8FF8BD9B1A61EB0001AC45C4E9043192
:1046A000C4D0DCF800C0BEE7881E29202C082920D1
:1046B0003C2729202DE9F84FEFF31186102383F3CF
:1046C0001288BFF36F8FDFF8B8904FF0000A2A4DC1
:1046D0004FF0000B294C2860D9F80000484508BF6E
:1046E00000202B683746D4E9001E80B34FEAE37CF4
:1046F000D0E9048643457CEB060206DAB8EB0302F8
:1047000066EB0C06C0E9042621E018EB01014EEB34
:10471000E873C0E904ABC4E90013FFF715FF87F3A2
:104720001188BFF36F8F83689847EFF311871023C9
:1047300083F31288BFF36F8F2B683E46D9F80000D1
:10474000A3EB080348452B60CBD1D4E9001E5918D0
:104750004EEBE373C4E9001300242C60FFF710FF55
:104760002146FBF705FA87F31188BFF36F8FBDE889
:10477000F84FFFF73BBE00BF3C272920881E2920A9
:104780002C08292010B5EFF31184102383F312882D
:10479000BFF36F8FFFF7CEFE054A0346D2E9000153
:1047A000181841EBE37184F31188BFF36F8F10BDCC
:1047B000881E2920F8B50446EFF31187102383F3F0
:1047C0001288BFF36F8F026822B187F31188BFF39D
:1047D0006F8FF8BDD0E90A36581C46F10001022857
:1047E00071F1000127D3012B76F10001BCBF012339
:1047F00016465D1E46F1FF360AF00DFE013041F10E
:104800000001401946EB0101012871F100013ADB7A
:104810000AF001FE01306FF0010241F10001401980
:1048200046EB0103121A4FF0FF3161EB0303184905
:104830002046FFF7C5FE236B01332363236A6BB168
:1048400087F31188BFF36F8F236A20469847EFF3F1
:104850001187102383F31288BFF36F8F54F8185F0A
:10486000A542B2D0002DB0D028460AF00FFD00239B
:10487000C5F8B03087F31188BFF36F8F2846BDE8C5
:10488000F8400AF0DBBC6FF001024FF0FF33CEE7D7
:10489000B54701602DE9F04105461C4690461F468C
:1048A000EFF31186102383F31288BFF36F8FB4F1F7
:1048B000FF3F08BFB2F1FF3F05D186F31188BFF378
:1048C0006F8FBDE8F081531C74F1FF3309DB012ABF
:1048D00074F10003BCBF0122002412F1FF3844F13F
:1048E000FF3728460AF07EFD06492846DDE9062303
:1048F000C5E90A23002342462B633B46FFF760FECF
:10490000DBE700BFB54701602DE9F74F1D46274B98
:10491000164680469F68012387F8603087F861302B
:1049200052EA050307F160020CBF012300230AF0DD
:1049300040FE8146EFF3118B4FF0100A8AF3128884
:10494000BFF36F8F97F860404CB901465A46404616
:104950000AF0D0FD8BF31188BFF36F8F0BE00023BB
:1049600087F8603056EA050309D18BF31188BFF34D
:104970006F8F6FF00A04204603B0BDE8F08F0C4A39
:1049800059460C48CDE90065FFF70EFB0446EFF3EE
:1049900011858AF31288BFF36F8F2A464946404635
:1049A0000AF0A8FD85F31188D6E700BFFC26292070
:1049B00034082920123A292038B50346EFF311852F
:1049C000102282F31288BFF36F8FC16001218160D2
:1049D0000068834206D185F31188BFF36F8F0024EE
:1049E000204638BDD0E9003213605A600023C0E988
:1049F00000330AF056FE294604460248FFF74EFBF4
:104A0000EEE700BF123A2920014BC0F8A4307047EE
:104A1000B40A292038B504460D460AF0B1FB28B97E
:104A2000064B9B68D3F8A4300BB938BD044B2A461B
:104A300021461846BDE838400AF0AFBEFC262920C2
:104A4000B40A2920014803F04DB800BF2C6F026062
:104A50000CB430B589B005460C461C22002101A8D3
:104A60000AF0DDFE02238DF806300E4B0293059509
:104A700023462CB1B4F1004F28BF4FF00043013B57
:104A80001D440DAA0C99069501A8009200F084F926
:104A900014B1059B00221A7009B0BDE8304002B085
:104AA000704700BFCDFC0160242A2DE9F041044687
:104AB00001D8012A4CD10BF011F9354B16221A50AE
:104AC00001B10C6000273846BDE8F08135462E461E
:104AD00016F8010B2028F9D0A0F10907042F03468E
:104AE000F4D92B2836D02D2837D14FF0010C6B7814
:104AF000AE1C302B38D1307840F0200078282FD1F0
:104B000032F010002CD173783446102202360CF1AA
:104B1000004001380027B0FBF2FE02FB1E08392BD3
:104B200082BF03F1FF3343F02003263B303B9A4220
:104B30001ED9774502DC03D1984501D24CF0020C16
:104B4000354607FB023715F8013B34462E46E6E7AB
:104B50000546BCE74FF0000CC9E74FF0000CC8E772
:104B6000002A08BF0822D2E7002A08BF0A22CEE79F
:104B700001B10C601CF0010F18BF7F421CF0020F46
:104B8000A1D007460BF0AAF8014B22221A509AE74F
:104B90000C000000242AF0B5044601D8012A40D1B7
:104BA0000BF09CF82D4B16221A5001B10C6000201E
:104BB000F0BD2F463D4615F8010B2028F9D0A0F195
:104BC0000906042E0346F4D92B282CD02D282CD1ED
:104BD00001267B78BD1C302B2DD1287840F0200099
:104BE000782824D132F0100021D16B782C46102285
:104BF00002350020392B82BF03F1FF3343F020033D
:104C0000263B303B9A421AD9A0FB02040CB9C018CB
:104C100001D346F002062F462C4617F8013B3D46CD
:104C2000E8E70746C6E70026D3E70026D3E7002AD1
:104C300008BF0822DDE7002A08BF0A22D9E701B130
:104C40000C60F20748BF4042B307B1D50BF046F8FD
:104C5000024B22221A504FF0FF30A9E70C0000004F
:104C60002DE9F04101260746B24201DCBDE8F081A2
:104C70003B461F4613F8014B002CF7D0252CF8D1EA
:104C80001C78252C07F10207F2D00023DFF80481FD
:104C90009C461D461F2D18D8A4F1200EBEF1100F02
:104CA00009D9A4F1300EBEF1090F1ED80A2404FB65
:104CB00003E3202504E028FA0EFE1EF0010F06D0C3
:104CC00017F8014B002CE5D128E07F2D1CD8A4F16A
:104CD000300EBEF1090FE9D9242C10D1BCF1000F20
:104CE00046D0B34246D00023EAE724F0040EBEF1DA
:104CF0002A0FF8D06C2C09D145F08005E0E724F0AC
:104D0000040EBEF12A0FEED06C2C22D06C2C1BD8D6
:104D1000682C23D06A2C28D04C2C26D0BCF1000F54
:104D2000A4D0B445A0D144F02007A7F1650CBCF194
:104D3000020F0B6801D9612F1ED1073323F007033F
:104D400008330B6001368EE7742CB9D07A2CB7D0BB
:104D5000E4E72C0648BF45F40075CDE7EC0548BFF5
:104D600045F4007545F48075AAE745F42075A7E77A
:104D70009C46B8E76324D6E7692C02D007D8632C99
:104D800003D02F0601D5AC05D7D40433D9E7732C53
:104D9000F6E700BF892801002DE9F04F93B0436882
:104DA0000193837880469807CDE9061217D50B92B8
:104DB0000B4600251F78A7B1252F16D00133059388
:104DC000019B414638469847002805F1010580F2CD
:104DD000358498F8023043F0040388F802304FF02D
:104DE000FF35284613B0BDE8F08F5F789A1C252F59
:104DF0000592E5D000242646A246A346BBF11F0F2C
:104E000032D8A7F12003102B0AD8DFE803F02409D9
:104E1000092A0909091B0909092209270909190091
:104E2000A7F13003092B2DD92A2F39D154B90B9B67
:104E30001BF0400F53F8042B0B9329D0164601E0CA
:104E40004BF0010B059B13F8017B0593002FD5D187
:104E50005BE04BF0020B4BF0040BF3E74BF0080B5D
:104E6000F0E74BF0100BEDE7BBF17F0F3FD8A7F158
:104E70003003092BD8D81BF0400F03D00A2202FBC5
:104E80000636DFE70A2202FB0A3A4BF0200BD9E78D
:104E9000B2F1000AF9DACAF1000A4BF0280BD1E7A7
:104EA0002E2F05D11BF0400F9BD14BF0400BC9E7D3
:104EB000242F1CD1002C00F04181079B0B931BF089
:104EC000400F0AD1524606980BA9FFF7C9FE0B9B6B
:104ED0001A1DD3F800A00B92B4E7324606980BA92E
:104EE000FFF7BEFE0B9B1A1D1E680B92AAE76C2FE4
:104EF00000F0118100F20881682F00F014816A2F00
:104F000000F019814C2F00F0168134B1079B0698F0
:104F10000B9322460BA9FFF7A3FE002E47F02009B2
:104F2000B8BF2BF0400BA9F16503BCBF1FFA8BFB88
:104F30000026022B40F20781B9F1610F40F0648234
:104F4000FF4307F0200304930B9B073323F0070371
:104F50001BF0400F03F1080208BF4FF0FF3693ED3E
:104F6000000B0B923146049A0CA80AF018FE01308F
:104F7000C3B2B3424BF4C054029301DB029B5E1EEA
:104F800001230C9F0393A3464FF0700907F1090317
:104F9000122B0DD907F16303C62B40F20D8107F2E6
:104FA000E73340F2CE72934294BF0323042303936A
:104FB0009DF8342002F00C0312F0010240F017813A
:104FC0001BF0020F40F010811BF0040400F0F6808B
:104FD000002B40F00F8120231BF4405F1FD1029A69
:104FE0004832002E6A4408BF0126133A029921B1C3
:104FF00012F8011D302900F034811BF0100F029AC5
:1050000018BF3246391DC0F23181B74280F22E817D
:10501000BA424BF4005B40F32B817E1C961B1BF4C1
:105020000052089200F0268127EAE774013403B1A8
:105030000134002E00F02681721C1444A245CCBF1E
:10504000AAEB040400241BF0090F04D12C44A54250
:1050500040F01D81002443B118464146019B98470A
:10506000002805F10105FFF6B4AE1BF4006F13D064
:10507000019B4146302098470028FFF6AAAE049BCA
:10508000C3F178004146019B00F0F80098470028E2
:1050900005F10205FFF69DAE1BF0080F05D12C446B
:1050A000AC4240F0008125460024089B002B00F014
:1050B0001A8127EAE77AA7EB0A077642029BBB42EE
:1050C00084BF0CABFB180AF1FF3A88BF5879019BEB
:1050D00098BF3020564505F10109414600F3ED80A7
:1050E0009847002807F10107FFF673AEBAF1FF3FBA
:1050F00008D1019B41462E2098470028FFF669AE53
:1051000005F102094D46D9E7742F3FF49BAE7A2F83
:105110003FF498AEF9E61BF0800F18BF4BF4007B0C
:105120004BF0800B8EE61BF4807F18BF4BF4007BA6
:105130004BF4807B86E64BF4207B83E62646B34621
:105140005446B2467EE6FF4307F0200304930B9BD0
:10515000073323F007031BF0400F03F1080208BFD9
:105160000626B9F1650F93ED000B0B9211D1711C5E
:105170000022C9B24BF4805B1346112928BF1121CC
:105180000CA800F0FBFAC3B2029302230C9F039316
:10519000FCE6B9F1660F05D14BF4005B3346012202
:1051A0001121EAE7F1B201294FF0000238BF0121D5
:1051B00013464FF06509E0E70223F8E6002B3FF4C1
:1051C0000BAFBAF1030F3BDC9DF83430A54E13F062
:1051D000080FA54B08BF1E463746B94617F8010B06
:1051E000B0BBAE1BB1447BE033BB2B23F4E62BBB3F
:1051F0002D23F1E62022BAF1040F13DD1BF0080F76
:10520000AAF104040FD12C44019B029241462020B4
:105210009847002805F10105FFF6DBADA542029A8B
:10522000F2D19AB10024019B4146104698470028CC
:1052300005F10105C8DACCE52B22DCE72D22DAE7FF
:105240001BF0080FAAF10304BED1DCE71446BBE74C
:10525000049BC01A4146019BC0B298470028BCDAA3
:10526000B7E502990139C9B20291BFE6561ED6E6EA
:105270000026D4E61BF4006F039A0CBF0324052418
:105280001444D4E61BF0100F18BF0134D6E609937E
:105290004146019B202098470028099B05F1010504
:1052A000BFF6D5AE95E5019B4146302098470028D2
:1052B00005F10105BFF6F4AE8BE598470028FFF62F
:1052C00088AD1BF0100F0BD0BAF1FF3F08D105F1EC
:1052D000020941462E20019B98470028FFF679AD30
:1052E0004D464C4432E29DF83500019B41469847BB
:1052F0000028FFF66EAD002E69DD019B41462E2091
:1053000098470028FFF665AD4FF0010A029B9A45C9
:10531000BBBF0CAB534430205879019B41469847A2
:105320000028D346FFF655AD0AF1010A5645EDDADD
:1053300002355D44049BA9EB03004146019BC0B2CA
:1053400098470028FFF645AD002FB4BF2D202B2035
:10535000019B4146B8BF7F4298470028FFF639AD10
:10536000039B042B41D14FF47A79B7FBF9F606F190
:105370003000019B4146C0B29847002805F1030563
:10538000FFF627AD09FB16774FF06409B7FBF9F676
:1053900006F13000019B4146C0B29847002805F154
:1053A0000105FFF616AD09FB16774FF00A09B7FBAA
:1053B000F9F606F13000019B4146C0B2984700283B
:1053C00005F10105FFF605AD09FB167715E01BF0A9
:1053D000100F01D10135ADE7019B41462E209847C2
:1053E000002805F10205A5DAF3E4039B032B05F180
:1053F0000205C9D0039B012BD7D107F1300005F17D
:1054000001094146C0B266E7A7F16303122B00F21F
:10541000FE80DFE813F013005600FC00FC00FC00E7
:10542000FC005600FC00FC00FC00FC00FC00160127
:10543000F700FC00FC002B00FC00B8000B9B1A1DC1
:105440001B680B928DF8303001240CAF1BF0080F55
:105450002DD03E19B946B1452BD1EF1BB944AAEB6B
:1054600004043DE7656F02601E4202600B9B1A1D3B
:105470000B921F68AB4B002F08BF1F461BF0400F5D
:1054800014BF31464FF0FF3138460AF016FA044691
:10549000DCE7019B4146202098470028FFF699ACA5
:1054A000013EB442F5D35544AD1BB246D1E7564652
:1054B000F7E719F8010B019B414698470028CADA23
:1054C00087E41BF0800F0B9B35D01BF4007F2DD0A1
:1054D000073323F00703D3E9000103F108020B921D
:1054E0002BF0100900291FFA89F936DA404261EBE6
:1054F000410149F480690DF1300B0A235A460AF044
:10550000FEF919F0400FA0EB0B0B65D029F001025A
:105510005E4592B240F3B280002F00F0A98019F0EE
:1055200010033446914626D002345CE01A1D1868F8
:105530000B92C117D4E71A1D1BF4807F19680B92D8
:1055400001D10846F5E71BF4007F15BF48B208B249
:1055500041F3C01141F3C031C2E750EA0103CAD19F
:105560001BF0400FC7D0002EC5D12BF0110B1FFA36
:105570008BF93446B34640F2064319EA03031CBFD5
:10558000013400232FE02BF0100B1FFA8BFB0A23B2
:105590001BF080040B9A57D01BF400711DBF07321B
:1055A00022F0070202F10801101D19BF0B91D2E988
:1055B00000010B90106850EA010252D12BF016093D
:1055C0001BF0400F1FFA89F94FD0002E4DD12BF060
:1055D000170B1FFA8BF9B34619F0100352D0002FA6
:1055E0004ED10BF1010419F0080F5ED119F0010F33
:1055F00006D0A2456EDDAAEB040404EB0B0654466C
:1056000022464DE04BF0100B10237827C0E7B9F18C
:10561000780F04D1C7F1780343F01003B8E7019B7A
:105620004146252098470028FFF6D3AB019B414611
:10563000384698470028FFF6CCAB0235059BFFF7AC
:10564000B9BB08230027A3E7111D0B911BF4807140
:105650001068B0D01BF400711ABFC0B2214680B2EE
:10566000A9E72BF0060B1FFA8BF90DF1300B45E77C
:1056700029F011091FFA89F934467CE79146ABE716
:105680005C4651E75C4676E7CDE902234146019B43
:10569000202098470028FFF69CAB029A039B01321A
:1056A0009245F1DC2C1BA5181446F3B1019B414631
:1056B000302098470028FFF68CAB6FB90135A9461A
:1056C0002E44A6EB09035B4521DC5D460CAE5DBBB9
:1056D000D944C4E65E4693E7023541463846019B0D
:1056E00098470028EBDAFFF774BB40F2064319EA4B
:1056F000030FE4D019F0020F14BF2B20202019F45F
:10570000806F05F10105414618BF2D20E7E7019B99
:10571000414630209847002809F10109D1DAFFF706
:1057200058BB00BF696F0260013D019B705D41463F
:1057300098470028CBDAFFF74CBB019B414620205D
:105740009847002805F10105FFF643AB631B002BCA
:10575000F3DC73E71FB502AB0093074A4FF0CC337D
:105760000AF0E3F9DDE90201C00840EA4170C90826
:1057700005B05DF804FB00BFCDCCCCCC2DE9F04FDB
:1057800055EC104B9DB0CDE90C322A460B91C5F378
:105790001303290DD20FC5F30A5507908DED050AA5
:1057A0000A9275B922461A431BD1302343710A9BD2
:1057B000056043F002030371012738461DB0BDE8C0
:1057C000F08F40F2FF7295424DD1059A13430A9B28
:1057D000079A14BF43F0080343F004031371002732
:1057E000EBE7059AB24D02F001020992059A4FEAE1
:1057F000830848EA9278970001229A461646C5F136
:10580000000B5846089200F017FAB5F1FF3FACBF05
:105810008146A0F10109ABEB090B09EB05035846E2
:10582000069300F01DFA18A9A0F17D05584600F076
:1058300037FA14AB089A0193A9EB050512AB029253
:10584000009305982B4618AA51460AF0B1F8B9F111
:10585000010F04460D4600F2D880099B002B40F052
:10586000CB8001276FE0059A02F001020992059AA8
:1058700043F4801A4FEA8A081343A5F2354548EAF3
:1058800092784FEA82074BD140F2FE7319420CBF67
:1058900001260026002D3246B1DB284600F0C6F96D
:1058A0000346032DC8BF013B1846069300F0D8F904
:1058B000069B7C305D1B054418A9184600F064FA6D
:1058C00014AB019312AB0093059802962B4618AACD
:1058D00051460AF06DF8069B152B04460D4600F262
:1058E000888016AB734A009338464FF0CC3341465C
:1058F0000AF01BF9169B179A9B0843EA827303EB85
:105900008303BB42DDE9129A0CD13846414600F0D0
:10591000AFF9069B83428CBF00270127002612E0C7
:105920000126B7E7099B002B53D1013F48F1FF3116
:10593000B81B61F1000100F09BF9069B099F8342AF
:105940008CBF002601260D9B002B40F09380DDF8D4
:105950002CB04FF00008CDF82080CDF814804FF027
:105960000A0ADDE91201FFF7F5FE149B1093CDE959
:105970000E0118461599FFF7EDFE0E9B0F9A119137
:1059800098420B469341814680F08E8020462946FE
:10599000FFF7E0FE109A0AFB09F3934214BF0026BA
:1059A00006F001060E9B12930F9BCDE91339119B54
:1059B0001593089BB8F1000F14BF002707F00107EB
:1059C00001330AFB10485FFA88F8089304460D4635
:1059D000C7E7B81C48F1000100F04AF9069B834272
:1059E0008CBF00200120B9EB00006AF10002CDE974
:1059F000120200273E46A6E7129B139A013B42F192
:105A0000FF32CDE91232012788E7B9F13E0FF0D815
:105A10004FF0FF33A9F1200003FA09F203FA00F076
:105A2000C9F1200123FA01F102430A4303FA09F301
:105A300027EA030728EA020857EA08070CBF0127EC
:105A400000276BE700FB02FCA1FB0012013362445C
:105A50008C4275EB020CF5D2069A13440C9A13444F
:105A6000D20F9342B8BF13460B9A9A42A8BF1A4668
:105A700093466EE70A21002201230846E8E70AFB65
:105A800003F0A2FB0A2301310344944275EB0300A7
:105A9000F5D2594510DDBBF1000F02D154EA0503E0
:105AA0000AD00123059371E70A2200230121ECE7C4
:105AB000CCFBFFFFCDCCCCCC7EB34FF00A0A149BBD
:105AC00015990F931846FFF745FE0F9B0E910AFBA1
:105AD00000F29A42814620D1DDE91201FFF73AFE39
:105AE00010900F9120462946FFF734FE0F9B109A25
:105AF0001292CDE913390E9B1593089BB8F1000F54
:105B000014BF002707F0010701330AFB10485FFAB2
:105B100088F8089304460D46D1E7069B089A13447B
:105B20009946002F5AD0B8F1050F57D114F0010350
:105B30004AD1059A32B9DDE914239D4208BF944247
:105B40005FD0059B18194FF00A0445F100010022AF
:105B500001262546A04271EB020755D2F3B1B345A9
:105B60001CDA0D9B73B10C9A06EB09031A44134619
:105B7000012A0B9AB8BF01239A42A8BF1A4696423F
:105B800093460BDD05304FF00A024FF0000341F160
:105B90000001ECF7E5FB09F10109013E5E45A8BFF4
:105BA0005E4637B20FFA89F9079B09FA86F607F1C4
:105BB0000508013E98444FF00009B9452BDB079BCF
:105BC0000A9A1E601A71F8E5059B2BB9DDE91423CA
:105BD0009D4208BF944209D00123B3E7059B53B906
:105BE000DDE914239D4208BF944204D1099B002B98
:105BF000F2D1002EF0D0B8F1040F94BF002301239E
:105C0000A0E74FF00408F1E705FB02F7A4FB05420B
:105C100001363A449EE70A220023ECF7A1FB30321A
:105C200008F8012D09F10109C7E700BF014B5843EE
:105C3000800C704741340100014B5843000D704700
:105C4000FB2E0B00014B5843C00C70474F931200C2
:105C5000024B5843C00C0130704700BF4F931200F5
:105C6000024B5843C00C0130704700BF4F931200E5
:105C70000A4A70B503464FF0CC3600204FF033355A
:105C800006FB03F402FB0144A3FB023121449D42C5
:105C900075EB010401D30130F2E770BDCDCCCCCC63
:105CA0002DE9F04F1A23354EB0FBF3FA03FB1A032C
:105CB00089B004460D4606EB0A1653B9D6E900230F
:105CC000C1E90023D6E90201C5E9020109B0BDE836
:105CD000F08F2B4A02EBC303D3E9008904AB009396
:105CE000D6E902234046494609F01FFF06AB009360
:105CF000D6E9002383460F464046494609F015FF82
:105D0000DDE9066216EB0B0652EB07084FF00003C5
:105D100028BF0123814633B1049B059A013342F128
:105D20000002CDE9043220460391FFF799FF0746B0
:105D30001A2000FB0AF0FFF793FF3F1A3246434652
:105D400003990097484609F00BFF4FEA141C0D4ACF
:105D5000640004F01E0352F82C40DC4004F00304FD
:105D6000241841F10001C5E90041DDE90423009751
:105D70003046414609F0F4FEA6E700BFA0070260E6
:105D8000D0060260CC2902602DE9F04F1A27DFF817
:105D9000ECA000F11905B5FBF7F56F433A1A4FEA8D
:105DA000051B89B004460E460AEB05150AD1D5E954
:105DB0000023C1E90023D5E90201C6E9020109B0C7
:105DC000BDE8F08F2B4B03EBC203D3E9008904AB92
:105DD0000093D5E902234046494609F0A6FE5AF849
:105DE0000B206B68013ACDE9020106A963F10003BB
:105DF00000914046494609F098FEDDE906528A4680
:105E000002996D18039952EB01084FF0000328BF67
:105E10000123814633B1049B059A013342F100020C
:105E2000CDE904323846FFF71BFF07462046FFF74F
:105E300017FF3F1A2A46434600974846514609F045
:105E40008FFE4FEA141C0C4A640004F01E0352F843
:105E50002C40DC4004F003040134241841F100011B
:105E6000C6E90041DDE9042300972846414609F0D0
:105E700077FEA2E7D0060260202A02607008026066
:105E800010EE103A07B51F4A23F00043934206D89C
:105E9000DFED1D0A03B05DF804EB00F023BBB3F1A6
:105EA000FF4F04D303B05DF804EB00F007BB684676
:105EB00000F0FAF800F0030001280BD0022812D0FD
:105EC000C0B9DDED010A9DED000A00F00BFB03B047
:105ED0005DF804FBDDED010A9DED000A00F0D8FD40
:105EE000B1EE400AF3E7DDED010A9DED000A00F096
:105EF000F9FAF5E7DDED010A9DED000A012000F059
:105F0000C7FDE4E7D80F493F0000000010EE102A5B
:105F100022F00043B3F1FF4F02D930EE000A704780
:105F20004FEAD27105D1DFED4E7A002900FE270A33
:105F300070474C48824202DD002000F0A3BA002ADC
:105F400005DA494A934202D9002000F08DBA474A47
:105F50009342F7EE005A52D9454A93424FEA8102E2
:105F600034D8444B1344D3ED006A434B134470EED2
:105F7000666AC1F10102D3ED007A521A36EEE70AE1
:105F800020EE007A9FED3D5A9FED3D6A17EE056ABF
:105F90009FED3C5A06EE075A9FED3B6A15EE076AE5
:105FA0009FED3A5A06EE075AB0EE406A05EE476A90
:105FB000B0EE007A20EE065A92BB36EE476AC5EE86
:105FC000067A37EEC00A35EEC00A7047304B9FEDB7
:105FD000317A1344D3ED007A40EE077A9FED2E7AA2
:105FE000FDEEE77AF0EE406A17EE902AF8EEE77AD7
:105FF00047EEC76A9FED297A67EE877ABEE7B3F16D
:10600000505F0BD29FED267A30EE077AB4EEE57A38
:10601000F1EE10FA02DD30EE250A70470022AFE7FC
:1060200037EE467A12F17D0F85EE076AB8BF64320B
:1060300077EEC67A77EEE67A75EEE77A17EE903A63
:10604000ABBF03EBC25303EBC25300EE103ADFEDDC
:10605000157ABCBF00EE103A20EE270A704700BF49
:10606000000000001772B142B5F1CF421872B13E84
:106070009115853F7C2A0260742A02604CBB313343
:106080000EEADD3555B38A38610B363BABAA2A3EA2
:10609000842A02603BAAB83F8071313FD1F717379D
:1060A000CAF249710000800DF0B510EE105A864A10
:1060B00025F00043934287B0044605D8002380EDC5
:1060C000000A4360002022E0804A93423AD825F03B
:1060D0000043002DDFED7E7A7E4A23F00F0318DDAA
:1060E000934230EE670A09BFDFED7B7A9FED7B7A42
:1060F0009FED7B7A30EE670A70EE477A30EE670AE2
:10610000C0ED007A30EE470A80ED010A012007B0A9
:10611000F0BD934230EE270A09BFDFED6F7A9FEDA5
:106120006F7A9FED6F7A30EE270A70EE077A30EEC5
:10613000670AC0ED007A30EE070A80ED010A4FF0E1
:10614000FF30E4E7674A934270D8B0EEC00A9FED93
:10615000667AF6EE007A40EE077AFDEEE77AF8EE20
:10616000E76A17EE900ADFED5A7A06EEE70A1F2873
:10617000DFED5A7A66EEA77A30EE677A17EE106A8C
:1061800009DC5A49471E25F0004251F8271022F039
:10619000FF028A4206D1C6F3C751DA15C1EBD353C9
:1061A000082B14DC266094ED007A30EE470A002DAF
:1061B00030EE670A84ED010AA9DAB1EE477AB1EE52
:1061C000400A84ED007A84ED010A40429FE7DFED4A
:1061D000427A9FED436A66EEA77A30EE677A30EE38
:1061E000470A70EE677A56EE867A37EE676A16EEE1
:1061F000101AC1F3C753D31A192B04DC84ED006ABB
:10620000B0EE470ACFE7DFED3A7A66EEA77A37EECF
:10621000670A37EE407A77EE677A9FED367A56EE68
:10622000877A30EE677A84ED007ABCE7B3F1FF4FEE
:1062300006D330EE400A80ED010A80ED000A41E706
:10624000DA15863AA3EBC25307EE903ABDEEE77A31
:10625000DFED296AB8EEC77A77EEC77A8DED037A5B
:1062600067EEA67ABDEEE77AB8EEC77A77EEC77A20
:106270008DED047A67EEA67AF5EE407AF1EE10FA2B
:10628000CDED057A1ED1B5EE407AF1EE10FA0CBFD5
:1062900001230223194901910221009103A82146FB
:1062A00000F078F9002DBFF632AFD4ED007AF1EEB0
:1062B000677AC4ED007AD4ED017AF1EE677AC4ED25
:1062C000017A82E70323E5E7D80F493FE3CB164085
:1062D000800FC93FD00FC93F00443537434435379D
:1062E00008A3852E800F494384F9223FA42A026027
:1062F00000A3852E32318D2400008043242B0260C0
:1063000010EE103A07B5204A23F00043934207D815
:10631000DFED1E0A002003B05DF804EB00F0B8BB0F
:10632000B3F1FF4F04D303B05DF804EB00F0C6B83F
:106330006846FFF7B9FE00F0030001280CD00228E0
:1063400011D0D0B9DDED010A9DED000A012000F069
:106350009FFB03B05DF804FBDDED010A9DED000A33
:1063600000F0C0F8F5E7DDED010A9DED000A01201F
:1063700000F08EFBB1EE400AEBE7DDED010A9DED8A
:10638000000A00F0AFF8F5E7D80F493F0000000021
:1063900051EC100B0B4631F0004107D190B10D4A82
:1063A0001A40002A14BF042003207047094A1342F0
:1063B0000AD0094B994209D9914209D1B0FA80F02B
:1063C000400970470220704703207047042070473F
:1063D000002070470000F07FFFFFEF7F024610EEC5
:1063E000100AC0F3C75320F0004183B9A9B3DFED11
:1063F0001B7A1B4960EE277A8A4217EE900AC0F397
:10640000C753A3F1190307DAC00F00F02DB8FF2B13
:1064100002D130EE000A70474CF250318A4202DD60
:10642000C00F00F02FB81344FE2BF9DC002B06DD63
:1064300020F0FF4040EAC35300EE103A704713F1DA
:10644000180FE1DB193320F0FF4040EAC3509FED05
:10645000050A07EE900A27EE800A70470000004CFC
:10646000B03CFFFF000000339FED040ADFED047A2B
:10647000002840FE277A27EE800A7047000080003F
:10648000000080809FED040ADFED047A002840FEC2
:10649000277A27EE800A7047FFFF7F7FFFFF7FFF8D
:1064A0009FED050ABFEE007AF7EE007A002847FE5E
:1064B000877A87EE800A70470000000008B52DED4E
:1064C000028BB0EE408A00F039FB20B938EE080AA2
:1064D000BDEC028B08BDDFED027A87EEA70AF7E775
:1064E0000000000010EE103A23F00043B3F1485FC3
:1064F000B7EE007A3BD360EE006ADFED1E5A9FEDE7
:106500001E6A1E4A06EEA56A9342DFED1D5A56EE3C
:10651000265A9FED1C6A05EEA66ADFED1B5A56EE61
:10652000265A9FED1A6A05EEA66A60EE200A26EE4C
:10653000266AF6EE007A56EE260A66EEA77A04D8A8
:1065400077EEE07A37EE670A7047114A93429ABFB6
:1065500003F17F4306EE903AF5EE026A77EEE67AB3
:1065600037EE660A77EEE07A30EE670A7047B0EEF3
:10657000470A70474ED747ADF6740F319999993E47
:106580007CF29334010DD037610BB63AABAA2A3DA9
:106590000000483F2DE9F04F2DED048BD9B0904617
:1065A0009B46669ABE4BDDF89CC153F822A0019031
:1065B00018F1040F0F460BF1FF3325DBB8F103028E
:1065C00048BF08F10402D210551CE900D41A9FED0F
:1065D000B87A0291A8EBC5050AEB03060DF1700924
:1065E0000CEB840E0021B14210DD1CA901EB8B01E4
:1065F0000DF588790026564526DCDDF804E0DFED50
:10660000AC7A0C46002016E00022DDE7CC425DBFEC
:106610005EF8210007EE900AF8EEE77AF0EE477A8E
:10662000E9EC017A0131DEE7FEEC016A94ED007AD3
:1066300046EE877A01309842A4F10404F4DDE9ECD7
:10664000017A01360431D6E708A901EB8A010CEB87
:106650008202DFED968A9FED949A0491039254464C
:10666000A200059258AA02EB840212ED140A44A972
:1066700008AA01EB8401164620460028A1F1040176
:106680004EDC2846CDE90632FFF7A8FEF4EE007A8C
:10669000B0EE408AB2EE007A60EE277AFBFE677AAF
:1066A00007EEC78A002DDDE90632FDEEC87A17EE47
:1066B000909AF8EEE77A38EE678A43DD601E08A903
:1066C000C5F1080C51F8206046FA0CF1894401FA32
:1066D0000CF1761A08A941F82060C5F107010E41B6
:1066E000002E3EDD4FF0000C09F1010960466445C3
:1066F0006ADC002D05DD012D00F08380022D00F005
:106700008B80022E2DD1B7EE000A30EE488A40B3BE
:1067100028460693FFF762FE069B38EE408A20E08B
:1067200060EE287A0138FDEEE77AF8EEE77A07EEB8
:10673000C90ABDEEC00AA6EC010A91ED000A37EEC7
:10674000800A9AE705D1611E08A850F82160F61169
:10675000C6E7F6EE007AB4EEE78AF1EE10FA31DA27
:106760000026B5EE408AF1EE10FA40F0A380611EDB
:106770000020514557DA002871D0013C08AB083D94
:1067800053F82430002BF8D02846B7EE000AFFF764
:1067900025FE631C44AA9FED457A990002EB830213
:1067A0002346002B80F2B4802346002BC0F2D28017
:1067B00044AA02EB8305DFF8ECC0DFED3D7A002050
:1067C000E21ABCE002268DE796465EF8041B60B92B
:1067D00081B10CF1010CC1F5807164454EF8041CC7
:1067E0000DDDDEF8001002F1080EC1F1FF014EF8D8
:1067F000041C01210CF1010C7246084677E70120C8
:1068000077E7611E08AA52F8212002F07F020DF1FD
:10681000200C4CF8212074E7611E08AA52F82120B0
:1068200002F03F02F3E708AA52F821200139104391
:106830009FE7013251F8040D0028FAD0059901F5BF
:10684000B071694404EB0B000DF1700C661C4C39FF
:106850000CEB80002244B24204DA144600E70499AB
:106860000122E7E7039CDDF804C054F826400594B4
:1068700007EE904AF8EEE77A0024E0EC017ADFEDCB
:106880000C7A86469C4203DDE1EC017A0136E2E7B0
:10689000FCEC016A3EED017A013446EE877AF1E7BD
:1068A000682E02603C2E0260000080430000803BA6
:1068B00000000000029BB0EE480AA3EB0800FFF7BF
:1068C0008DFD1FED077AB4EEC70AF1EE10FA19DB61
:1068D0005FED0A7A60EE277A08AAFDEEE77A0835BE
:1068E000F8EEE77A07EEC70AFDEEE77ABDEEC00ADA
:1068F00010EE103A42F8243017EE903A013442F884
:10690000243041E7BDEEC00A08AA10EE103AF6E7BF
:1069100008A850F82300019007EE900AF8EEE77AF5
:10692000013B67EE807A20EE070A62ED017A38E7D4
:10693000FCEC016AB5EC017A46EE877A01305045ED
:1069400001DC8242F4DA58A800EB820242ED287A98
:10695000013B2AE7669B022B09DC002B2BDC44D091
:1069600009F0070059B0BDEC048BBDE8F08F669BC1
:10697000032BF5D130AA0B1F13441A4620460028DA
:10698000A2F1040252DC2246012AA3F104035DDCD9
:1069900030AB5FED397A0B44012C67DCDDED306AFA
:1069A0009DED317A002E67D1C7ED006A87ED017A3F
:1069B000C7ED027AD4E730AB1FED437A0B44224691
:1069C000002A24DA4EB3F1EE477AC7ED007ADDED06
:1069D000307A77EEC77A31AA01239C4220DA0EB1D1
:1069E000F1EE677AC7ED017ABAE730AB5FED507A26
:1069F0000B44002C05DA0EB1F1EE677AC7ED007A90
:106A0000AEE733ED017A013C77EE877AF1E773ED7B
:106A1000017A013A37EE277AD2E7F0EE477AD4E7E7
:106A2000B2EC017A013377EE877AD6E7D2ED007ABD
:106A3000D2ED016A37EEA67A013877EEC77A82ED99
:106A4000007A77EEA67AC2ED017A98E7D3ED007A64
:106A5000D3ED016A37EEA67A013A77EEC77A83ED75
:106A6000007A77EEA67AC3ED017A8DE733ED017AED
:106A7000013C77EE877A8FE7F1EE666AB1EE477AEE
:106A8000C7ED006A87ED017AF1EE677A90E700BF03
:106A900010EE103A23F00043B3F1485FF0EE407A75
:106AA00001D200F03DB860EE006A9FED167ADFED8E
:106AB000165A56EE875A9FED157A05EEA67ADFED47
:106AC000145A57EE265A9FED137A20EE266A05EEE9
:106AD000A67A40B9DFED105A56EE875A45EE867A0F
:106AE000B0EE670A704726EE077AF6EE005A10EE0F
:106AF000A57A57EE260A9FED097A46EE470A30EE50
:106B0000600A7047D3C92E2F342FD7321BEF383687
:106B1000010D50398988083CABAA2A3EABAA2ABE8F
:106B20009FED057AF7EE007A77EE877A82B0CDEDA9
:106B3000017A019B02B070470000800010EE103A0D
:106B400033F000400DD0A0F50003B3F1FE4F0AD39F
:106B5000074B421E9A4208D9A0F1FF4358425841C0
:106B6000704702207047042070470320704700BF21
:106B7000FEFF7F00704708B508F04DFC0A22002395
:106B8000EBF7EEFB08BD2DE9F7434FF000090D468A
:106B900000F1E0444FEA9108CDF8049008F03BFC86
:106BA0004A4606460F46424519D308F034FC642491
:106BB000801BCDF8049061EB0701A0FB042304FBCC
:106BC0000133012A019973F1000122DB4FF47A703D
:106BD000A5FB0001EBF7C4FB03B0BDE8F083D4E9EB
:106BE0000013083220340B4454F8181C4B440B4457
:106BF00054F8141C0B4454F8101C0B4454F80C1C8F
:106C00000B4454F8081C0B4454F8041C03EB010912
:106C1000C9E70020E0E72DE9F04104460D464FEAC0
:106C2000910808F0F8FB002206460F46424504F1A1
:106C3000200117D3BFF34F8F08F0EDFB6424801BB6
:106C400061EB0701A0FB042304FB0133012A73F16C
:106C500000011BDB4FF47A70A5FB0001EBF780FB12
:106C6000BDE8F08104F1E043501C0C465860901CD4
:106C70001A609860D01CD860101D1861501D5861B2
:106C8000901D9861D01D0832D861CFE70020E7E75A
:106C9000002A00F1E0434FEA91014FF000000CBFE1
:106CA00001224FF48062F0B595001C46884210D353
:106CB000BFF34F8F00241E4620468C420FD31E4642
:106CC00000248C4215D3BFF34F8F00248C4216D37F
:106CD000F0BD80F0A536104426602C44E6E7D6F8D7
:106CE00000C084F0A5372E441444BC4518BF0130C1
:106CF000E3E784F05A37144437602E44E1E71F6815
:106D000084F05A362B441444B74218BF0130DDE7F3
:106D10000368F0B5D3F820619646002506EBD677D8
:106D20007F10754524DA01EB850300241AE0426BDD
:106D300053ED015A02EB840C826B53ED026ADCEDD9
:106D4000007A02EB840C01349CED006A26EE257A71
:106D500017EEA67A67EEA57A46EE267A03ED027A5A
:106D600043ED017ABC4203F10803E0DB3544D8E788
:106D7000F0BDF7B50899044611EB020CD4E9027690
:106D800043F10000674576EB000002D2002003B01B
:106D9000F0BD206808B11044F9E72569002DF5D051
:106DA000A0690028F2D0E6698E42EFD3CDE9000158
:106DB0006069A8470028E9D1A069E8E737B58DEDFB
:106DC000010A0199C1F3C752080CC1F31603FF2A47
:106DD00000F4004008D1003B18BF012340EA4323E0
:106DE00043F4F84003B030BD703A1E2A02DD40F48F
:106DF000F840F7E7002A1BDC12F10A0FF2DBC2F1C0
:106E00000E054FF0FF3443F40003C2F10D02AC4015
:106E100023FA05F123EA0403012404FA02F293425F
:106E200002D802D1CC0700D50131014388B2D9E79D
:106E3000C1F30C015B0BB1F5805F43EA822302D8FA
:106E400002D1DA0700D50133034398B2CAE71946E5
:106E500004281ED8DFE800F00309150703008900A5
:106E600041EA9271920010467047D00611D1520942
:106E70002223480942EAC162A2FB032103FB00115D
:106E8000F1E7D30605D152091223480942EAC1624B
:106E9000F2E700221146E6E7002BF8B51E46B8BF20
:106EA00003F11F06012915464FEA66161CD1441C42
:106EB0000027B74200DBF8BD34F8010CEEF77CFB8D
:106EC000234605EBC71204F1200113F9010F07EE69
:106ED000900A9942F8EEE77A67EE807AE2EC017A5E
:106EE000F3D101372234E4E702292AD1441C0027D8
:106EF000B742E0DA34F8010CEEF75EFB2846214693
:106F000004F1100C11F8013F03F00F021B09614559
:106F1000A2F10802A3F1080307EE902AF8EEE77A3F
:106F200067EE807AE0EC017A07EE903AF8EEE77AC5
:106F300067EE807AC0ED0F7AE4D1013712348035E4
:106F4000D6E70029B7D19A0001462846BDE8F840A7
:106F500008F03DBCF8B504460F4616461D461C22F7
:106F60000021043008F05BFC2760C4E90265F8BD2D
:106F700070B500211646202204461D4608F04FFC3D
:106F8000049B2361059B6361069BA361079BC4E986
:106F90000265E36170BD2DE9F04F8BB00646DDE977
:106FA0001547069303681498D3F80091E317CDE9C9
:106FB00004122246FFF74BFF002C23460546B8BFBC
:106FC00004F11F0388465B11039350EA010300F0AC
:106FD0009F8014F01F0440F09B80FA1707FB01F319
:106FE00000FB0233A7FB00210B44D6E916108918D9
:106FF00043EB0000C6E91610D9F80060002E37D028
:10700000059952180E44069943EB0103D9E9020190
:10701000904299417FD3149B022B13D1DDF810903D
:10702000A046B84503DB20460BB0BDE8F08F3046E4
:10703000039A17992E44EEF74FFB08F10108A9ECCB
:10704000010AEEE7149B012B02D06FF00304EAE77C
:10705000DDF81090A046B845E5DA3046039A179956
:107060002E44EEF78DFB08F10108A9EC010AF2E7C6
:10707000D9F81C00A84274EB08034FD326462A46D1
:1070800043462146EBF76CF90790BE42CBDAA7EBFB
:10709000060A079BF21748469A45A8BF9A4606FB80
:1070A00008F305FB0233A6FB05210B440599521892
:1070B0000AFB05F10091069943EB0103FFF759FE26
:1070C00078B3049B03EB860B00239A4501DC5644FE
:1070D000DBE7149A0993022A0DD1039A17990890B5
:1070E000EEF7FAFA8BED000ADDE9080328440133D4
:1070F0000BF1040BE9E7149B012BA6D1039A179916
:107100000890EEF73DFB8BED000ADDE90803EDE7A3
:107110006FF0050487E76FF0020484E76FF0060460
:1071200081E76FF007047EE72DE9F743DDE90A8583
:10713000064614461F462A46EB174046FFF787FED1
:1071400050EA0103DDF830901BD04FEAE97309FBE8
:1071500001F1009000FB0311A9FB0093D6F8000198
:1071600019EB04020B4443EB0703FFF702FE58B18F
:107170002B460D9A4146FFF78FFE002003B0BDE875
:10718000F0836FF00500F9E76FF00700F6E7D0F83D
:107190000001FFF7EEBD10B514680F3424F00F04A2
:1071A00023448B4296BF00190020136010BDD0F815
:1071B0000C31012A03FB01F1D0F8243101FB03F368
:1071C0000AD1D0F814011033484380000F3020F06A
:1071D0000F00184440007047181DC000704730B5BC
:1071E000D0F81851D0F82021D0E941432A44D0F8F2
:1071F0001051D0F8240105FB0122210118445B093C
:10720000E03103EB541301EBC001222001EB8201BA
:1072100000FB031030BD2DE9F04F8DB04FF0000B97
:1072200004460D460193131EDDE91669D1E9418735
:10723000CDE90ABB009340F3F380D1F81C319342AF
:10724000C0F2EE80019B012B00F2EA8059463C22FD
:1072500024304FEA880A08F0E2FA009BB9EB880F65
:10726000494663600AAA28BFB346019B30462560A1
:10727000A3605346C4F80CB04FEA870928BFCDF885
:1072800028A0FFF788FF5346029020613046FFF7A1
:1072900082FF5346039060613046FFF77CFF4B4608
:1072A000049020623046FFF776FF4B460590A061C0
:1072B0003046FFF770FFE0610690D5F81031009876
:1072C000434330469B00FFF766FF6062D5F81831F4
:1072D000079030469B00FFF75EFF08904FEA581377
:1072E0004FF02208A062304608FB03F3FFF753FF7C
:1072F00009907B09E063304608FB03F3FFF74BFF7F
:107300002064D5F82431824630469B00FFF743FFC6
:10731000E062D5F82431814630469B00FFF73BFF01
:107320002063D5F820318046304603EBD3735B10E1
:107330009B00FFF730FF6063D5F8203107463046E9
:1073400003EBD3735B109B00FFF725FFA063BBF13A
:10735000000F1AD0029BC3B1039BB3B1049BA3B12E
:10736000059B93B1069B83B1079B73B1089B63B1E7
:10737000099B53B1BAF1000F07D0B9F1000F04D047
:10738000B8F1000F01D007B120B96FF006000DB0C1
:10739000BDE8F08FD5F80C61009B019A73431E463F
:1073A000D5F824317343BAB9199A9900B2EB830F17
:1073B0000B462ABF189A019A0B9162640BAADDE969
:1073C0001801FFF7E8FEA064636C002BDDD0A36C0E
:1073D000002BDAD00020DAE7199AD5F8145193423D
:1073E00005FB06F694BF189A00224FEA860698BF5E
:1073F0000B9362640BAADDE91801FFF7CCFE33465C
:10740000A0641898FFF7C7FE0546E0643346189855
:10741000FFF7C1FE2065002DB7D00028D4D1B4E716
:107420006FF00800B3E70246012330B5041D0020C9
:107430008B4200DB30BD02EB8005B4EC017AD5ED68
:10744000007AB4EE677AF1EE10FAC8BF184601333D
:10745000EEE7F0B555006C1C9C4234DA00EB840773
:1074600000EB820697ED007AD6ED007AB4EEE77A6B
:10747000F1EE10FAD8BF144602359D420DDA00EB4A
:10748000840600EB8507D6ED007A97ED007AB4EE1E
:10749000677AF1EE10FAC8BF2C46A24215D000EB75
:1074A000820600EB84053768D5F800C0C6F800C036
:1074B0002F6051F8225051F8246041F82260224692
:1074C00041F82450C6E71446D6E7F0BD30B58468CD
:1074D000006954F8215004EB810461682844491B79
:1074E0001060196030BD2DE9F74F446905468A46A2
:1074F0009046013C0027A74205DD4FF0FF39484682
:1075000003B0BDE8F08FE61BEB686A46284607EB40
:10751000660653F8269001AB4946FFF7D7FFDDE931
:10752000001BC3455A4628BF42463AB1504608F0B0
:1075300085F9002802D004DB771CDCE7C345DED0E8
:10754000FAD9741ED7E703463038C2B2092A0FD9D8
:10755000A3F16102052A02D8A3F157007047A3F1F5
:107560004102052A02D8A3F1370070474FF0FF30DF
:1075700070472DE9F0411F46D1F800310C46904686
:107580001E6820220021054608F049F956B3D4E9C7
:107590005432134329D0D4E95632134325D0D4E9C9
:1075A0005832134321D0D4E95A3213431DD03F2F10
:1075B0001ED92C600020D4F8503133446B60D4F8CD
:1075C00058313344AB60D4F868313344EB60D4F8BD
:1075D00060311E442E61D4F81831EF61C5E90538D9
:1075E000BDE8F0816FF00300FAE76FF00400F7E701
:1075F0006FF00600F4E7F7B50F46111E06461D466C
:10760000089C48DB43698B4245DD012C43D901AB23
:107610006A46FFF75BFF33689B6DBB420AD1019B53
:1076200043B1009A1178202901BF013203F1FF33E1
:1076300000920193DDE90016062E1DD10B783C2B3C
:107640001AD14B78302B17D18B78782B14D14B79FA
:107650003E2B11D1C878FFF776FF071E0CDB0879A7
:10766000FFF771FF002807DB40EA071000232870AE
:1076700001206B7003B0F0BD01362846A64284BFDE
:1076800004F1FF340194019C224608F0A0F8002385
:1076900020462B55EEE76FF00800EBE700EBC1004A
:1076A000408840087047F8B50346FFF7F7FFB0FA87
:1076B00080F0CA000C468DB2C0F11F00171D0632C3
:1076C00003EB800CDCF8106056B9012101FA00F0E0
:1076D000D9680143D960CCF81040DD539D52F8BD04
:1076E000F1000431585AD85303EBC0009E52C580B4
:1076F0005D52F4E710B500EBC104E388994202F152
:1077000004010AD1012303FA02F2C36823EA020347
:10771000C360002340F8213010BDA28840F821301A
:1077200000EBC20100EBC300CB808280F4E708B518
:107730000346FFF7B3FFB0FA80F21846C2F11F020A
:10774000BDE80840FFF7D6BF2DE9F843B1FA81F54F
:1077500003460E46C5F11F0900EB8908D8F8102032
:10776000C2B10327D8F8104018462146FFF796FF0C
:10777000B04206D34A461846FFF7BCFF2046BDE894
:10778000F88303EBC404013FE088C8F8100001D07F
:107790008242E7D1C5F120024FF0FF349440DA680D
:1077A0001440EBD094FAA4F2B2FA82F2111D53F80D
:1077B00021402146DFE738B50346FFF76FFF044657
:1077C0000D4618461146FFF769FF044403EBC50553
:1077D000600068801846FFF761FF014423F83140DC
:1077E00038BD38B50C460346FFF758FF511AA51AA5
:1077F00003EBC40405444800608003EBC2006C0046
:107800004480184623F832101146FFF747FF014421
:1078100023F8315038BD38B505460C46FFF73EFF1A
:10782000014405EBC1035B88DA070AD42846FFF759
:107830007EFF21462846FFF731FF22182846FFF732
:10784000BAFF35F83410611A05EBC1035B88DB071A
:107850000CD42846FFF76BFF35F834102246284633
:10786000611AFFF7A8FF35F83430E41A214628469C
:10787000BDE83840FFF717BF61B100680439091A45
:1078800021F00703C90803445A8822F001025A80F4
:10789000FFF7C1BF704770B5056809B9002070BD1A
:1078A000AB68B3EBD10FF9D90B312846CC08214690
:1078B000FFF74AFF06460028F0D001462846FFF7AA
:1078C000EDFEA04207D932192846FFF78AFF284665
:1078D0001146FFF7E8FE05EBC6025388104643F059
:1078E000010304305380DAE72DE9F84301F1FF3951
:1078F0000F461446066819EA01090CD04B424F4660
:107900000B40042B1A46994628BF042264B900256F
:107910002846BDE8F883042904D81146BDE8F84399
:10792000FFF7B9BF0422F1E7B368B3EBD40FEED988
:1079300004F10B0130463944891AC908FFF704FFE6
:1079400080460028E3D009F104057B1E05EBC00545
:1079500035441D44B5FBF7F57D43A5EB09052C44E3
:107960002B1F07349B1B24F00704B0EBD30F4FEA07
:10797000D307A4EB06044FEAE40408D201463A46D2
:107980003046FFF72EFF41463046FFF78CFE394662
:107990003046FFF783FE3844844207D23046224601
:1079A000FFF71FFF21463046FFF77DFE06EBC706B7
:1079B000738843F001037380AAE7043A2DE9F0418C
:1079C000CC1D11444FF0000824F0070421F00701FA
:1079D0000E1B0460414604F11000F708C4F80C8047
:1079E000B7FA87F2A760C2F12405C2F12002AD0008
:1079F0009200073507F013FFA4F800802046ED0839
:107A00006B0004EBC50243F0010363807B1B59004C
:107A10005180A21924F835502946A2F80280A353B8
:107A200004EBC7035A8842F001025A80BDE8F041D6
:107A3000FFF739BE2DE9F04706460D461746984632
:107A40002BB398F800404FF0000A93F80190A4007F
:107A5000DB7804EB430498F802301C444444CA45E4
:107A600009D308F10803D8F8042039463046AC465B
:107A7000BDE8F047604714F8013B0AF1010A2046CF
:107A800048F82340EAF798FC01300444E7E76FF038
:107A90001500BDE8F08770B500250246284614465B
:107AA00014F8013B0BB9184609E098B18D4207D193
:107AB000702B04D0A3F140023A2A0BD8002070BDED
:107AC000A3F140063A2E05D853780135941C002BBB
:107AD000E9D00020252B224608BF80F00100DEE718
:107AE000002070470FB407B504A951F8040B0191A9
:107AF00000F033FB03B05DF804EB04B0704710B541
:107B00000369024613F0080009D11368D4689C4247
:107B100097BF126AE31A0120D31A0B6010BD00232D
:107B20001846FAE713B501A90446FFF7E8FF20B1AC
:107B3000019BE268013B13440193206A019BC01A38
:107B4000013802B010BD10B5044650182269236AEE
:107B5000D20702D5013B184010BD984228BFC01A79
:107B6000FAE710B504460A46C168FFF7ECFF23693F
:107B7000E06023F00803236110BD38B58B00C269B3
:107B80000D46016843F00203044642F821302A46BC
:107B90000168FFF7D8FFE36861682A4698422060D1
:107BA000204602BF236943F008032361FFF7CBFFA0
:107BB000606038BD2DE9F74FC7689B46C66904462B
:107BC0008846914616F8273006EB870A03F0030330
:107BD000022B4FF0000309D01360CBF8003023696B
:107BE000990710D4002003B0BDE8F08F56F8271095
:107BF00013608908CBF80030F1D0FFF7B2FFE368DB
:107C0000A3600120EFE7A3695046984716F8273094
:107C10000546DA07E6D513F002031DD0B8F1000FD0
:107C200003D041462046FFF7A8FF61682A46204658
:107C3000FFF789FF6060D4E90231994204D12A46F6
:107C40002046FFF780FFA060A3682360E3602369FC
:107C500043F008032361D4E7014620460193FFF770
:107C600080FFE268A260B8F1000F04D02168E269E9
:107C7000019B42F8213005EB08022046CBF800209A
:107C80002168FFF760FF2369206043F00803236148
:107C900016F827306FF3000306F82730C9F800A064
:107CA000AFE770B504461546FFF74DFF23688342E2
:107CB00005D12369216023F00803236170BDAB0067
:107CC000E269204643F0020342F821302A46616807
:107CD000FFF739FF6060F1E738B5036904465B07D9
:107CE00006D5456AFFF71EFF85422CBF65626062BC
:107CF00038BD38B50D461C220021044607F08FFD23
:107D0000EB680022A361AB6863612B68E3616B6879
:107D1000626223622A6923B1591E194208BF42F0E8
:107D200001022261012204F128000021BDE838404F
:107D300007F097B92DE9F04F87B0002504460E46AD
:107D400000939246036AA94603958B42059539D361
:107D5000EFF3118B102383F31288BFF36F8F059A13
:107D6000D8462AB129462046FFF79BFF00230593FA
:107D700004A92046FFF7C3FE04990746B1422AD35F
:107D800022682046E36913F8221003EB820921F0F0
:107D9000030103F8221032462168FFF7D4FEE3689E
:107DA0002060984212D0002788F31188BFF36F8FAC
:107DB000039929B162690AB12046904700230393D1
:107DC000002FC5D1484607B0BDE8F08F236943F0C6
:107DD00008032361E7E718B12046FFF7CEFEE3E78B
:107DE000009B5AEA030319D0019107F0C9F90199E0
:107DF000A0B98BF31188BFF36F8F5246009B04F13B
:107E00002800FBF77DFCEFF31188102383F3128821
:107E1000BFF36F8FB0FA80F77F09C5E705AB03AA00
:107E200020462568FFF7C6FE0746BDE770B5044645
:107E3000836908460D4698470246EFF311861023E2
:107E400083F31288BFF36F8F2B78204643F0010332
:107E50002B706168FFF777FE60602046FFF73CFFFC
:107E600086F31188BFF36F8F70BD2DE9F041044692
:107E70001027EFF3118687F31288BFF36F8F236902
:107E800013F0080FA36802D16268934200D9226AF6
:107E9000D21AE16932B986F31188BFF36F8F4FF0C0
:107EA000000833E011F8232001EB830812F00300EF
:107EB000F1D0022803D151F82350AD0805D1D007E5
:107EC00012D4A369404698470546A1682A46204631
:107ED000FFF739FE2946A0602046FFF742FE86F3F1
:107EE0001188BFF36F8FC4E742F00202404601F8E9
:107EF0002320A568A3699847294602462046FFF734
:107F000022FEA06086F31188BFF36F8F4046BDE864
:107F1000F081F8B50446836908460D469847064641
:107F2000EFF31187102383F31288BFF36F8F2B7841
:107F30006FF300032B7023699B0705D5E268E369A3
:107F400003EB82039D421AD12B786FF341032B7010
:107F5000D4E90231994204D132462046FFF7F3FDBD
:107F6000A06031462046FFF7FCFD87F31188BFF380
:107F70006F8F04F12800BDE8F840FBF78BBB2B683E
:107F800060F39F032B60F0E7EFF31181102383F37D
:107F90001288BFF36F8F036913F0080F836802D153
:107FA0004268934200D9026AD31A81F31188BFF361
:107FB0006F8F181E18BF01207047F0B50446C369C3
:107FC000C668944645684069AF1B281ABB42A3EBBC
:107FD00000029CBFFF1AF6186245A3EB0700A5EB51
:107FE000060528BF6246236890422B4428BF1046EE
:107FF0000B60636803446360F0BDD0E90123D21ACB
:108000008A420CD31944C368C269C0E90111C91A74
:108010008A4201D9002070471344C360FAE76FF029
:10802000150070472DE9F34180460E46154600279E
:108030002A4601A94046FFF7C0FF044602463146E2
:108040000198274407F0C3FB2D1B264401D0002CC8
:10805000EED139464046FFF7D0FF384602B0BDE8C2
:10806000F081F0B50446866905699446C069AF1B86
:10807000A368B842A3EB050223689CBF36183F1AD9
:108080006245A0EB0700A5EB060528BF62462B441E
:1080900090420B6028BF1046236903442361F0BD62
:1080A000D0E90423D21A8A420CD31944D0E906320B
:1080B000C0E90411C91A8A4201D90020704713444B
:1080C0008361FAE76FF0150070472DE9F3418046B0
:1080D0000D4616460027324601A94046FFF7C1FF6C
:1080E00004462DB1024628462544019907F06FFB4E
:1080F000361B274401D0002CEDD139464046FFF70E
:10810000CFFF384602B0BDE8F081704703785B07C7
:108110005FBF03684288C3F34A2303EB12105DBFBD
:10812000173020F0070080080020704700207047BB
:108130000346BFF35B8F53E8000F421C43E8002166
:108140000029F8D1BFF35B8F704708B507F063F9DA
:108150000A220023EAF704F908BD1FB50023CDE980
:1081600002011A4619461846CDE90033EFF7D6F852
:1081700005B05DF804FB0120EEF784BD00207047D8
:1081800018B140680079EEF78BBF4FF0FF30FAE787
:10819000436810B55B79044613B10021EEF7DEFFAA
:1081A000636800225A7110BD70B5D2E901360C46E1
:1081B00015469B1B8B420AD313680A460146981941
:1081C00007F005FBAB6820462344AB6070BD6FF041
:1081D0001B00FBE770B50E4615461946044618B954
:1081E000BDE87040EEF74EBD33B1C2F34A23103004
:1081F000120D184407F0EBFA2046C4E90056BDE81A
:108200007040EEF7F3BE2DE9F3415F1C06460C46C5
:1082100015464FEA870808F1170020F0070080088C
:10822000EEF7A6FD00238DF80470ADF805308DF84B
:10823000073068B1019A0346A8F1040143F8102FF2
:108240002A46294452F8045B8A4243F8045FF9D174
:10825000A2010023314602F4E07242EA482222F0F1
:108260007F4222F4700222F03F0202B0BDE8F041EA
:10827000FFF7B0BF07B50123019201AAFFF7C3FFC3
:1082800003B05DF804FB07B5CDE9002302236A467D
:10829000FFF7B9FF03B05DF804FB1FB5CDE901237B
:1082A000069B01AA03930323FFF7ADFF05B05DF81A
:1082B00004FBF8B506460D4614461F4604B9F8BD42
:1082C000214628463A46B047241A0544F6E710B539
:1082D0004268044681680068D2E90023FFF7E9FF9D
:1082E000636800221A6010BD38B54B6805460C461D
:1082F0001A68CB689A4202D10846FFF7E8FF636824
:10830000BFF35B8F53E8002F511C43E80010002897
:10831000F8D1BFF35B8FA36800209D5438BD0A28B5
:1083200038B504460D4602D10D20FFF7DDFF294682
:108330002046FFF7D9FF002038BD2DE9F043054660
:1083400087B008460E8891F800900C46D1F8088056
:108350001746EFF73BF8011EC6F38216C9F3C209B0
:108360001FDB4846EEF754FE03462146608851F86D
:10837000102BC0F30B100196C2F34A22002A01EB26
:1083800002044FF0000208BF00210092CDE904076B
:10839000CDE9021428464146EFF744F807B0BDE89E
:1083A000F0830023E1E710B5EFF7F0F9044688B158
:1083B000838A5BB9C3686BB11B685BB1984720B90E
:1083C000A38A013300209BB2A38210BD4FF6FF7237
:1083D0009342F6D16FF01500F7E710B5EFF7D6F935
:1083E00030B1C36823B15B6813B1BDE810401847D2
:1083F0006FF0150010BD2DE9F0410D4616461F46E1
:10840000EFF7C4F950B1C36843B19C6834B13B463F
:1084100032462946A446BDE8F04160476FF015009A
:10842000BDE8F0812DE9F0410D4616461F46EFF7F5
:10843000ADF950B1C36843B1DC6834B13B46324654
:108440002946A446BDE8F04160476FF01500BDE83D
:10845000F08103785B075FBF03684288C3F34A2358
:1084600003EB12105DBF173020F0070080080020DA
:10847000704783681B6A03B11847704708B54368A3
:10848000197311B11868FFF7F4FF002008BD10B58B
:1084900040681C463030FFF718FE2060002010BDF9
:1084A00010B5406850F8984B07F008F82046FFF7E1
:1084B000E0FFA368DB6A0BB120469847002010BD9F
:1084C0002DE9F04145681E460C4617462B7B93B1BB
:1084D00001EB0208A04507D137600120D5E9013141
:1084E00098470020BDE8F081286814F8011B8368D4
:1084F0005B689847EEE705F11000FFF793FD05F183
:10850000D00301213060BFF35B8F53E8002F43E8B5
:1085100000100028F9D1BFF35B8F002AE1D1286851
:108520008368DB69002BDCD09847DAE78268002398
:1085300082F856308268A2F852308268A2F8503031
:108540007047034610B5BFF35B8F53E8000F40EA56
:10855000010243E80024002CF7D1BFF35B8F10BD6C
:10856000034610B5BFF35B8F53E8000F00EA01022A
:1085700043E80024002CF7D1BFF35B8F10BDFAF75E
:108580008FBF73B5090185680446164601F51F7152
:108590000D4401AA6946284607F0FAF8009B23B16A
:1085A000284607F0F2F82046B04702B070BD0EB47E
:1085B00003B503AA52F8041B0192F0F747FD02B07D
:1085C0005DF804EB03B0704708B510B1E9F7F4FEAD
:1085D00080B208BD8B6820B903F51F700021FCF73D
:1085E000EBB903F52B70F9E700F51E7019B14FF4E4
:1085F0000061FFF7A6BF6FF40061FFF7B1BF00F5A0
:108600001E7011B10421FFF79CBF6FF00401FFF74A
:10861000A7BF00F51D7008B529B10121FFF791FF33
:1086200000F0010008BD6FF00101FFF799FFF7E7C7
:10863000FAF7AEBF73B5002304460093204600F05E
:1086400039FCE06900F07AFE05462046A668F0F79E
:1086500007FFA36806F51F76B3F850301BB19620CC
:108660000021FBF739FE01AA6946304607F090F871
:1086700015B1009B002BE1D002B070BD10B583682E
:1086800004461A7D012A29D1D3F87822510408D54D
:10869000D3F87422520704D40146DA6CC06900F0A2
:1086A000F4FDA0684FF0FF324FF0FF3300F5437048
:1086B000FFF765FF08212046F0F7BAFD6069EFF784
:1086C00019FE2046EFF7D6FF204600F0F4FCA06824
:1086D00000F54370FFF7ACFF002010BD6FF0850080
:1086E000FBE7F8B5044680681F460D46037D164635
:1086F000022B07D04FF4805100F51E70BDE8F84002
:10870000FFF71FBF4FF0FF324FF0FF3300F543700C
:10871000FFF735FFA368D3F87822100508D49A6CC8
:1087200032B9D3F87432990602D5204600F0C2FB64
:108730003B4632462946204600F01DFCA368D3F88C
:108740007822120508D49A6C32B9D3F874329B0699
:1087500002D52046F0F784FE606900F08EF8A0682C
:10876000BDE8F84000F54370FFF762BF0CB407B5F1
:1087700004AB53F8042B0193FFF7B3FF03B05DF88C
:1087800004EB02B070470EB403B503AB082153F8F5
:10879000042B0193FFF7A5FF02B05DF804EB03B0D3
:1087A00070470EB403B503AB032153F8042B0193B8
:1087B000FFF797FF02B05DF804EB03B070470EB40B
:1087C00003B503AB012153F8042B0193FFF789FF95
:1087D00002B05DF804EB03B07047F8B505460F46EC
:1087E000C9B10846FFF7F0FE0646A868C822002374
:1087F00000F54370FFF7C3FE044618B16FF00F0495
:108800002046F8BD731CA868142B00D836B900F5B3
:108810004370FFF70DFF6FF01504F1E73946E9F7F4
:10882000C3FDAB6883F83C60A86800F54370FFF7B0
:10883000FFFEE5E710B5044680684FF0FF324FF0C9
:10884000FF3300F54370FFF79AFE2046EFF718FD5F
:10885000A068BDE8104000F54370FFF7E9BE18B10D
:108860008368D3F8240370476FF01500704783685E
:10887000996409B9FFF75ABE704710B502690446FA
:10888000836812680168C0689847236900221A60EB
:1088900010BD38B5CB6805460C461B7C022B04D1B5
:1088A0000A2802D10D20FFF7F4FF236922681B6814
:1088B000D554226913680133136023691A68636809
:1088C0009A4202D12046FFF7D8FF002038BD08B5F4
:1088D00010B1E9F771FD80B208BD10B5047B438982
:1088E00022442144B2FBF3F003FB1022B1FBF3F06E
:1088F00003FB1010101A10BD10B5047B43892144EE
:108900001019B1FBF3F1B0FBF3F0401A10BD30B514
:10891000057B438929442A44B1FBF3F403FB14117A
:108920000134013184800180B2FBF3F103FB112299
:108930004C1C0132C480428030BD2DE9F74F002627
:108940000746884614469946B24606602378002BAF
:1089500000F0BF80202B3AD0093B042B37D93B686D
:108960005A1C3A6048F823403B684B4500F0B18000
:1089700000262278002AE9D0A6B9164623461C46CE
:10898000272E04D05C2E25D0222E40F09680204643
:10899000FFF79DFF611C0246204606F026FF227865
:1089A000002AD3D0B242A34604F1010420D1584694
:1089B000FFF78DFF21460246584606F016FF9BF84A
:1089C00000605C46002ED9D1C0E70026BEE704F85F
:1089D00001ABBBE7651C2046FFF779FF024629463D
:1089E000204606F002FF66782C46002EC8D1ADE77F
:1089F0005C2A9BF80120D3D1B242104608D15846D8
:108A0000FFF765FF21460246584606F0EEFEB0E746
:108A1000302A25D1022300251BF80300A0F13001E4
:108A2000C9B2072919D8ED000133EDB2052B45EA8B
:108A30000105F1D1591E5846019359440091FFF7A1
:108A400046FF019B0099023BC21A584606F0CDFE34
:108A50009BF801208BF80050A2E7DBB2022BE9D192
:108A6000782825D1022100251BF80130A3F1300020
:108A7000C0B2092808D82D01EDB20543022901D062
:108A80000423D7E70321EFE7A3F16100052805D808
:108A90002D01573BEDB21D43EDB2EFE7A3F14100CD
:108AA000052803D82D01373BEDB2F4E7022902D1A6
:108AB0000BF1010474E70323BCE7202E85D0093EA7
:108AC000042E82D96678631C002E7FF458AF1C46B2
:108AD0003CE7304603B0BDE8F08FF8B50E461146CE
:108AE0000746154606F0F5FE0446E0B12846FFF7B6
:108AF000EEFEA742054607D214F8013C202B02BF28
:108B0000013504F1FF34ADB22046FFF7E0FE3388B3
:108B1000421C61195B1B2046521B338092B2BDE898
:108B2000F84006F062BEF8BD2DE9F0410F4686B070
:108B30001646044678B1034601AC00F110051868EA
:108B4000083353F8041C2246AB4203C21446F6D144
:108B5000186801AC10604FF00008414632462046CC
:108B600008F10108F0F786FA054628B12968384669
:108B7000E9F710FC0028F0D1284606B0BDE8F081E6
:108B80002DE9F047DDF820801C460F4600231646ED
:108B90009DF82490236023680546BB421BD256F8FB
:108BA000230000F0D7FD2368824618B10133284620
:108BB0002360F0E7424656F823102846FFF7B4FF3B
:108BC00048B123685A1C2260B9F1000FE3D08045F8
:108BD000E1D1554623602846BDE8F087F8B5074641
:108BE000FFF775FE054630BBF8BD54B18AB22C1BA9
:108BF00001303944AA1AA5B200243844013206F0E3
:108C0000F4FD334698B26A1E9042EDDA3A5C5E1C7F
:108C1000202A02D0093A042AF3D8B1B28BB29D427D
:108C2000EFD97B5C202B02D0093B042BDDD801342B
:108C30000131A4B2F2E700231C46E3E7F8B58468EB
:108C4000064694F856302BB9B368B3F85020A3F811
:108C50005220F8BD04F15600B4F85030C21812F892
:108C6000012C202A1BD0093A042A18D90022C25408
:108C700013461D460133425D9BB24119202AF8D0AC
:108C8000093A042AF5D9002DDED0B4F850707A1CC8
:108C90007F1B521B06F0A9FDA4F85070D4E7013BDE
:108CA0009BB2A4F85030002BD6D184F85630CBE7D5
:108CB0000EB403B503AA52F8041B0192F0F7C6F9EB
:108CC00002B05DF804EB03B0704710B50446E9F755
:108CD00073FBB4F8503013FA80F038B1638FB0FBF7
:108CE000F3F203FB1200B0FA80F0400910BD38B572
:108CF0008468D4F874522046E9F75EFBB4F8523029
:108D0000C5F3400580B205FB0300638FB0FBF3F2AF
:108D100003FB1200B0FA80F0400938BD10B50446DC
:108D2000FFF7E5FF18B9A068FFF7CFFF20B1606932
:108D3000BDE81040F0F70EBA10BDF8B584680546DE
:108D4000B4F8502004F13000B4F85210FFF7DFFD02
:108D5000A868A78EE68EFFF7B8FF10B16869F0F734
:108D6000F9F9B74207D1218E2846638EC91ABDE8AA
:108D7000F840F0F70BBAE18E2846A38EC91AF0F737
:108D8000EFF9F0E7F8B5044680680D46B0F85210E8
:108D90003030028C0D44FFF7BAFDA068ADB2B0F8D8
:108DA000521030302A46FFF7A7FD0746A0682A4632
:108DB000B0F852103030FFF790FD06467942204659
:108DC000F0F7CEF931462046F0F7E0F9A368A3F8B2
:108DD0005250F8BD2DE9F0410C1E064636DA6442C9
:108DE0004FF0FF3524B2A4B2AFB216E0B368002250
:108DF000B3F852C003F1560EB3F85080614681B902
:108E00006B1C02D0B8F1000F0FD1013CA1EB0C019B
:108E10003046A4B209B2FFF7B5FF002CE6D1BDE899
:108E2000F081884501D1012DEFD01EF8013023F0EB
:108E300020004138192807D9303B092B04D9002AD2
:108E4000E3D1394489B2DAE70122FAE70125CAE71A
:108E50008368B3F85210494209B2FFF793BF8368A1
:108E6000B3F85010B3F85230C91A09B2FFF78ABFED
:108E70008368B3F852301BB14FF0FF31FFF782BF68
:108E800070478368B3F85220B3F850309A4202D248
:108E90000121FFF777BF70478268B2F85210A2F83D
:108EA00050108368B3F852201344002283F85620F0
:108EB000F0F744B910B504468068B0F8502030305F
:108EC000418CFFF724FDA3682046198EC1F10101F2
:108ED000F0F75CF9A3682046998E0139F0F740F964
:108EE0002046BDE81040F0F729B92DE9F0410546CC
:108EF00086B00F4614460026A4B906B0BDE8F0813E
:108F0000D3F878229207FBD503F51E73BFF35B8F6E
:108F100053E8001F21F0020143E80012002AF7D1B4
:108F2000BFF35B8F68682246B9190368D3F80C80D9
:108F30006B46C047009A1644A41A002ADCD1AB68DD
:108F4000197D0329EED00229DAD803F52B7301210C
:108F500001A806F0ECFB4FF0FF324FF0FF33012188
:108F600001A8FBF7D1FCA86800F52B7006F00DFCFA
:108F7000D8E7FFF7BABFF7B51E4683681546044623
:108F8000D3F87422D20613D593F83E208A420FD02C
:108F9000DB8FADF80430F0F74BF9324629466069B3
:108FA000F0F754F801A92046F0F762F903B0F0BDDC
:108FB00032462946606903B0BDE8F040F0F746B894
:108FC0000CB407B504AB53F8042B0193FFF7D3FFA0
:108FD00003B05DF804EB02B070472DE9F0418768FB
:108FE000054688461446B7F85060B318FF2B26DCB8
:108FF000B7F85230F61A5633B6B21F4432463946E5
:10900000381906F0F2FB22464146384606F0DFFBEF
:10901000AA68B2F850302344A2F85030AB68B3F8D5
:1090200050201344002283F85620AB68D3F8741202
:10903000890706D4B3F852201444A3F85240BDE87F
:10904000F08131462846BDE8F041F0F793B9FFF7CB
:10905000C4BF38B505468068B0F85220B0F850401B
:10906000A41AA4B29CB1563210442246411C06F008
:10907000BCFBAA68611E2846B2F8503089B2013B99
:10908000A2F850300122BDE83840F0F773B938BD7E
:1090900010B583680446B3F850205AB1B3F8523083
:1090A00043B14FF0FF31FFF76DFE2046BDE81040A1
:1090B000FFF7CFBF10BD70B5002392B005464FF447
:1090C0007A7401936868402202A903681E6901ABA3
:1090D000B047019B13B108B9013CF3D112B070BD88
:1090E000F8B5C3695E695F6883683046D3F8745227
:1090F000FEF7BBFE0446C5F3001550B1014605F16D
:109100000E023846FFF719F930462146FEF701FFF7
:109110000120F8BD43681B68D3E90632BFF35B8FBB
:1091200053E800CF8C4443E800C00028F8D1BFF3D7
:109130005B8F9368BFF35B8F53E8000F084443E8ED
:109140000002002AF8D1BFF35B8F70472DE9F84386
:10915000436807460D461E68F369B268D3F8148069
:10916000D2F874429A68D3F80490C4F300141279C8
:10917000012A03D0032A3FD0BDE8F883DA684046CD
:109180000B78590757BF2C6800246B88C4F34A2416
:1091900058BF04EB13144FF00A0358BF1734A2FB57
:1091A00003235CBF24F00704A4082146FEF7C2FD98
:1091B000814628B938460121BDE8F843FFF7AABF28
:1091C000012CF7D92946026851F8043BC3F39D03EB
:1091D00063F39F0240F8042B621E920006F0F7FA38
:1091E00040464946FEF722FEB06800F52370002194
:1091F000BDE8F843FBF7E0BB304604F10E07FFF78C
:1092000059FE05F0BDFF044600B3EFF311841023AF
:1092100083F31288BFF36F8FB368D3F878321A05DF
:109220001ED53A4629464846FFF787F8B368D3F873
:1092300078321B0502D43046F0F712F905F0A0FF92
:1092400090B184F31188BFF36F8F95E7B06800F594
:1092500043704FF0FF324FF0FF33FAF721F9DBE7AD
:109260003046FFF727FEDCE7B06800F54370BDE845
:10927000F843FAF78DB913460A4610B50C46014675
:109280001846FFF776FE204610BD70B504460D4621
:109290001646D0E90410FEF72CFD32462946206818
:1092A000EDF774FF636800225B685D60A3681A6075
:1092B0000122A3681A7170BD10B504460068FEF75C
:1092C00067FF0222A3681A7110BD10B5436801211F
:1092D0001C68606803689B68984750BBE369032279
:1092E0009B681A71A368BFF35B8F03F51E7353E885
:1092F000001F41F4005143E80012002AF7D1BFF3E8
:109300005B8FA068B0F850203030418CFFF7FFFA37
:109310004FF0FF312046EFF723FFA3682046198E58
:109320004942EFF733FF2046FFF7DAFE0028FAD173
:1093300010BDE069BDE81040FFF7BEBF73B503681C
:109340000446002182685B681D68AB68D3F87432FC
:10935000BFF35B8FC3F3001352E8006F42E80010C5
:109360000028F9D1BFF35B8F26B14BB93146606855
:10937000EEF7C4F9284602B0BDE87040FFF7B0BE72
:10938000AB6828460121DB8FADF80430EFF750FFC2
:1093900031466068EEF7B2F901A92846EFF768FF99
:1093A000E8E70EB403B503AA52F8041B0192EFF7E5
:1093B0004DFE02B05DF804EB03B070472DE9F843B1
:1093C000054690460E46002967D00024335D202BC9
:1093D00023D0093B042B20D9304606EB0409E8F7DB
:1093E000EBFFAB6880B2598F001BA1EB08039842DA
:1093F00015D94846002710F8012B202A06D0A2F1E3
:10940000090CBCF1040F02D80A2A2DD03B4608EB08
:109410000702914227D90137EDE70134D6E74B46E1
:109420000027B84214D013F8012B0A2A19D1686911
:109430000134FFF722FA49463A462846FFF755FD20
:109440006869F0F725F8414628463C44EFF79EFE50
:1094500068693119FFF7A5FF6869BDE8F843F0F7BF
:1094600017B80137DDE71F4668693C44FFF705FA86
:109470003A4649462846FFF738FD335D202B02D097
:10948000093B042B01D80134F7E76869F0F700F8CD
:1094900041462846EFF77AFE9EE7BDE8F8830020B4
:1094A000704783690020186070470EB403B503AAA3
:1094B00052F8041B0192EFF7C9FD02B05DF804EB0E
:1094C00003B0704708B50168FFF787F9002008BDB1
:1094D0008368BFF35B8F03F51D7353E8001F21F012
:1094E000200143E80012002AF7D10020BFF35B8F70
:1094F00070478368BFF35B8F03F51D7353E8001F4C
:1095000041F0080143E80012002AF7D10020BFF320
:109510005B8F70478368BFF35B8F03F51D7353E860
:10952000001F21F0100143E80012002AF7D10020AB
:10953000BFF35B8F70478368BFF35B8F03F51D73C9
:1095400053E8001F21F0080143E80012002AF7D178
:109550000020BFF35B8F70478368BFF35B8F03F519
:109560001D7353E8001F21F0020143E80012002A96
:10957000F7D10020BFF35B8F70478368BFF35B8F29
:1095800003F51D7353E8001F41F0100143E800127A
:10959000002AF7D10020BFF35B8F70478368BFF3C9
:1095A0005B8F03F51D7353E8001F41F0200143E872
:1095B0000012002AF7D10020BFF35B8F7047836849
:1095C000BFF35B8F03F51D7353E8001F41F00201E9
:1095D00043E80012002AF7D10020BFF35B8F7047E9
:1095E00008B58368D3E900210A60516000211A8917
:1095F000C3E900115B8900681A440C32FEF765FD6F
:10960000012008BD0023C3607047F8B51F4603461C
:10961000164653F8044F9C4202D100203880F8BD12
:10962000C568B1B9002DF8D0AC4202D10023C360A7
:10963000F3E76C68C460002CEFD0228904F10C01C0
:10964000304606F0C4F82389002201203B80F25402
:10965000E5E7002DEED08368AB42E7D02C68E9E760
:1096600038B50446051D6368AB4204D02046FFF7B9
:10967000B7FF0028F7D138BD2DE9F04F02F10C05F6
:10968000036885B00446C5F10009DB6917460191FE
:1096900009F003094D449D4210D80023C3606AB10C
:1096A00000F1040A4668B2450BD05EB1338993429B
:1096B00008D106F10C0006F0C1F818B905B0BDE8F4
:1096C000F08F1E464FF00008236819699A6891428E
:1096D0002A4603A901BFC3F80480C3F81080C3E978
:1096E0000288C3E905882068FEF767FC8542834647
:1096F0001ED92A4603A92068FEF75FFC854218D1CF
:1097000072895A44AB447281039D3A46019905F12E
:109710000C002F81A5F80A9006F059F862685946A6
:10972000C5E9002A556065602068FEF766FCC5E75C
:10973000EAD000212068FEF760FC63689A45C3D038
:109740002046FFF74DFFBFE7031DC0E901330023AB
:10975000C360704710B5044628B1E8F72DFE00231A
:1097600080B2984201D8002010BDE25C3F2A03D0AD
:109770002A2A01D00133F4E70120F5E710B50446A9
:1097800080684FF48072002100F5AB7006F047F856
:10979000A068B0F8502000F1560100F5AB7006F05B
:1097A00016F8A06800F5AB70FFF718FAA46804F586
:1097B000AB70E8F701FE0130A4F8540010BD10B5FD
:1097C00004468068B0F8542000F5AB71563005F0BF
:1097D000FEFFA368B3F85420A3F8502010BD30B5A5
:1097E0009FB005680C466822014601A805F0EFFF0E
:1097F000002301A928461B94CDE91C33F0F7DEF8BD
:109800001FB030BD08B5F0F7DFF9BDE80840F0F74C
:10981000FFB90A460121FEF72DBD00210120F0F716
:10982000CDB861B662B680F31188BFF36F8F704711
:1098300072B6002383F31188BFF36F8FBFF34F8F8E
:1098400030BF62B6BFF36F8F70477047202809D9C9
:10985000B0F1004F08D80138B0FA80F0C0F11F0015
:1098600040007047082070473E20704708B5D1E996
:1098700004319847002008BD08B5F1F79FF8002093
:1098800008BD0B0704D5A0F14103192B98BF203068
:1098900070472DE9F04F85B08A461546044602937D
:1098A00000283ED000293CD0002B00F00B810A4656
:1098B000A046294618F8010BFFF7E3FF0346C0B2A4
:1098C00017783F28064627D013F0C00F0BD1C8B138
:1098D0002A2837D029463846FFF7D3FF864202F1BF
:1098E00001022DD01DE05B2879D05C28F2D1EB0776
:1098F000F0D46078FFF7C5FF10F0FF0618BF04F141
:109900000208E7E7EC0601D52F2F02D0381E18BF5A
:10991000012005B0BDE8F08F1FB12F2F03D1A8079C
:109920000DD50120F5E72E2F09D1690707D552453E
:10993000F7D0AB0703D512F8013C2F2BF1D0013241
:109940004446B5E76078FFF79CFFC1B22A2918D0DA
:109950002E2F09D16F0707D55245E2D0AE0703D5A8
:1099600012F8013C2F2BDCD079B915F00200D0D0D1
:10997000ED0600F1A9802F21104605F06FFF003899
:10998000C5E7294618F8010FDDE72F2908D1AC07F4
:1099900006D5104605F062FF02460028D0D1C0E788
:1099A000029B164625F0040A05F0020703F1FF3971
:1099B000B346294601369BF80000FFF762FF10F01E
:1099C000FF04AED04B46524659464046FFF761FF72
:1099D00001289ED12F2CEBD1002FE9D099E7002F41
:1099E0009FD02F2F01D1A8079BD43846FFF749FFFE
:1099F00063788146212B01D05E2B1DD102340123D7
:109A0000294614F8010B0193FFF73BFFC6B25D2E08
:109A100015D04FF0000B2F2E48D05C2E07D1EB074E
:109A200008D4294614F8010BFFF72BFFC6B2002E0D
:109A30003FF477AF234605E044460023E0E72346A2
:109A40004FF0000B21782D2937D1294660780393F8
:109A5000FFF717FF10F0FF00039B18D05D2816D00A
:109A60005C2804F102030CD115F0010F09D1E31CAD
:109A7000A0780393FFF705FF10F0FF003FF451AF0C
:109A8000039B4E4503DC4845A8BF4FF0010B1C4625
:109A9000294614F8010BFFF7F4FEC6B25D2EBAD1C9
:109AA000019B5B453FF43DAF611C03D15B2F7FF40D
:109AB00038AF44460132A04642E74E4508BF4FF05A
:109AC000010BE4E7032024E7084622E74023FFF7E1
:109AD000E0BE7047416A8968F1F7B6B8426810B5D0
:109AE0002AB10B461C465B68002BFBD162604160CB
:109AF00010BD10B5044620B90B7A084601330B722D
:109B000010BD034618465B68002BFBD1FFF7E6FF4C
:109B10002046F5E710B508B14B68436000234C6858
:109B200008464B60F1F730F9204610BD8388026883
:109B300019448180D018704730B484880568A31810
:109B40008380281930BC05F042BE10B583880268B6
:109B50005C1C8480D018D15410BD8388026830B555
:109B60009D1CD4188580D154090A617030BD83884A
:109B70005B1A9BB283800068184470478388C28850
:109B80008168D21A03685B1AD01A704713460A46D6
:109B90000121FEF778BB0A460121FEF76BBB036883
:109BA000986B704730B50846C9B015466946013014
:109BB00003F0A9FE044668B99DF80C3028460DF163
:109BC0001A01C3F3001300F8013BE8F7EDFB009B1B
:109BD000C5F88430204649B0BDE83040F1F780BB7D
:109BE00008B5481C04F007F8BDE80840F1F778BB59
:109BF00008B5481C03F0A4FFBDE80840F1F770BBAE
:109C000030B5541CC9B00D462046694603F07BFEB2
:109C100040B9204603F094FF20B149B0BDE8304080
:109C2000F1F75EBB2146681C04F09BF8F5E730B500
:109C3000C9B00C460068694603F043FE054670B99A
:109C40000DF11A01601CE8F7AFFB63783BB19DF89A
:109C50000C30C3F300132370009BC4F884302846F3
:109C600049B0BDE83040F1F73BBB08B5006803F0F0
:109C700047FCBDE80840F1F733BB012A10B512D00C
:109C8000022A14D0B2B9002914DB0068CB17D0E93E
:109C900004428C429A410DD30A4603F0D6FCBDE83B
:109CA0001040F1F71DBB03689B6B1944EBE7036899
:109CB0001B69FAE76FF0150010BDF7B504460068A0
:109CC0000A46CB170D46076903F0BFFC20B103B06D
:109CD000BDE8F040F1F704BBAF423E46206802DD2C
:109CE00003F0C6FEF3E73A46FB17856B03F0ADFCC5
:109CF0000028ECD18DF80300AE4201DB0020E6E73E
:109D000001AB01220DF10301206803F01FFB0028C5
:109D1000DDD10136F0E773B50446006816460D46FE
:109D2000237A02699B0609D401AB32462946206892
:109D300003F00CFB38B9019802B070BDD31703F0E3
:109D400084FC0028F0D002B0BDE87040F1F7C8BA3A
:109D500007B501AB006803F04FFA20B103B05DF81E
:109D600004EBF1F7BDBA019803B05DF804FB13B53D
:109D7000C0680023144601A96A460130019303F02C
:109D8000E1FD68B9019B009AE3604FF40073236022
:109D900053895B026360D369023BA36002B010BDCC
:109DA0006FF00400FAE783689B6803B118476FF00F
:109DB00057007047FEF75EBAF9F7EABB10B5082204
:109DC0008AB04FF4D57304460068CDE901237923A6
:109DD0000022CDE90732C823099383685B6813B971
:109DE00001200AB010BD01A998470028F8D194F8C5
:109DF0004C308BB1049BDAB2AA2AF1D103F4706320
:109E0000B3F5807F09BFB4F86E306FF0850043F082
:109E10000803A4F86E30E4E7039BECE720EAE07067
:109E20000A2180FB0101FAF757BA00B500228BB076
:109E30001021CDE90712C821CDE9012209918368DB
:109E40005B6823B101A998470BB05DF804FB6FF084
:109E50005700F9E708B530B18368DB6823B198474C
:109E6000431E5842584108BD6FF05700F8E7836819
:109E70005B6803B118476FF05700704783689B68B1
:109E800003B118476FF05700704783685B6903B1EF
:109E900018476FF057007047FEF7ECB930B5120461
:109EA0008BB01C46032302920022019101A9CDE947
:109EB0000732C8230993FFF7DAFF054618B903AB49
:109EC0000FCB84E80F0028460BB030BDF9F760BB1C
:109ED0000A2180FB0101FAF7FFB910B500238AB00F
:109EE0000D210446CDE9011390F84C301BB9B0F8B0
:109EF00062301B0402933123002201A92068CDE9BE
:109F00000732C8230993FFF7B2FFC8B994F84C2071
:109F1000039B62B113F4407F14D113F4604F14D14A
:109F200013F4E05F18BF6FF004000AB010BDDA054B
:109F30000ED5C3F34323042B18BF6FF00F00F4E7D3
:109F40000120F2E76FF00C00EFE76FF01500ECE78F
:109F50006FF00F00E9E730B585B00446B0F8622035
:109F600009216B460068FFF799FF28B9DDE9023245
:109F7000920F03D0012A1CD005B030BD40F6FC7210
:109F8000C3F30345019902EA8303092D43EA917360
:109F9000C1F3C23103F1010301F1020103FA01F33C
:109FA00001D0AB405B0A63664FF40073A4F86830DD
:109FB000E2E71B04BDF8062003F47C1313430133CE
:109FC0009B02F0E71FB500226B4602210068FFF7F5
:109FD00065FF05B05DF804FB10B500238AB00322CD
:109FE0000446CDE901230822CDE90723C8230993BC
:109FF000002201A92068FFF73AFF28B9BDF80E300A
:10A00000A4F86230002BF3D00AB010BD83685B68FF
:10A0100003B118476FF05700704783689B6803B11E
:10A0200018476FF057007047FEF724B9B0F86E304C
:10A030009B0627D590F83820C2F3C001C2F3000375
:10A040000B43C2F340010B43C2F380010B4390F872
:10A05000371013EA910315D090F84C3093B991075B
:10A0600090F85C3001D5190716D4510701D5D906EF
:10A0700014D4D10701D55A0712D403F0010380F894
:10A080006B30704790F8363013F02003F7D090F81B
:10A090005C30C3F34003F2E70323F0E70423EEE769
:10A0A0000223ECE7F0B591B0064617460C4618229D
:10A0B000002109A81D4605F0B2FB1022002101A8CD
:10A0C00005F0ADFB0623BA0040200793E4070F23F9
:10A0D00005F00F0564F07F4407A99340954001AA5D
:10A0E00024EA030411230D93C8232C430F93012367
:10A0F0000894CDE90203169B3046059342F2107393
:10A100000693FFF783FF11B0F0BDF1F7F3BDF1F750
:10A11000C7BCF1F75DBDFEF7ADB84FF0FF324FF0B1
:10A12000FF330430F9F7BCB9F9F732BA90F86000A0
:10A13000C0F30110704783691B69D3F8800000F0F9
:10A1400001007047F8B504460D461E461746FFF756
:10A15000E4FF94F86030C3F340019B0712D41DB1B3
:10A16000012D0DD00971FFDE616E9DF818300025BC
:10A170000F714E718B71201DFFF7D6FF2846F8BD79
:10A18000A16EF2E76FF07705F5E790F86000C0F395
:10A190008000704710B50446034654F8480FA042AB
:10A1A0000DD100200DE0447C8C4204D1032909D15B
:10A1B000047A944205D0DC6CA042F2D000680028FA
:10A1C000F1D110BD0F29F5E7F8B505460C46061D7F
:10A1D0004FF0FF324FF0FF333046F9F761F9D5E920
:10A1E0001907002864D0002F62D095F86030DB0793
:10A1F0005ED4AB6C1BB905F14803C5E91233236883
:10A20000002B58D1637C0F2B06D1EB6C05F1480273
:10A21000C4E900231C60EC64637C032B1CD105F1B2
:10A22000480CAA6C944524D100232FE091F811E04A
:10A23000BEF1030F16D0013323724B68C4E900133B
:10A240001C604C60637A022B2AD0032B2CD0012B8C
:10A2500002BF237ABB73837300243046F9F798F961
:10A260002046F8BD91F808E00EF1FF3E7345E2D1BB
:10A270001268002AD8D0537CE96C032B0DD18A4296
:10A28000137A02D011680029D0D101332372EB6C0C
:10A29000C4E900C31C60EC64D4E78A42E8D1C3E798
:10A2A000237AFB73C373D7E7237A3B740374D3E732
:10A2B0004FF0FF34D1E76FF07704CEE70346006834
:10A2C00000B1187A704770B50C461546F3F7B0FD2B
:10A2D00040B1406883681B6823B12A462146BDE827
:10A2E0007040184770BDFDF7C5BFF8B50369044657
:10A2F0008668BFF35B8FD3F8A0300D461746BFF3D7
:10A300005B8F9B070ED5B36A7BB1F36B9847B36A3B
:10A3100029463A4620469847336C054620469847DA
:10A320002846F8BD4FF0FF35FAE76FF08505F7E7EF
:10A330000346084601B1D80980F00100704770B5A6
:10A34000036904468668BFF35B8FD3F8A0300D46DF
:10A35000BFF35B8F9B070BD5F36B9847736A294656
:10A3600020469847336C054620469847284670BDDE
:10A370004FF0FF35FAE70346002083F82C0098627F
:10A3800070470B0644BF21F080011031C84000F037
:10A3900001007047FDF76EBF4FF0FF324FF0FF3303
:10A3A0000430F9F77DB8F9F7F3B821B101290DD0E0
:10A3B00000231B68FFDE5030006848B143685B79BA
:10A3C000934205D000680028F8D170475830F3E771
:10A3D000704710B590F82C300446022B03D0BDE82E
:10A3E0001040F3F78BBBFFF7A1FE94F83420014631
:10A3F0002046BDE81040FFF7D8BF08B5FFF7D5FFEE
:10A40000003818BF012008BD4FF0FF324FF0FF3376
:10A410000430F9F745B808B583681B6B0BB1984752
:10A420000346002023B153F8042B0AB1127802B975
:10A4300008BD1044F6E710B51C46FFF7B6FF48B15B
:10A440000122C06802FA04F320B10269134201D16B
:10A450000068F9E710BD10B50C46FFF7BAFF48B128
:10A460000123C06803FA04F120B10369194201D144
:10A470000068F9E710BDD1F81A0083681B6903B1C1
:10A4800018476FF08500704738B50C46FFF7A1FFFD
:10A4900080B1C06870B14368DA681AB111790023DD
:10A4A000994201DC0068F5E71568ED5CA54201D032
:10A4B0000133F5E738BDF8B50646CC680CB920463F
:10A4C00022E004F10C070125E268AAB165F07F03E0
:10A4D000D9B203F07F031033DA40D2070ED4E36819
:10A4E000EB40DB0705D53A46E9B2B06900F05EF80B
:10A4F00050B90135102DE7D12468DFE73A46B0693D
:10A5000000F054F80028EAD0F8BD2DE9F347002404
:10A51000576805460E4697F80580A1463B79A34249
:10A5200003DC002002B0BDE8F0875FFA84FA314610
:10A53000424628465346FFF77EFF014650B1534638
:10A5400001222846CDF80090F3F776FD0028E9D1E6
:10A550000134E3E76FF03C00E4E711F0800F4FF0C7
:10A56000010302681CBF21F0800110318B4022EAF8
:10A5700003030360704737B58B790C46154600938B
:10A580008B88CA78897800F081FB68B994F9023029
:10A59000A178002B4FF001032A68BCBF21F0800195
:10A5A00010318B4013432B6003B030BDF8B5064625
:10A5B0000D46174600F093FB044658B92946384625
:10A5C000FFF7CBFF29463046F4F788FB044608B96D
:10A5D000F9F7F8FD2046F8BD43689869F4F7B4BB75
:10A5E00070B591F9183005460C464668002B07DB1C
:10A5F000C4F81A502146B069BDE8704000F0E7BBCE
:10A600003046FFF7C2FD0028F2D04FF0FF3070BD9A
:10A61000806900F003BC8069F4F760BB0B06006B37
:10A6200044BF21F080011031C84000F001007047A4
:10A6300082B0C3698DF8001001922BB102AB13E90F
:10A64000060002B0F3F7D6BE02B0704782B0C3690D
:10A650008DF8001001922BB102AB13E9060002B095
:10A66000F3F7C8BE02B07047704703691B69D3E9AE
:10A670000203012908BF18467047036900201B69BF
:10A680005B689A7A9A7083F8222093F8342083F8D2
:10A69000232070470369C3E90A127047022903693E
:10A6A00007D0042908D0012909D1DB6900201360F3
:10A6B000704793F82430F9E793F82530F6E76FF008
:10A6C00085007047CB7902690BB1012B03D10020C3
:10A6D00082F8503070476FF08500704703691B693E
:10A6E000BFF35B8F983353E8001F41F0020143E84A
:10A6F0000012002AF7D1BFF35B8F7047BFF35B8F67
:10A700000068BFF35B8F084100F00100704710B58F
:10A71000036940681B695C68FFF708FD01280CBFEE
:10A7200094F8520094F8440010BD10B503694068D5
:10A730001B695C68FFF7FAFC01280CBF94F84B001A
:10A7400094F83D0010BD02690020D3690B60136AC4
:10A750004B6070470123BFF35B8F8B40DB4350E8B6
:10A76000002F1A4040E800210029F8D1BFF35B8F89
:10A77000704708B50369002118699830FFF7EAFFB0
:10A780000121BDE80840FFF7E5BF03690121186911
:10A790009830FFF7DFBF006902219830FFF7DABF7A
:10A7A000006903219830FFF7D5BF40297FB533D02A
:10A7B0000DD8102932D006D8012969D008292FD008
:10A7C0006FF0150425E02029FAD1042308E0B1F543
:10A7D000807F27D0B1F5007F26D08029F0D11023CB
:10A7E00004699BB2618B0AB30B43638342F2A101FC
:10A7F00006694FF40032ADF80C303346CDE9011252
:10A8000053F8985B00211846FFF778FF88B96FF07E
:10A810000C04204604B070BD0823E1E70223DFE703
:10A820000123DDE72023DBE74023D9E721EA030307
:10A83000DBE701211846FFF761FF0028E7D12B690C
:10A8400068681B695C68FFF771FC01284FF00A0219
:10A8500028460CBF94F82D1094F82610FFF7BCFE84
:10A86000044690B10A2201A90C30FFF765F9214690
:10A870002846FFF7B5FE04464FF0FF324FF0FF3396
:10A8800006F19C00F8F73CFFC3E76FF00B04C0E74C
:10A890000024BEE770B500F11004034650F8885C50
:10A8A00000212046FFF72AFF002849D00121204639
:10A8B000FFF724FF002843D153F8482C68685368F9
:10A8C0005169D6695B1AF61AFFF730FC01280CBFF4
:10A8D0004FF400734023B34232D8BFF35B8F54E888
:10A8E000003F43F0100244E800210029F7D1DB06C5
:10A8F000BFF35B8F24D42846FFF709FFF4F7C2F8B3
:10A900000446E8B16868FFF711FC0128638A0CBFB0
:10A910004FF400724022934207D96868FFF706FCA3
:10A9200001280CBF4FF40073402321462846638260
:10A93000FFF756FE20B12046BDE87040F0F724BA7C
:10A9400070BD00690069FFF7E4BB00690069FFF7AB
:10A95000DEBB10B503691C695B681868FFF77AFAFB
:10A9600028B194F89002023818BF012010BD0220CF
:10A97000FCE738B503695D681C692868FFF76AFA67
:10A9800050B121462868F0F753FE18B1012384F82E
:10A99000903238BD0223FAE70220FAE710B4062904
:10A9A0000469246906D0072908D020465DF8044BC5
:10A9B000FFF7ABBB5DF8044BFFF7DBBF002284F869
:10A9C0009022F2E703690022D3F8940283F89022E0
:10A9D000ECF76ABF10B5807A0C46F0F70BF9436AC2
:10A9E00021465868BDE8104004F0FCB9F7B50D46A3
:10A9F000807A17461E46F0F7FDF82C68436A04215A
:10AA00000334586824F003022A60CDE9007604F08C
:10AA1000A8F900B9286003B0F0BD38B50446807AC3
:10AA2000F0F7E8F80546616949B1637ADB0704D4B9
:10AA3000436A20461B689B68984700236361214650
:10AA40002846BDE8384004F0FEBA090630B5054690
:10AA5000847E18D414F040001AD0298BC3F30A0066
:10AA6000C1F30A01884222D802F0030002280DD067
:10AA700003280ED0012815D114F0080217D013F4C2
:10AA8000C05F05D00BE014F02000E5E7C4F38000C0
:10AA900030BD14F00200FBD013F4C05F05D0C4F346
:10AAA0000010F5E704F00100F2E70120F0E70020D4
:10AAB000EEE7BFF35B8FD0F8A000BFF35B8F00F031
:10AAC00001007047BFF35B8FD0F8A000BFF35B8F2E
:10AAD000C0F34000704701F00F030906026948BF48
:10AAE000103352F82300704708B5FFF7F4FF007FDA
:10AAF000C0F3001008BD10B51446FFF7ECFF037F4C
:10AB000064F30413037710BD08B502691046FFF71C
:10AB1000D0FF68B991F8200000F00F03000648BF8D
:10AB2000103342F82310084604F076FA002008BDDE
:10AB30006FF00C00FBE710B5FFF7CDFF28B1002246
:10AB40000023BDE81040F8F773BD10BD70B5FFF7E6
:10AB5000C2FF054610B90024204670BD0022002324
:10AB6000F8F766FD04460028F5D006462B68002B52
:10AB7000F2D0002200232846F8F75AFD7060002822
:10AB8000EAD00646F2E708B5FFF7A5FF18B1BDE821
:10AB9000084004F062BA08BD04F04ABA437E23F0CC
:10ABA000070343F0010343767047407EC0F3C000C3
:10ABB0007047437E6FF3C303437670471FB5046944
:10ABC0008DF8041001A9D4F89830CDE902209847F7
:10ABD00004B010BD1FB50346046906208DF80400BB
:10ABE0002046CDE90213FFF764FF40B1C1F81E20F3
:10ABF0001846D4F8982001A9904704B010BD4FF032
:10AC0000FF30FAE72DE9F8430446894615461F460A
:10AC10008668FFF760FF8046002834D0F36B20463B
:10AC200098473B882A4649464046FFF70EFF20B327
:10AC300083B9236905F00305D3F88030DB0753BFE0
:10AC400040234FF480634FF400711946022D07D062
:10AC5000032D0CD0336C204698470020BDE8F883C4
:10AC6000B8F818208A4228BF0A463A80F2E7B8F8B6
:10AC700018209A4228BF1A46F7E7336C20469847B7
:10AC80006FF08500EAE76FF01200E7E72DE9F34186
:10AC90001F464B0604460D461646D0F808801BD0CA
:10ACA000D8F83C3098472069FFF70CFF88B19DF831
:10ACB000203029463246204600933B46F3F792FF68
:10ACC0000546D8F8403020469847284602B0BDE8EF
:10ACD000F0814FF0FF35F4E76FF01505F5E74B060F
:10ACE00070B504460D46866812D0F36B984720690C
:10ACF000FFF7DFFE48B129462046F3F7C1FF0546BE
:10AD0000336C20469847284670BD4FF0FF35F7E773
:10AD10006FF01505F7E770B5866805460C46F36BCE
:10AD200098472869FFF7CEFEB8B121462846FFF7BD
:10AD3000D2FE0146A0B1037FDB0711D590F8213088
:10AD400003F00303012B0ED0F3682846984704460E
:10AD5000336C28469847204670BD4FF0FF34F7E724
:10AD60006FF01204F4E76FF08504F1E7F8B5876837
:10AD700006460C46FB6B98473069FFF7A3FEE8B127
:10AD800021463046FFF7A7FE0546D0B1037FDB071B
:10AD900017D590F8213003F00303012B14D001469E
:10ADA0003B6930469847044618B92B7F60F341034E
:10ADB0002B773B6C304698472046F8BD4FF0FF3468
:10ADC000F7E76FF01204F4E76FF08504F1E770B570
:10ADD000866804460D46F36B98472069FFF772FEBC
:10ADE000A0B1297E91B12046FFF775FE014680B1E2
:10ADF0006B7E2A4620466FF300036B767368984794
:10AE00000546336C20469847284670BD4FF0FF3505
:10AE1000F7E76FF01205F4E7F3F796BF70B58668B1
:10AE20000D460446F36B98472846EFF7ADFF336CA9
:10AE300020469847002070BD70B586680546F36BC4
:10AE400098472869FFF73EFE044620B133683BB1BE
:10AE5000284698470446336C28469847204670BDDC
:10AE60000124F8E7F8B5876804460669FB6B984744
:10AE70002069FFF71EFEE0B12069FFF723FED8B975
:10AE8000C6F8A4002046FB6A9847054660B9A0367C
:10AE9000BFF35B8F56E8003F43F0020346E8003201
:10AEA000002AF7D1BFF35B8F3B6C204698472846BA
:10AEB000F8BD4FF0FF35F7E76FF07705F4E7F8B529
:10AEC000876804460669FB6B98472069FFF7FAFD1F
:10AED000B0B13B6B2046984706F1A0030546BFF38F
:10AEE0005B8F53E8001F21F0020143E80012002AA3
:10AEF000F7D1BFF35B8F3B6C204698472846F8BDDF
:10AF00006FF07705F7E72DE9F04105461446D0F8D4
:10AF100008800F46066931B32AB3D8F83C30984709
:10AF20002869FFF7C6FDD8B92846C6E92674D8F8BF
:10AF300034309847044660B9A036BFF35B8F56E8BB
:10AF4000003F43F0010346E80032002AF7D1BFF387
:10AF50005B8FD8F84030284698472046BDE8F081FE
:10AF60006FF07704F5E76FF01504F6E7F8B587683A
:10AF700004460669FB6B98472069FFF7A3FDD0B92B
:10AF80002069FFF796FDC8B1BB6B2046984706F1D4
:10AF9000A0030546BFF35B8F53E8001F21F00101BA
:10AFA00043E80012002AF7D1BFF35B8F3B6C2046C9
:10AFB00098472846F8BD6FF00F05F7E76FF0770563
:10AFC000F4E7F8B54B7E054607690E4643F00203E9
:10AFD0004B76D7F8A800FEF78CFD0022802128468A
:10AFE000F3F7B2FE044678B101463046FEF781FD24
:10AFF000637E002243F004036376D7F8A810284646
:10B00000BDE8F840FFF7E6BD6FF00B02F5E7F8B5D5
:10B0100006690546D6F8A430022B1BD1D6F8A870D5
:10B020008021FB68DA88F3F78FFE044678B1014689
:10B030003846FEF75EFD637E002243F0020363762E
:10B04000D6F8A8102846BDE8F840FFF7C3BD6FF05A
:10B050000B02F5E76FF08500F8BDF8B50669002230
:10B0600080210546D6F8A870F3F76EFE044680B13D
:10B070001FB101463846FEF73CFD637E002243F0D7
:10B0800004036376D6F8A8102846BDE8F840FFF719
:10B09000A1BD6FF00B02F5E74A7E42F004024A764A
:10B0A0000022FFF797BD0369D3F8A400431E58425E
:10B0B000584170470369D3F8A400831E5842584191
:10B0C00070470369D3F8A400031F584258417047E2
:10B0D0000369D3F8A400431F5842584170470369DD
:10B0E000D3F8A400C31E58425841704710B50369F5
:10B0F000D3F8AC40436860681B685B6998470028D8
:10B1000014BF6FF00B00002010BD07B50F210DF12B
:10B110000702FFF7EBFF38B99DF80700022818BFB8
:10B12000012003B05DF804FB0120FAE701F12002E1
:10B130000421FFF7DBBF002307B58DF8043091F839
:10B1400024308DF8053091F820308DF802304B8C8A
:10B15000ADF8003091F8213003F00303022B04D046
:10B16000032B02D05A1E534253416A4602218DF8E6
:10B170000330FFF7BBFF03B05DF804FB01F12002D1
:10B180000321FFF7B3BF6FF08500704707B58DF857
:10B1900007100DF107020821FFF7A8FF03B05DF8C3
:10B1A00004FB00221146FFF7A1BF00220121FFF797
:10B1B0009DBF70B5026905464668D2F8AC20336879
:10B1C00092F83000FF2802D16FF00B0070BD0432FE
:10B1D0001B681146984704460028F5D12846736835
:10B1E00098472046F2E738B5426803691568D3F8F6
:10B1F000AC40936898476B6860689847002814BF14
:10B200006FF00B00002038BD7120EFF78DB8712072
:10B210000022012108B5EFF79BF87120BDE8084036
:10B22000EFF774B80369D3F8AC00043003F0A3BBA4
:10B23000006984304FF0FF324FF0FF33F8F730B938
:10B2400000698430F8F7A4B92DE9F34143680E464C
:10B25000154601AAD3F8008004460369D3F8AC7000
:10B2600091F8203007218DF80430FFF73FFFBDF83B
:10B270000630012B4BD02046FFF7DAFF96F820105E
:10B280002046FFF731FC00283BD196F82010012220
:10B290002046FFF730FC2046FFF7D2FF96F920301A
:10B2A00096F82010002B19DB05F10C00FEF766FC68
:10B2B000E9682A8A0346D8F80C500A44786896F858
:10B2C0002010A84705462046FFF7B2FF6DB920467B
:10B2D000FFF7B6FF284602B0BDE8F081D8F8088035
:10B2E0002B8AEA687868C047ECE7002296F82010BD
:10B2F0002046FFF700FC2046FFF7A2FF6FF0040096
:10B30000E9E72046FFF79CFF6FF00F00E3E76FF0DF
:10B310000C00E0E738B505460C4601F12002052196
:10B32000FFF7E4FE21462846BDE83840F3F7A4BD08
:10B3300038B50C46054611462046FFF72DFC237F05
:10B340009B0705D421462846BDE83840F3F794BD55
:10B35000002038BD70B50C4605460021FFF7BBFB49
:10B360002246064600212846FFF756FD044678B1DE
:10B370000146304603F05CFE284622463146FFF780
:10B3800063FF054610B12046EFF7FEFC284670BD6E
:10B390006FF00B05FAE738B50B7F0D4604466FF3E7
:10B3A00041030B7791F82010FFF7D0FB014620B145
:10B3B0006FF070022046FFF70DFC2046FFF738FFC4
:10B3C000002295F820102046FFF795FB2046FFF756
:10B3D00037FF002038BD10B579B370B30B7A50F841
:10B3E000044C113B072B24D8DFE803F00C130A238D
:10B3F000041A1D206FF0040207212046FFF7DEFB30
:10B40000002010BD01212046F3F7B8FB00220321E4
:10B41000F3E700212046F3F7B1FB00220221ECE71D
:10B4200000220121E9E700221146E6E7002205217A
:10B43000E3E72046F3F73CFDE2E70320E1E70020E5
:10B4400070476FF0850070470020704700207047FC
:10B45000436800205B681B680B60704743685B684B
:10B46000186842400A40424000201A607047436812
:10B4700000205B68C3F884107047436800205B6855
:10B48000C3F888107047436800205B68C3F88C10CD
:10B49000704770B54468D4E90040CC40E6075DD5FC
:10B4A000B2F5001F12D1EFF31184102383F3128839
:10B4B000BFF36F8F012243698A4023EA020343618D
:10B4C00084F31188BFF36F8F002070BDB2F1A07FAD
:10B4D0002AD1B3F1007F2FD003F17C456A426A4143
:10B4E00052000F292CD84D000326C468AE4002FA42
:10B4F00005F524EA06042C43C460EFF311841022FE
:10B5000082F31288BFF36F8F0122B3F1C06FC3695A
:10B5100002FA01F20CBF13439343C36183691343DF
:10B52000836143691343CAE7B2F5800F06D103F183
:10B530007C4462426241D4E70322D2E70022D0E792
:10B540001F290ED8A1F11005032604696D00AE4035
:10B55000AA4024EA060422430261CEE76FF0850088
:10B56000B3E76FF01500B0E710B503695868F8B19C
:10B57000884219D19C680868A142586000D198603F
:10B58000002008602AB15A680A609A68596002B9B6
:10B590009960002010E0814206D108682060986818
:10B5A0008142EDD19C60EBE7044600680028F2D1AF
:10B5B000002AE8D16FF0150010BD00207047F0B5EB
:10B5C0001546426887B00F46D2E9000620FA01F31B
:10B5D000DB075CD46FF0850007B0F0BD20FA01F402
:10B5E0000131E40758BF03F1FF33B942F6DB117BA9
:10B5F0009942EFDD94681422A90702FB03446368B3
:10B600001B684CBF43F4006323F4006315F0300F54
:10B6100040D0EA0656BF23F4404343F4204343F4AA
:10B6200000536A4604F1100E2068083454F8041CD4
:10B6300094467445ACE803006246F5D120680022C8
:10B640000121CCF800006846059300F0B9F805F434
:10B650004033B3F5403FBDD02C0304D50122394619
:10B66000304602F0D0FC680304D50022394630464B
:10B6700002F0C9FC01237268A9034FF0000003FA2D
:10B6800007F34CBF134322EA03037360A4E70B469E
:10B690000021AAE723F40053C3E70022502008B595
:10B6A0001146EEF755FE5020EEF730FE00225120F5
:10B6B0001146EEF74DFE5120EEF728FE002008BDA2
:10B6C0000022522008B51146EEF742FE5220EEF756
:10B6D0001DFE002253201146EEF73AFE5320EEF7EE
:10B6E00015FE002008BD0022542008B51146EEF7D3
:10B6F0002FFE5420EEF70AFE002255201146EEF7E9
:10B7000027FE5520EEF702FE002008BD002256203D
:10B7100008B51146EEF71CFE5620EEF7F7FD0022A5
:10B7200057201146EEF714FE5720EEF7EFFD0020EC
:10B7300008BD0022582008B51146EEF709FE582032
:10B74000EEF7E4FD002259201146EEF701FE5920E4
:10B75000EEF7DCFD002008BD0020704770B543689F
:10B76000054602695B689E699E61516809B10C6873
:10B7700001B970BD8A68324002D04B6828469847AC
:10B780001CB1236821461C46F2E72346FAE7002055
:10B790007047002070470020704730B50368136081
:10B7A0000579046804EBC504A34202D36FF00100DD
:10B7B00030BD5C798C4201D00833F0E70020F7E718
:10B7C0002DE9F04F00264FF00108F3B2994202D85C
:10B7D0000020BDE8F08F427CC46802F00F07D0F86B
:10B7E0000090D0F808E01209D0F804C0456984B18F
:10B7F000837C90F810B013F0010F0BF01F0B1ED0DC
:10B8000003F00103D4F800A003FA0BF343EA0A03A0
:10B810002360EB0F47EA0317C9F80070BEF1000F71
:10B8200003D002F00702CEF80020BCF1000F03D0D5
:10B8300025F00045CCF8005001361830C5E72368E4
:10B8400008FA0BFB23EA0B03E2E703460A46F0B4CF
:10B850001979DB8800681343DC028768066906D51E
:10B8600013F4402F03D0DA0748BF83F440230125A7
:10B87000346823F48012DB0705FA01F54CBF2C4332
:10B88000AC4334603B68F0BC184737B503460068EA
:10B890001C790569836801A95B68984740B9019BD9
:10B8A0002A685A400123A3401A4214BF01200020F5
:10B8B00003B030BD03460A4600681979012303FA34
:10B8C00001F103691B68194218BF82F0010212B12D
:10B8D0008368DB68184783681B69FBE70A690846C9
:10B8E000D2F894301BB1D2F8A42001211847704738
:10B8F0000A690846D2F894301BB1D2F8A42002217C
:10B90000184770470A690846D2F894301BB1D2F83C
:10B91000A42004211847704770B551F8043C0C4628
:10B9200083B151F8985C68681830FFF7AEFF54F89F
:10B93000043CE26820B102212846BDE87040184767
:10B940000421F9E770BD43681B685B6A13F0706FF0
:10B950000CBF01200020704738B5154644680269C5
:10B96000C2F8A430C2F894102268536B23F4807399
:10B9700053632268936B23F480739363A3693BB191
:10B980004FF4001104F11800F3F716FEA0B138BD12
:10B990002268936B23F0400393632268536B23F078
:10B9A000400353632268936B23F080039363226800
:10B9B000536B23F080035363E90709D52268536B67
:10B9C00043F4807353632268936B43F480739363EF
:10B9D000AA0709D5A3699BB14FF0B86104F118001B
:10B9E000F3F7EAFD0028D2D16B071ED5A36993B106
:10B9F00004F118004FF07071BDE83840F3F7DCBD7A
:10BA00002268536B43F0400353632268936B43F007
:10BA100040039363E8E72268536B43F0800353636A
:10BA20002268936B43F0800393630020AFE770B507
:10BA30000E4644680569F10709D52268536B23F463
:10BA4000807353632268936B23F480739363B2070C
:10BA500013D5A3693BB14FF4001104F11800F3F7BB
:10BA6000ABFD50B170BD2268536B23F040035363AC
:10BA70002268936B23F040039363730709D5A3698E
:10BA800083B14FF4001104F11800F3F795FD00287D
:10BA9000E8D12268136B926B134013F4E0730CD05F
:10BAA0000020DFE72268536B23F080035363226892
:10BAB000936B23F080039363EBE7C5F89430C5F8EC
:10BAC000A430EDE703691A1D2C3352F8040B9A4297
:10BAD00041F8040BF9D10020704700226E2008B510
:10BAE0001146EEF735FC6E20BDE80840EEF70EBCBF
:10BAF00008B5016943684C311868F6F7CBFC0020A3
:10BB000008BD186941F667139A4206D1836C43F069
:10BB1000080383643030F7F7BDBD41F66C139A42D9
:10BB200003D1836C43F00403F3E741F666139A42B2
:10BB300003D1836C43F00203EBE741F66D139A42A5
:10BB4000E8D1836C43F00103E3E707B501AAFFF7EF
:10BB500024FE002805DB019B002219791868FFF7F5
:10BB60002FFE03B05DF804FB10B544682268D2F8DC
:10BB7000C03023F00203C2F8C03000222068114612
:10BB800002F0DCFB002320681A46194602F0B6FCDE
:10BB900022684FF08071936C23F0807393644FF4AC
:10BBA0007A72206802F040FB00280CBF6FF073002F
:10BBB000002010BDF0B5046985B045680E46D4F884
:10BBC000403104F130070293D4F8443103934FF429
:10BBD000817301930023A3643846F7F7B7FD3368F8
:10BBE000286801AA04F14C01F6F7A8FD41F6691393
:10BBF0000546984228D068B16FF00405284605B084
:10BC0000F0BDD6E902233846F7F77AFD10B16FF0A0
:10BC10007305F3E7A36C1907F3D0A36C9A07EBD471
:10BC200033681B68002BE9D0A36C13F00C0F03D012
:10BC3000A36C1B07E2D5DFE7D6E904233846F7F704
:10BC40005FFD0028F0D0E2E76FF00A05D6E72DE9A6
:10BC5000F04198B04568046920220DF10C080021DC
:10BC6000064610A803F0DBFD14220021404603F035
:10BC7000D6FD94F87B300127C034093B64224FF095
:10BC800080518DF84570012B8DF80F708CBF1323F8
:10BC900015230F9314F8463C0694082B14BF402339
:10BCA0008023CDE904370FABCDE90183286802F08A
:10BCB000BBFA002302220A21286802F01FFC2A682E
:10BCC0000A21D2F8C03043F48073C2F8C0302A6829
:10BCD000D2F8CC3023F47F4343F47053C2F8CC3015
:10BCE0003B460222286802F009FC00234CF2503245
:10BCF000CDE90A23CDE90C2301AB089308A930460E
:10BD0000FFF758FF0446D8B94FF47A7002F0E0FF0D
:10BD10002868C36B5902F1D4836E13F0802F1DD0B5
:10BD2000012302220A2102F0E9FB234622460A21CE
:10BD3000286802F0CBFB08A93046FFF73BFF20B193
:10BD40000446204618B0BDE8F0814FF47A7002F046
:10BD5000BFFF2868C36B5A02EDD4836EC36B1B020E
:10BD60000BD5D0F8C03023F48073C0F8C0302A68F7
:10BD7000936C43F080739364E3E76FF00404E0E7AF
:10BD800010B5A9B903699BB100F110042046FFF773
:10BD900091FD68B94FF47A7002F09AFF01212046B4
:10BDA000FFF788FD4FF47A70BDE8104002F090BFB5
:10BDB00010BD012070470369C3E900127047026992
:10BDC0000B46D2E9020183E8030000207047436874
:10BDD0004FF0E061186802F0EAB843684FF40011D0
:10BDE000186802F0E4B843684FF40001186802F0E4
:10BDF000DEB843684FF0E061186802F0AFB84368FE
:10BE00004FF40011186802F0A9B843684FF400011C
:10BE1000186802F0A3B808B543681868F6F7EAFA9C
:10BE2000C0F3405008BD08B543681868F6F7E2FA59
:10BE3000C0F3805008BD38B545682868F6F7DAFACF
:10BE400004462868F6F7C0FA10F4000018BFC4F3DF
:10BE5000C05038BD38B50546FFF7EDFF044668B958
:10BE60006B681868F6F7B0FA830205D52846FFF725
:10BE7000D2FF041E18BF0124204638BD0124FBE771
:10BE80002DE9F0410D4616464768002440F6120899
:10BE9000331B002B04DD3868F6F7ACFA830202D4BA
:10BEA0002046BDE8F0813A689369190508D403EA91
:10BEB0000803022B04D0D369DBB22B550134E7E72A
:10BEC000D36903F07F03F8E7F8B50D4616464768D7
:10BED0000024331B002B04DD3868F6F78BFA0302CD
:10BEE00001D42046F8BD2A5D01343B68DA61F0E7F1
:10BEF00038B50C4645682868F6F77CFA0302FAD58F
:10BF0000EFF31183102282F31288BFF36F8F2A6838
:10BF1000D46183F31188BFF36F8F38BD38B545689E
:10BF20002868F6F767FAC0F3C044C1034FF47021E4
:10BF300048BF44F00204820348BF44F004044303B2
:10BF4000286848BF44F00204F6F760FA204638BD7E
:10BF5000F8B54668044607693068F6F74BFA3B685F
:10BF6000054613B17968204698472B0306D53068FB
:10BF70004FF40021BDE8F840F6F748BAF8BD0022BA
:10BF8000192008B51146EEF7E3F91920BDE808407D
:10BF9000EEF7BCB92DE9F041446886B0D0F81080C6
:10BFA0000D46606802F0A4FE0746002800F093806A
:10BFB0006068E1688368DB682BB96FF0150630466E
:10BFC00006B0BDE8F0816A46984706460028F4D1DD
:10BFD00001A801F0B8FF2B79012B05D0022B04D06A
:10BFE0001BB16FF08506EAE703238DF80830AB79C3
:10BFF000022B44D0032BF4D100238DF809306B7948
:10C00000012B3ED0032BECD101238DF80B30EB79C3
:10C01000012B04D0032B01D0002BE2D100272B6889
:10C0200001A98DF80F7001934FF480738DF80E7095
:10C03000ADF81430009A2068F6F7DCF8EB79032BA2
:10C040000BD12268536A43F002035362A37D23B9E4
:10C050002268536A43F0040353622268936943F4ED
:10C0600000239361E37D73B12268936943F08003F9
:10C0700093612268936923F02003936115E0012303
:10C08000BBE70023C1E7237EEBB1EFF3118110235F
:10C0900083F31288BFF36F8F2268936943F0A00384
:10C0A000936181F31188BFF36F8FA37E23B1226860
:10C0B000536943F08053536108F1080395E8030086
:10C0C00083E803007BE7637E002BEED02268936950
:10C0D00043F08053D1E76FF0120670E707B50021F7
:10C0E00001AAFFF75AFB002805DB019B0022197902
:10C0F0001868FFF765FB03B05DF804FB37B54468CB
:10C1000005460169236908310B60637D0B710123CA
:10C110004B7103238B71237DCB71FFF73BFF237D95
:10C1200033B101AA0221A068FFF737FB002804DA27
:10C13000A068FFF7D3FF002803DB2846E369984790
:10C14000002003B030BD38B542680D460446116882
:10C150008B6923F020038B611068F6F719F92046EC
:10C160002946FFF717FF044618B90A200021F8F7FF
:10C17000B3F8204638BD38B545680C462868F6F750
:10C1800039F9800214D52A68936919050CD423F46F
:10C19000FD6323F005031B051B0D022B04D0D3699F
:10C1A000DBB20020237038BDD36903F07F03F8E7CA
:10C1B0004FF0FF30F7E700687047034600685968A2
:10C1C00070470B0A017043700B0C090E8370C1702D
:10C1D0007047110A027003714170110C120E8170C8
:10C1E000C2701A0A42711A0C1B0E8271C371704719
:10C1F000C3690239023B8B4283BF4389006B01FB59
:10C20000030000207047034600F10B010020C2012B
:10C2100042EA500213F8010B50FA82F28B42D0B27C
:10C22000F5D1704710B5417804460020013102462F
:10C230004901022A08BF0422A35C013203EBC03388
:10C2400091429BB203EB500398B2F2D810BD10B5E7
:10C25000044600690A463430FFF7ADFF8860206964
:10C260003830FFF7AAFFC2E90401236993F82130AF
:10C2700003F00203D3710023D36110BD38B50D461E
:10C28000044618B9092000232B6038BD0368002B31
:10C29000F8D01A78002AF5D08188DA889142F1D155
:10C2A0005878F5F7CDFA10F00100EBD12368EBE7F1
:10C2B00038B503790446C3B100F13C05826B012314
:10C2C00040782946F5F7D4FA88B9A16BA36A226AA7
:10C2D000CB1A2071934208D2E378022B05D10A448D
:10C2E000012329466078F5F7C3FA002038BD012004
:10C2F000FCE738B50D4640F2B5111446F5F7FEFAE5
:10C30000FF2807D9012C0BD9030A022468702B706F
:10C31000204638BD30B1002CFAD001242870F7E750
:10C320000024F5E70446F3E72DE9F8430026076803
:10C3300005460C468E76836B002B4AD03B78042B47
:10C340004CD1354633464FF0400821E0B8F5B07F78
:10C3500025D218F01F0F05F1010508BF08F10208EA
:10C3600032F8080008F102082BB900F5205292B209
:10C37000B2F5006F0BD306F11A01C6F1FF0240EAD5
:10C3800003402144FFF7B5FF48B1064400200346AF
:10C390003A6992F82310A942D8D803B916B93F23B5
:10C3A0000126A37600232644B37663733B691B7989
:10C3B00003F03702DB0622730DD438693830FFF7FB
:10C3C000FCFEC4E900013B699B8963813B69DB8911
:10C3D0002381BDE8F88300200146F2E7C36C0133F6
:10C3E00040D100232E271A46E96B501C8A5C202A74
:10C3F0003DD0052A03F1010104EB030608BFE52245
:10C40000092832D10B2B9BBF091902330B467773D6
:10C410008CBF72734A730246E6E7B9F1000F05D18B
:10C4200000F520539BB2B3F5006F0BD308F11A014E
:10C43000C8F1FF0240EA09402144FFF75AFF40B12A
:10C440008044002002368146FB68985B0028E4D1D6
:10C450004046B9F1000F4FF0000318BF0020204400
:10C460008376BEE7B146B046EEE70B4672730B2803
:10C47000D1D1E21800215173A27E9AB943B104F1DF
:10C480000C0308205A78591CF2B91B1B0C3B02E024
:10C490003F23A3760123234400229A76EB6B1B7B78
:10C4A00003B96373EB6BDB7A03F03F032373002361
:10C4B000E86B1C30FFF77FFE63602060EB6BDB8A6C
:10C4C0006381EB6B1B8B83E72E2A0BD01346413A1B
:10C4D000192A04D8EA6B127B104200D020334B7328
:10C4E0000B46CFE710201346F9E738B50546002480
:10C4F00035F8020B08B9204638BDF5F731FA620865
:10C50000C3B202EBC43213FA82F2C0F3072392B231
:10C5100003EB520303EBC2339CB2E9E7C2F30723F8
:10C520008A76CB760378032B01BF120C0A75120AA8
:10C530004A75704738B5836B05460C468B4210D060
:10C54000FFF7B6FE60B92246012305F13C01687889
:10C55000F5F782F900281CBF4FF0FF340120AC63CF
:10C5600038BD0020FCE702392DE9F04701F007044F
:10C570004FF0010A466B05460AFA04F4174698463E
:10C5800006EB1136C1F3C809E4B23146284601363C
:10C59000FFF7D0FF18B10120BDE8F087994605EB01
:10C5A000090292F83C30234214BF01210021414589
:10C5B00013D06340013F82F83C3085F804A0EBD0F3
:10C5C000640014F0FF04EAD109F1010301244FF0E3
:10C5D0000009B3F5007FE1D1D7E70220DCE70129AC
:10C5E000F8B50C4640F28B800668F3698B4240F246
:10C5F00086803378013B032B00F28180DFE803F073
:10C600000229374A01EB5105B16A304601EB552149
:10C61000FFF790FF10B14FF0FF30F8BD6F1CC5F36E
:10C620000805B16A3046354401EB572195F83C5076
:10C63000FFF780FF0028EED1C7F30807374497F8CB
:10C640003C3045EA0320E3074CBF0009C0F30B0070
:10C65000E3E7B16A304601EB1421FFF76BFF0028D6
:10C66000D9D1640004F4FF743444A08FD5E7B16AD3
:10C67000304601EBD411FFF75DFF0028CBD1A400B9
:10C6800006F13C0004F4FE742044FFF794FD20F012
:10C690007040C2E7D0E90431C57953EA010201D004
:10C6A000826802B95DBB8268022D7789A4EB020221
:10C6B0000CD1013B41F1FF315B0A43EAC153B3FBAB
:10C6C000F7F39A421BD81CD0601CA6E7032D02D1B9
:10C6D00083699342F8D8C3699BB9B16A304601EBCC
:10C6E000D411FFF727FF002895D1A0003C3600F4B5
:10C6F000FE703044FFF75FFD20F000408DE7012021
:10C700008BE76FF0004088E7F8B5046806460D46F1
:10C710002378042B14BF4FF400134FF080538B4247
:10C7200001D80220F8BDCA06FBD1826801631ABB9A
:10C730002378022B12D82389B3EB551FF1D9E06A75
:10C74000C6E90D200028ECD000EB55203C34C5F3A1
:10C750000805B06300202C44F463E3E7E36AC27188
:10C76000002BE8D067891A467F02BD42114605D2E8
:10C770002046FFF73DFDE3E71346F3E73046FFF7BA
:10C780002EFF431C024606D00128CAD9E369834222
:10C79000C7D9ED1BE9E70120C4E701292DE9F843DA
:10C7A00006460C46154608D9C3698B4205D903785D
:10C7B000022B5FD003D8012B21D0022050E0033B95
:10C7C000012BFAD8816A01EBD411FFF7B3FE0028E0
:10C7D00046D1A400327806F13C0304F4FE74042A26
:10C7E000234407D0184625F07045FFF7E4FC00F01D
:10C7F0007040054329461846FFF7E3FC2DE001EBA6
:10C800005107816A01EB5721FFF794FE40BB14F0FA
:10C81000010406F13C0807F10109C7F3080718BF36
:10C820002B01304617BF18F80720EBB203F0F003D6
:10C8300002F00F0218BF134308F807300123B16A52
:10C84000337101EB5921FFF775FE48B9C9F30809A7
:10C8500044B1C5F3071508F80950012300203371CE
:10C86000BDE8F88318F80930C5F3032523F00F035A
:10C870001D43F0E7816A01EB1421FFF75BFE0028FE
:10C88000EED1640006F13C0304F4FF741D551A193F
:10C89000C5F307255570E0E7F8B504460E46174680
:10C8A000E3690BB91846F8BD012BA6EB0305206818
:10C8B00014BFAA1C3A46691CFFF76FFF0028F2D18B
:10C8C000E369013BE361EBE770B5C3790446032BF1
:10C8D00001D0002070BD81688369CD18A94202D1C2
:10C8E0000023E371F5E74E1C20683246FFF755FF41
:10C8F0000028EFD13146F1E701292DE9F84306463A
:10C900000C461746056802D80220BDE8F883EB699B
:10C910008B42F9D97AB9A14621463046A046FFF7A5
:10C920005EFE0446B0B92B78042B02D1002F44D10F
:10C93000F7710020E9E72B78042B02D1C379022B91
:10C94000E9D04FF0FF3239462846FFF726FF00288E
:10C95000E1D0DAE70128D7D0421C01D10120D4E789
:10C960002B78042B10D1D5E90632023A934213D327
:10C9700008F10102A24203D02B78042B13D0A14668
:10C98000EB69A342C8D8CEE7002241462846FFF70C
:10C9900004FF0028E7D0B8E70133AB616B7943F0BF
:10C9A00001036B71E4E70023A2EB09024946284624
:10C9B000FFF7D9FD0028E2D0A7E7F3798BB9B46877
:10C9C000BC4202D10223F371B3E721463046FFF7A0
:10C9D00006FE012898D9431CC0D001348442EFD010
:10C9E000A7E7032BA5D1B368BB42A2D8B269134411
:10C9F000BB42E7D29DE7F8B505460E46FFF758FC67
:10CA00000446F8B905F13C07314628464FF4007258
:10CA1000FFF7EEFB21460646A863384602F0FFFE0C
:10CA20006B899C4204D36889001B18BF0120F8BDA4
:10CA30000123321939466878F4F71AFF0028F2D139
:10CA40000134EDE70120F2E7F8B50446FFF730FCCA
:10CA50000546002842D12378032B37D16779012F6F
:10CA600034D104F13C0601464FF40072304602F026
:10CA7000D6FE55234122722184F83A32AA2304F5C6
:10CA8000097084F83F2084F83B32522384F8201246
:10CA900084F83C3084F83D30612384F8211284F816
:10CAA0003E3084F82332A16984F82222FFF789FB03
:10CAB000616904F50A70FFF784FB626A3B46314600
:10CAC00001326078A263F4F7D3FE657100226078CA
:10CAD0001146F4F7D9FE003818BF0120F8BD2DE942
:10CAE000F047074605688846002939D1D5E905632E
:10CAF000002E4AD0EA69B24247D91BB90024204629
:10CB0000BDE8F0872B78042B45D1EB69B41E023BBE
:10CB10009C4228BF0024A1464FF0010A696B2846B9
:10CB200001EB1931FFF706FD00287FD109F007035B
:10CB3000EA69C9F3C8010AFA03F3A2F1020CDBB2F5
:10CB40006A1892F83C0009F10102624500EA03000C
:10CB50003AD3002839D0002C39D000229146DDE7A5
:10CB6000FFF73DFD0128044601D80124C7E7421C18
:10CB700000F0B180EB698342C1D8AA69002ABDD018
:10CB80002A78042A79D14646BFE7002BB6D02B7805
:10CB9000042B16D0012634460134EB69A34202D897
:10CBA000012EABD0022421463846FFF718FD00289D
:10CBB0007DD00128D9D0013000F08D80B442EBD176
:10CBC0009CE700240126A6E718BB09F10204631EB6
:10CBD000033394D80123214628461A46FFF7C3FCA5
:10CBE0000228C2D0012876D0B8F1000F23D1022349
:10CBF000FB710028B9D16C61D5E90632023A934243
:10CC00009CBF03F1FF33AB616B7943F001036B71A0
:10CC100075E7A2420DD05B0013F0FF0304D1013190
:10CC2000B1F5007F9AD00123914689E74FF0FF3498
:10CC3000CDE70024CBE7FB79022B07D1731CA3427D
:10CC4000D7D0BB68F31ABB610323FB7108F1010263
:10CC5000FB69A2420BD00BB90123FB61224641467E
:10CC60003846FFF719FE98BB0123FB61C3E713B1F8
:10CC70000133FB61BDE70223FBE708F101043846FD
:10CC8000A34298BF02242146FFF7A9FC01283FF4E4
:10CC90006CAF431C1FD038B16E69012E05D9EB690A
:10CCA0009E4228BF464676E70CB9464673E74FF0EA
:10CCB000FF3221462846FFF770FD48B9B8F1000F52
:10CCC00099D0224641462846FFF767FD002892D0BA
:10CCD00001287FF44AAF4FF0FF3410E72DE9F84305
:10CCE00006680446076B894633782037042B14BF47
:10CCF0004FF400134FF08053BB429CBF002383636B
:10CD0000836B73B1C7F30808B8F1000F3CD101334E
:10CD1000416B836341B93389B3EB571F34D8002388
:10CD2000A3630420BDE8F8837389013B13EA57230A
:10CD30002AD1FFF754FC0128054601D80220F1E76B
:10CD4000421C01D10120EDE7F369834216D8B9F105
:10CD5000000FE4D0616B2046FFF7C1FE0546C8B165
:10CD60000128EBD0431CEDD001463046FFF743FECF
:10CD70000028E7D1E37943F00403E3712946304604
:10CD80006563FFF735FAA0633C360020276346440D
:10CD9000E663C7E70720C5E7F8B50E46002104465D
:10CDA0000768FFF7B1FC98B90546A16B3846FFF755
:10CDB000C1FB68B93A78E36B042A1B780CD11B06D7
:10CDC0000ED5054601212046FFF788FF0028ECD04C
:10CDD000042808BF072006E0E52B01D0002BF0D186
:10CDE0000135B542EED1F8BDF8B5C16C0446056811
:10CDF0004B1C066B1CD10127A16B2846FFF79AFB41
:10CE000090B92B78E26B042B0ABF1378E52303F06B
:10CE10007F0313702F71236BB3420DD20021204684
:10CE2000FFF75CFF0028E7D0042808BF022003E0DA
:10CE3000FFF76AFC0028DED0F8BDF8B504460068AC
:10CE4000A16B0569FFF776FB20B9E36B1A78852A99
:10CE500001D00220F8BD2A4603F1200153F8040B4B
:10CE60008B4242F8040BF9D16E7801367601A6F1B7
:10CE70006003B3F5007FECD800212046FFF72EFFBA
:10CE80000428E6D00028E5D1A16B2068FFF752FB0B
:10CE90000028DFD1E36B1A78C02ADAD105F120022D
:10CEA00003F1200153F8040B8B4242F8040BF9D133
:10CEB00095F823300F222C33B3FBF2F3B6EB431F6C
:10CEC000C7D3402700212046FFF708FF0428C0D021
:10CED0000028BFD1A16B2068FFF72CFB0028B9D137
:10CEE000E36B1A78C12AB4D1B7F5B07F08D2EA193A
:10CEF00003F1200153F804CB8B4242F804CBF9D163
:10CF00002037BE42DED8B7F5B07FA3D82846FFF75A
:10CF100089F96B88181A18BF012040009AE7F8B504
:10CF20000368054601271C692046FFF77BF9A070BE
:10CF3000000A6678E0702846E96CFFF7E5FB20B14F
:10CF4000022828BF0220C0B2F8BDA96B2868FFF7ED
:10CF5000F1FA0028F4D1EB6B04F1200254F8041B21
:10CF6000944243F8041BF9D12B681F71002EE7D0BF
:10CF700000212846013EFFF7B1FEE0E703284B8B76
:10CF800004BF8A8A43EA0243184670472DE9F047F6
:10CF900098B0164604460191002800F02B8102F05B
:10CFA0003F0803A901A84246F2F74AFF074648B9DD
:10CFB000039D04A801990495F3F74EFC30B116F0D7
:10CFC0001C0F17D100230746236005E19DF95B3054
:10CFD000002BC0F2098116F01C0F9DF8163040F0AE
:10CFE0009F80D80600F10281B10743D5DA0741D509
:10CFF0000720E7E70428E5D104A8F3F75BFA002847
:10D00000E0D148F0080818F0080F38D02B78042B2E
:10D0100040F08F80214628462560FFF718F92869DF
:10D020001E220021023002F0FAFB28691A22002198
:10D03000263002F0F4FB2B69202204A81A7100228A
:10D040002B691A725A7221229A725422DA720122C0
:10D050002B6983F82120FFF762FF0028B2D1A16875
:10D0600041B102462046FFF747FCA668013E6E61CB
:10D070000028A7D118F0080F18BF48F04008AB6B84
:10D080001399A364E1642878042840F08D80069BFE
:10D0900021469DF8172028462362089B23F0FF03B2
:10D0A00013436362179BA362FFF7D1F825604FF02B
:10D0B000000AEB88002218F0200F84F83080A3804B
:10D0C0004FF0000384F831A0C4F844A0C4E90E2353
:10D0D00000F08280D4E9046856EA08037CD0A16895
:10D0E000C4E90E68B5F80A904FEA4929B1457AEBD0
:10D0F000080364D22046FFF772FAB6EB0906014630
:10D1000068F1000801286BD9431C6BD0B1457AEB5C
:10D110000803EFD30020216400287FF453AF4FE0D1
:10D1200013F0110F7FF464AF76077FF56CAF082022
:10D1300048E7139B4FF000095422212183F80E90F9
:10D140005A7483F80F901974139B5A7683F81690CB
:10D1500083F81790197613992878FFF70FFF20238B
:10D1600006464A46CB7228461399FFF7D7F9139B18
:10D1700083F81C9083F81D9083F81E9083F81F900D
:10D1800001232B71002E3FF475AF4A46314604A8A7
:10D19000D5F838A0FFF7B0FB00287FF413AF514655
:10D1A0002846FFF7C7F961E7FFF7E8FE0023A06014
:10D1B00001F11C00FEF7FFFF6361206176E7216447
:10D1C000C6F3080343B12846FFF712F880B1760A88
:10D1D00046EAC85630446064384618B0BDE8F08767
:10D1E000022098E7012096E70620EBE60420E9E616
:10D1F0000220E7E60927EFE72DE9F04F9A4685B0D0
:10D200000023894603A90446CAF800301746FFF7F1
:10D2100035F8064678BB94F8316066BB94F830B0B8
:10D220001BF00103009300F08F80D4E90432D4E9AD
:10D230000E011B1A62EB0102BB4272F1000200D226
:10D240001F46C7B1DDF80C80D4E90E20C2F30803F5
:10D25000002B60D1B8F80A30510A013B41EAC051B5
:10D2600013EA010B18D1024309D1A06801280BD899
:10D27000022684F83160304605B0BDE8F08F216C9D
:10D280002046FFF7ACF9F1E7431C04D10123009ECF
:10D2900084F83130EFE72064216C4046FEF7A8FFA8
:10D2A0000028E5D0B7F5007F0BEB000232D3B8F8C9
:10D2B0000A100BEB57207D0A0192884298F8010072
:10D2C00088BFA1EB0B0549462B46F4F7C5FA0028A9
:10D2D000DCD198F804306BB1D8F83800019A801A84
:10D2E000A84207D24FF4007208F13C0109EB40203C
:10D2F00002F06DFA6D02DAF800307F1BA9442B446E
:10D30000CAF80030D4E90E325B1942F10002C4E9D8
:10D310000E3296E76264A56B4046616CC5F3080562
:10D32000C5F50075BD4228BF3D46FFF703F900284B
:10D33000ACD1A16B08F13C082A464846C1F308016C
:10D34000414402F044FAD6E7072694E72DE9F04F6E
:10D35000994685B00023884603A90446C9F80030E1
:10D360001746FEF78BFF054680BB94F831506DBB26
:10D3700094F830309A0740F1C180039E3378042B33
:10D3800003D0A36BFB4200D3DF43CFB1D4E90E310E
:10D39000C3F30802002A40F09180B6F80AB05A0A96
:10D3A0000BF1FF3B42EAC1521BEA020B22D10B43B5
:10D3B00010D1A16881B92046FFF791FB014658B909
:10D3C00094F8303043F0400384F83030284605B0FC
:10D3D000BDE8F08F216CEEE7012903D1022584F826
:10D3E0003150F3E74B1C01D10125F8E7A368216414
:10D3F00003B9A160B26B636C9A4204D13046FEF768
:10D4000057FF0028F0D1216C3046FEF7F1FE0028CE
:10D41000E4D0B7F5007F0BEB000A3ED372890BEB2B
:10D4200057217B0A70789142414688BFA2EB0B03DB
:10D4300052460193F4F71CFA83460028D4D1B16B0D
:10D44000019BA1EB0A0199420AD24FF4007208EB4A
:10D45000412106F13C0002F0BAF9019B86F804B0C4
:10D460004FEA432BD9F80030A7EB0B07D8445B44B5
:10D47000C9F80030D4E90E32D4E904011BEB0303F0
:10D4800042F10002984271EB020C3CBF1846114673
:10D49000C4E90E32C4E9040177E7D4E90E02D4E905
:10D4A0000413884272EB030306D33046FEF700FFF5
:10D4B000002899D1C6F838A0C4F844A0A36BDDF8C1
:10D4C0000CA0C3F30803616C5046C3F50073BB4264
:10D4D00028BF3B469B46FFF72DF8002884D1A36B5D
:10D4E0000AF13C005A464146C3F30803184402F0CF
:10D4F0006EF94FF001038AF80430B3E7072565E7BA
:10D50000F0B597B0054601A9FEF7B8FE044600281D
:10D510006AD195F8304014F0400465D0019E33780C
:10D52000042B64D12846FFF7CFF9044600285BD1CD
:10D530004FF0FF32296C2846FFF7AEF90446002869
:10D5400052D12B68A96A02932B6A099004936B6AE3
:10D5500015918DF80F3023F0FF03CDE9063002A8B6
:10D56000FFF7D2F8044600283ED102A8FFF765FC79
:10D570000446002838D13269137943F0200313712F
:10D58000EB79326943F0010382F821303069A968F0
:10D590003430FEF716FE3069D5E904233830FEF743
:10D5A00018FE3069D5E904232830FEF712FE3369EE
:10D5B000212202A81C739A7354225C73DA733369B4
:10D5C0005C7533691C745C749C74DC74FFF7A7FC95
:10D5D000044648B93046FFF737FA95F8303004462C
:10D5E00023F0400385F83030204617B0F0BDA96C19
:10D5F0003046FEF79FFF04460028F5D1EF6CFB7A1A
:10D60000394643F02003FB722868AA68FEF786FFBC
:10D61000296907F11C00FEF7D4FD2123BC753B7678
:10D620005423FC757B760123BC74FC743371D1E701
:10D6300013B50446FFF764FF28B901A92046FEF799
:10D640001DFE00B9206002B010BD2DE9F04F85B07D
:10D65000044615461E4603A9FEF710FE074600289D
:10D6600040F0A58094F83170002F40F0A080DDF8E4
:10D670000CA09AF80030042B0CD14FF0FF32216C33
:10D680002046FFF709F908B1074690E09AF8003004
:10D69000042B04D0002E1CBF4FF0FF350026D4E928
:10D6A0000401D4E90E32A84271EB060C37D294F88B
:10D6B00030C01CF0020F30D000200021C4E90E0160
:10D6C000BAF80A8053EA02014FEA482847D013F11A
:10D6D000FF3B4FF0000342F1FF39681E424666F1FE
:10D6E0000001E4F73DFE00234246CDE90001584623
:10D6F0004946E4F735FE009B8342019B8B412ED3C4
:10D70000C8F10003216C03EA0B03C4E90E39EB1ADC
:10D710001D4666EB090649B124E005460E46002188
:10D720000020C4E90E0155EA0601C9D10020D4E960
:10D730000E32D4E904519D4291413CBFC4E9043208
:10D7400094F83020C3F308033CBF42F0400284F851
:10D75000302063B3636C834229D0606427E0A16802
:10D76000E1B121644FF00009A84579EB0600D4E946
:10D770000E3227D3D4E90E325B1946EB0202C4E91C
:10D780000E32C5F30803002BD0D05046FEF730FD13
:10D7900050B16D0A45EAC6552844C8E72046FFF750
:10D7A0009EF90128014606D1022784F831703846D7
:10D7B00005B0BDE8F08F421C01D10127F5E7A0605C
:10D7C0002064A8E7B5EB080594F830E066F10006A0
:10D7D00013EB080342F100001EF0020FC4E90E3003
:10D7E00014D06269009222699A42009A82413EBF37
:10D7F0004EF0400EC4E9043084F830E02046FFF7D4
:10D800006EF9014630B905460646B3E72046FEF7F5
:10D81000E6FE01464B1CD0D00129C5D9DAF81C30F0
:10D820008B42C1D921649FE730B585B00446019190
:10D8300000283BD0002203A901A8F2F701FB48B958
:10D84000039D204601992560F3F706F828B10428C6
:10D8500000D105200023236021E094F94B30002BF8
:10D8600013DBA379DB06F4D52878042819D1A36843
:10D870002146E27928462362236923F0FF031343FC
:10D880006362E36CA362FEF7E2FCEB8800212046B2
:10D89000A380FEF739FF0428DBD00028DAD105B0D9
:10D8A00030BDE16BFFF76AFBA060EEE70920F6E709
:10D8B00013B501A90446FEF7E1FC00B9206002B0EF
:10D8C00010BD73B50D4601A90446FEF7D7FCC0B9DB
:10D8D00035B92946204602B0BDE87040FEF714BFB6
:10D8E0002046F2F781FC10F0FB060AD129462046BB
:10D8F000FEF71AFD31462046FFF7F0F9042808BF6D
:10D90000002002B070BD30B597B00D4600220190E6
:10D9100002A901A8F2F794FA044670B9019902A885
:10D92000F2F79AFF044640B99DF95330002B07DB0C
:10D930001DB1294602A8FEF7F7FC204617B030BDFE
:10D940000624FAE72DE9F04F91B0894615460022EA
:10D95000019003A901A8F2F773FA074648B9039C9E
:10D960002C60D4E9063AAAF10208434505D8C9F863
:10D970000030384611B0BDE8F08F2578012D1AD15E
:10D980004FF0020806460494414604A8FEF727FE1D
:10D99000431C6BD0012868D000B9013608F101089A
:10D9A000E3694345F0D8C9F800606379A66143F0A4
:10D9B00001036371DDE7042D2CD1616B82460646BD
:10D9C000BAF1000F08D1204601F1010BFEF7B2FDBC
:10D9D000054600284AD1594604EB0A0393F83C3027
:10D9E000DB43DBB2B8F1000FDDD0A8F1080208F18B
:10D9F000FF3803F001005B089045064402D0B8F1FF
:10DA0000000FF4D10AF1010ACAF3080AB8F1000FB5
:10DA1000D6D1C8E7A16A8046064604F13C0BB8F1AE
:10DA2000000F08D14B1C20460093FEF783FD0546EE
:10DA3000E0B9009B194623780BEB0800022B0BD1B1
:10DA40003BF8083003B9013608F10208BAF1010ABF
:10DA5000C8F30808E3D1A6E7FEF7ADFB30F070434A
:10DA600008F1040808BF0136F0E702252F4680E7D9
:10DA700037B501A90446FEF701FC054600285AD136
:10DA800094F83150002D56D194F830309A0755D57E
:10DA9000D4E90E32D4E90401834272EB01014AD287
:10DAA000134311D12A46A1682046FEF725FFA56041
:10DAB000D4E90E23C4E9042394F8303043F0400342
:10DAC00084F83030B8B313E0216C2046FEF787FDB0
:10DAD000431C014619D001280ED10220D4E90E239F
:10DAE000C4E9042394F8303043F0400384F8303024
:10DAF000054684F831001EE0019BDB69834210D9A2
:10DB0000226C2046FEF7F8FED2E7D4E90E2301206E
:10DB1000C4E9042394F8303043F0400384F83030F3
:10DB2000E6E7D4E90E23C4E9042394F8303043F047
:10DB3000400384F83030284603B030BD0725FAE7AB
:10DB400070B5B8B00222019003A901A8F2F778F9E4
:10DB500078B9039C10A801991094F2F77DFE40B9A2
:10DB60009DF98B30002B44DB9DF84660F30702D50E
:10DB7000072038B070BD207806F010060494042801
:10DB800026D104A92046FEF762FB069DB6B1249477
:10DB90002695DDE90823CDE928239DF817308DF877
:10DBA0009730002124A8FEF7AFFD0028E1D124A87A
:10DBB000F2F71AFB0028DBD00428DAD110A8FFF70F
:10DBC00013F90028D5D165B92046FEF73DFFD0E70F
:10DBD0001F99FFF7D3F90546002EEFD02494269025
:10DBE000DFE70246294604A8FEF786FE0028C0D1DA
:10DBF000EAE70620BDE770B5A4B00222019003A9B0
:10DC000001A8F2F71DF904460546002840F0888077
:10DC1000039B10A801991093F2F71EFE04460028FA
:10DC200000F09D8004287BD1039B294604A804931F
:10DC3000FEF755FF0546002800F08680012800F019
:10DC40008A80431C00F0898001460398FEF7D3FECA
:10DC500003460446002878D103980278042A2DD080
:10DC60004FF0203280F8523080F853302123C0F832
:10DC70003D2000F13C01C0F84120A0F845202E22B3
:10DC800080F85430542380F83C20102280F855301E
:10DC900080F847202A46FEF741FC00F15C031A4653
:10DCA00051F8044B994242F8044BF9D12E23129AB1
:10DCB00080F85D30FEF732FC0123037110A8F2F703
:10DCC000F9FB0446002840D1039E21223378042B1F
:10DCD00029D1336929469A7354221873DA730322BF
:10DCE000587330693430FEF76CFA71893069490233
:10DCF0003830FEF766FA7189306949022830FEF73C
:10DD000060FA336910A883F82120102233691A7150
:10DD1000FFF705F9044618B90398FEF795FE044687
:10DD2000204624B070BD1F9B1A7654229875D87572
:10DD300030465A762A461F99FEF7F0FB1F9B1022A9
:10DD4000DA7201233371E7E707240022294604A889
:10DD5000FEF7D2FDE4E70224F7E70124F5E7082403
:10DD6000DEE7F0B5BDB0CDE900106846F1F7B0FFD1
:10DD7000022203A901A8F2F763F870BB14AD039C5B
:10DD8000019928461494F2F767FD30BB9DF89B304B
:10DD900013F0A00F40F0C6802378009F042B5CD1C5
:10DDA000236904AE03F1400C1868083353F8041CCF
:10DDB0003246634503C21646F6D12946502228A8AA
:10DDC00001F005FD394628A8F2F746FD002841D1AB
:10DDD0002A9A169B9A4202D008203DB0F0BD349A90
:10DDE000209B9A42F8D128A8F2F764FB0028F4D1CE
:10DDF000236904AF93F801E093F823C09E8C3A4660
:10DE0000083303CAAA4243F8080C43F8041C174617
:10DE1000F5D1236928A883F801E0236983F823C09A
:10DE2000236983F82460360A83F825602269137910
:10DE3000D9065CBF43F020031371FFF770F8002888
:10DE4000CBD12846FEF7D0FF0028C6D12046FEF7EA
:10DE5000FBFDC2E70428C0D1C5E7239A04AB02F159
:10DE6000200C1068083252F8041C1E46624503C696
:10DE70003346F6D12946502228A801F0A8FC39469D
:10DE800028A8F2F7E9FC002848D12A9A169B9A4262
:10DE9000A2D1349A209B9A429ED128A8F2F70AFB7D
:10DEA00000289AD137990DF11D030DF12D0001F1D4
:10DEB0000D0253F8046B834242F8046BF9D11888C1
:10DEC000012610809B7893709DF81B30DA0658BFAE
:10DED00043F02003CB722671CB7ADB06B1D5169ABC
:10DEE0002A9B9A42ADD02078FFF748F80146204699
:10DEF000FEF77EF90146B8B12046FEF71BFB00286D
:10DF00007FF46BAF94F85D302E2B9AD12A9A04F1EE
:10DF10005C012046FEF702FB267192E704287FF49D
:10DF20005CAFBAE7062058E7022056E707B50123A1
:10DF30000DF1070205218DF80730F3F7A5FC03B0BA
:10DF40005DF804FB704710B5102204460021043030
:10DF500001F065FC4FF4E133236010BD10B5EFF321
:10DF6000108272B60B02046903F440432343036139
:10DF700082F31088EFF3108272B6836A01F4407462
:10DF800023F440332343836282F31088EFF310833A
:10DF900072B621F07041826921F4732121F47F610E
:10DFA00021F00F011143816183F3108810BD10B57A
:10DFB000EFF3108472B60A02036902F4404223EAC6
:10DFC0000203036184F31088EFF3108272B6836A50
:10DFD00001F4407423EA040323F44033836282F3A0
:10DFE0001088EFF3108272B621F07041836921F43A
:10DFF000732121F47F6121F00F0123EA0103836182
:10E0000082F3108810BD012303FA01F112B9C0F8A0
:10E0100088107047C0F88410704730B5CD07846C05
:10E0200007D5436A24F0B604DB0738D541F66410FF
:10E030000AE04D0609D5836A23F480338362836A3C
:10E0400043F400338362002030BD456AAD07EDD450
:10E05000B3F5803F35D24D0724F0360448BF44F075
:10E060001004012B05D90D0754BF44F0220444F0DD
:10E070002604CD0615D5D0F8C85044F0800445F4E8
:10E080008055C0F8C8500360890613D44168C2F3B4
:10E090000C0242EA034201F460431A434260846482
:10E0A000D1E7D0F8C85024F0800425F48055C0F89A
:10E0B000C850E9E7836A44F0220443F48013836282
:10E0C000EDE70420C0E730B54D7A03694469826901
:10E0D0008DB1032DCB6010D11D021B0ECD6043EA24
:10E0E0000423240E0B6144EA0224120E4C61C3691E
:10E0F00042EA03228A61002030BDC9690029FAD0B2
:10E10000082DF8D84FF4A372EA40D207F3D519428C
:10E11000F1D041F66610EFE730B504461046626C68
:10E12000A36CDB0716D44B68D2B29D071EBF23F049
:10E13000030304334B60D1E901355D43B2EB950F26
:10E140004FEA950303D21B1A934228BF1346034498
:10E15000834200D130BD256ACA6842F820500130A0
:10E16000F6E730B504461046626CA36CDB0717D4A3
:10E170004B68C2F307429D071EBF23F0030304331D
:10E180004B60D1E901355D43B2EB950F4FEA950342
:10E1900003D21B1A934228BF13460344834200D183
:10E1A00030BD0A6952F8202001302262F6E770B5CE
:10E1B000C468436A0D7ADB0729D4042D0B6A04D1A5
:10E1C000836B23F00103836370BD4A7A012A08D070
:10E1D000023A072A07D8DFE802F01E212424041E91
:10E1E000040443F4D0130A68032D24F07F544FEA4B
:10E1F000026208BF43F4400324F46C1402F07C5222
:10E2000003F47B03224313434A688260C3600B7AA2
:10E21000042BD9D1D4E743F4D813E4E743F4102313
:10E22000E1E743F40033DEE710B501F0B853C46A08
:10E230002343C362C36A0B4203D1101E18BF0120DF
:10E2400010BD002AF9D0013AF4E7036C4FF40072D4
:10E25000C3F3024023F0784323F47F23824023F466
:10E260007F638A604FF6FF7223F00B03CA6043F0AE
:10E2700033030B6170478A4228BF0A4670B5B1FB71
:10E28000F2F4B4F5805F054647D8B1FBF4F393424E
:10E2900088BF0134102C2FD923094FF48072B2FBB0
:10E2A000F3F05843D0F580701BD1012B19D0B4FB8B
:10E2B000F3F203FB02F6B44215D83ABBB1FBF3F01C
:10E2C000E96A1201DB0121F47F41D2B203F47F43FA
:10E2D00021F0F0010A431343EB626B6A1B07FCD584
:10E2E00009E00133DBE701321E44102AE3D95B0069
:10E2F000B3F5807FDBD970BD14F00103B1FBF4F0FE
:10E3000009D022461C46013A2346D9E7B1FBF2F177
:10E31000B1FBF3F0F6E70122F5E70020EBE7C36A73
:10E3200043F00063C362C36A1B0103D4081E18BF15
:10E33000012070470029F9D00139F4E7C36AC3F31B
:10E340000723A1B1816C92015B0821F0400102F02A
:10E3500040028164816C0A4342F008028264C26A0E
:10E360001B0222F47F429BB21343C3627047826C4C
:10E3700022F0080282640BB15B00F0E70123EEE7B4
:10E38000F0B5C2F30B05B5BB059C012C36D09C073C
:10E390004FF470441CBF23F003030433B3FBF4F6C3
:10E3A00004FB163404B1013621F040417400B1EB96
:10E3B000460F26D3071DA5420AD304F18043013B33
:10E3C00050F8232042F0020240F823200020F0BD44
:10E3D000B3F5704F194628BF4FF470410E035B1A16
:10E3E00046F0110640F8256042F025060A4447F839
:10E3F00025600235DFE741F66810E8E741F66B106B
:10E40000E5E70320E3E710B50C78ECB9940720D1D9
:10E41000C3B18265836A23F0605323F4407383623F
:10E420000B784A781B02846AD20603F4407302F028
:10E430006052134323438362836C43F0010383647C
:10E44000002010BD0260E5E7002303604B68836590
:10E45000E0E741F66810F4E7F7B50E46D1789C4640
:10E46000D468CB1E0746154659425941890004B964
:10E47000146996F800E00C44D5E90123BEF1000FC1
:10E4800005D1EB78032B18D1002003B0F0BD5A431F
:10E49000BEF1010FA2EB01032246D6E90101CDF83E
:10E4A00000C007D1FFF76CFF3378032BEDD00028B5
:10E4B000EBD1E6E7F4F7D6F8F6E76B78224631467B
:10E4C000384603B0BDE8F040FFF79DBF120103F0EE
:10E4D0000F030902D2B201F4FE411A4310B5846E53
:10E4E0000A4324F4FF4424F07F0422438266836EAF
:10E4F00013F0802F14BF0120002010BD10B5CBB148
:10E50000836C01F07F0143F0007383641304D0F83F
:10E51000CC4003F4E02324F4E0220B4322F07F02FA
:10E52000134343F08073C0F8CC30C36B43F4400313
:10E53000C36310BDD0F8CC3023F08073C0F8CC306A
:10E54000C36B23F44003F3E7C2682023F0B50261F4
:10E55000C16819442033B3F5007F11601268F7D108
:10E56000002300F1100401274026136010224168A7
:10E5700080F89420D1F8402122F47F02C1F8402194
:10E580004268D2F84011C2F840114168D1F8A82180
:10E5900042F00802C1F8A8214168D1F8A82122F070
:10E5A0000402C1F8A8211A46816819448F60816865
:10E5B000CD5866F31A45CD5044F8042F2264816883
:10E5C0001944403391F83850B3F5806F62F3000579
:10E5D00081F83850E8D1D0E90131C3F85811C7218A
:10E5E0004368C3F854214368C3F8481180F8962063
:10E5F000F0BD01F00F0141F08001F4F7B9B901F06D
:10E600000F01F4F7B5B9CA082DE9F04102F0100284
:10E6100001F00F060125836832430446CF09954077
:10E62000720042EAD11203EB82134FEA821893F888
:10E6300038206FF3000283F83820F4F7A1FB6368F9
:10E64000D3F8B0212A421AD1D3F8B8312B4016D1D1
:10E65000A26842F80830636876B9002FD3F8C02169
:10E660004FF000000CBF6FF08D016FF40D010A40F8
:10E67000C3F8C021BDE8F08103EB8603EDE702207B
:10E68000F8E72DE9F84F0E4615460446002800F03D
:10E690006E81142900F26D81DFE811F01500200071
:10E6A0002600BE00C600ED0026012C011C006B01F7
:10E6B0006B016B016B016B01510164016B016B011B
:10E6C0006B016B0148014268D2F8403143F001030D
:10E6D000C2F8403100263046BDE8F88F4268D2F8D3
:10E6E000403123F00103F3E7002A00F0428192F861
:10E6F00002904FF00108B2F800B04FEAD90309F0D8
:10E700000F07494692F803A003F010033B4308FAB1
:10E7100003F8F4F735FB6368D3F8B02118EA020F69
:10E72000D9D1D3F8B83118EA0308D4D10AF00303D9
:10E730007900CBF30A004FEAD91641EAD911012B2F
:10E74000D4F808C04FEA811132D12A88B0F5806F21
:10E750005CF801E0C2F3C12228BF4FF480600132AF
:10E7600062F39F7E4CF801E0A26852F801C060F3AA
:10E770001A4C42F801C0A26895F804C00A4492F805
:10E7800038006CF3410082F83800A068BFB94258E5
:10E7900042F000524250A068425842F400424250B7
:10E7A0006068D0F8C0210EBB9B0043F0C00320E09E
:10E7B0005CF8012068F39F724CF80120D4E72A79B5
:10E7C0004558B2FA82F2520962F35D754550A2686B
:10E7D00050586FF3CF305050626802EB8702D2F886
:10E7E000C00196B99B0043F0C00311E09B0443F4C1
:10E7F00040031343C0F8C031A3680B4493F838209A
:10E8000042F0010283F8382064E79B0443F440039C
:10E810000343C2F8C031EFE7002A00F0AA80117864
:10E82000BDE8F84FFFF7EFBE002A00F0A280157890
:10E8300015F00F060ED13146F4F7A2FA80212046DA
:10E84000F4F79EFA6268D2F8C03143F00113C2F8BF
:10E85000C0313FE72946F4F793FA6168ED0901EB0F
:10E8600086010CBF01224FF48032D1F8C03113432E
:10E87000C1F8C0312EE7002A7BD01178426811F030
:10E880000F034FEAD1160ED1002ED2F8C03114BFBB
:10E890006FF480306FF001000340C2F8C0312046B1
:10E8A000F4F76EFA16E702EB83025D1E6F33D2F8BF
:10E8B000C00176B920F00100C2F8C001626802EB25
:10E8C0008303586840237035034302EB850253608D
:10E8D000E5E720F48030C2F8C001626802EB8303F0
:10E8E00058684FF48003EEE70126002A3FF4F3AEA8
:10E8F0001680EFE6002A3CD013781A0739D4D909DC
:10E9000013F00F0342680ED06F3302EB830252689C
:10E9100000290CBF01234FF480331A4214BF012396
:10E9200000236B80D6E6D2F8C021F1E70AB32B783A
:10E9300042685B0643F08073C2F85431CAE6002592
:10E9400065F07F01EEB220460135C9B2FFF75BFEEC
:10E9500031462046FFF757FE082DF1D12046FFF73C
:10E96000F3FDB7E62AB190F898301370B2E60326AB
:10E97000B1E60126AFE62DE9F04F89B0002868D056
:10E9800004686368D3F84411D3F8482101EA020A05
:10E990001AF0400FC3F844A11CD063684FF0FF1178
:10E9A000D3F8AC21C3F8AC216368D3F8BC21C3F819
:10E9B000BC216368C3F8B4116368D3F8B02112F0C6
:10E9C000FF1FF6D1D3F8843113F4807344D00123B0
:10E9D00084F896301AF0010F0DD06368D3F8AC813B
:10E9E000B8F1000F42D16368D3F8BC21C3F8BC2151
:10E9F000002A40F085801AF0040F1DD00023CDE9D5
:10EA000005338DF81D306268D2F8845115F4807595
:10EA100012D1D2F88431C3F340235B0084F89830DC
:10EA200094F8963043B1102305A98DF81C30206866
:10EA3000FCF7D1FC84F896501AF0800F09D000231F
:10EA400005A9CDE905331823ADF81C302068FCF783
:10EA5000C2FC09B0BDE8F08FCDE90533102305A94C
:10EA6000ADF81C302068FCF7B6FCB3E700254FF08A
:10EA7000010928FA05F3DB073ED5A668EFB2204668
:10EA80004FEAC51B06EBC516394616F8302FD209DA
:10EA90000192F4F775F8019A3946204682F0010296
:10EAA000F4F76EF808238DF81C7009FA05F1059645
:10EAB00006938DF81D906268C2F8AC116168D1F8B8
:10EAC000402142F40052C1F84021A2685A44916AA0
:10EAD0001163A2685A44D16A51636268D2F8401146
:10EAE0008F04EBD5D2F8403105A923F40053C2F8C6
:10EAF00040312068FCF76FFC0135082DB9D172E771
:10EB00000027BB463B4622FA07F1CE0703D4013764
:10EB1000202FF8D16FE70F2FF9B203D8072F0FD9A5
:10EB20000137F0E71039C9B20729F0D84E00013695
:10EB3000CDE90533F6B2002900F0A580012004E0FC
:10EB40004E000020F6B2CDE9053335B24FF0010892
:10EB5000029504EB8605B6016D69019641EAC0167F
:10EB600001EB001125F01F0508FA01F8002DCED0A9
:10EB7000029904EB8109D9F8145025F01F052946A4
:10EB800061B14868000603D44868000440F18A80F7
:10EB900048680006BBD449680804B8D5002DB6D033
:10EBA00069680906E2D4059949B9A968A88B21F4D6
:10EBB0007F61C0F30B0021F00F01014305916868EC
:10EBC000E969C0F30E40C1F31231091A06980844EE
:10EBD0000690D9F81410D9F85400814266D1C9F8CA
:10EBE00014B0C9F854B00198A168014401208860AC
:10EBF0000198A1680144C1F80CB06968080403D405
:10EC0000D9F814101F290CD88DF81C6005A98DF8AF
:10EC10001DB020680392FCF7DEFB0023039ACDE9C8
:10EC20000533C5F804B02169296094F89410256172
:10EC3000013184F89410D9F814101F2921F01F0510
:10EC4000ACD969680906ABD56168C1F8B081616863
:10EC5000D1F8B80118EA000FA2D1D1F8B00118EA32
:10EC6000000FFAD1D1F8B81118EA010C98D1A068B8
:10EC7000019908448560A0680844C0F80CC0616828
:10EC8000C1F8B0818CE7A06890F87850AD077FF5A7
:10EC900055AF056CAD003FF551AF056C45F0005523
:10ECA00005644BE7096821F01F0169E70968C9F8A5
:10ECB0001410A2E7EFF31183102282F31288BFF33E
:10ECC0006F8F0360704780F31188BFF36F8F7047B9
:10ECD00038B5044650B1F0F7E7FF4FF41673054618
:10ECE0005C43F0F7E1FF431BA342FAD338BD704702
:10ECF00040B1C368587810F001001EBF1878B0FA10
:10ED000080F040097047EFF31183102383F31288DA
:10ED1000BFF36F8FFEE710B5D0E9003433B90020A0
:10ED2000E268537843F00103537010BD20469847C2
:10ED30000028F4D00028E368B8BF4042FF28A8BFED
:10ED4000FF201870ECE700F06ABD00F040BD70478E
:10ED500010B400F10C04C0E903445DF8044BF8F76B
:10ED60002CBE2DE9F04F89B00546914606A80591C5
:10ED700005F1140ADDE912673B46324600F04DFB0F
:10ED8000DDE90634CDE90234EFF311844FF01008C9
:10ED900088F31288BFF36F8F05F10C0B4A46059973
:10EDA0002846F8F7A1FD30B184F31188BFF36F8FC7
:10EDB00009B0BDE8F08F3E43F6D006A8DDE9022396
:10EDC00000F04FFB5A4621465046DDE90667CDE983
:10EDD0000067F5F7E9F8EFF3118488F31288BFF3C1
:10EDE0006F8FDBE738B50446EFF31185102383F30B
:10EDF0001288BFF36F8FF8F73FFD04F10C0000F0AD
:10EE000099FA30B1294604F11400BDE83840F5F70D
:10EE100045B985F31188BFF36F8F38BD41698368A9
:10EE200043EA010212F003020FD1C2600269013A03
:10EE300001FB023382689A4201D900207047C26800
:10EE40001A604269C3609B1AF4E76FF015007047BF
:10EE50002DE9F04105460F46EFF31188102383F3A7
:10EE60001288BFF36F8FC668FEB90468A0421CD039
:10EE7000DCB104F11800D4E9003213605A60637BFE
:10EE8000A66023F00203C4E90066637300F0AAFAE7
:10EE90002046C4F8B060676100F0D0F9414605F142
:10EEA0000800BDE8F041F5F7F9B83E60AB69EF60E6
:10EEB000013BAB6188F31188BFF36F8FBDE8F08130
:10EEC000102408B5EFF3118384F31288BFF36F8F1A
:10EED000FAF7AEFCF6E7D0E9003213605A6000237F
:10EEE000427B836022F00202C0E900334273704724
:10EEF00090F90E308B4201D0F5F782B800207047B0
:10EF000003460020C3E90033C3E902007047D0E99B
:10EF1000003213605A600023427B836022F00202B9
:10EF2000C0E90033427370472DE9F8439146044627
:10EF30000D469DF8202000F10807EFF311881021FD
:10EF400081F31288BFF36F8F02B14568A668B7429C
:10EF500015D0A6B13046FFF7DAFF06F1180000F031
:10EF600041FA00233046C6F81490C6F8B03000F0DD
:10EF700065F938464146F5F791F800200BE0E3B11A
:10EF800008210020F5F746FD38B988F31188BFF352
:10EF90006F8F6FF00B00BDE8F8830122C0F804907A
:10EFA0000260016801F003015DB922680A43026052
:10EFB000626820606AB960600BE04846C9F80030BA
:10EFC000EFE72A68032A10D80160616839B9C4E9FB
:10EFD0000000042104F1100000F0B8FBC9E70A6842
:10EFE00002F0030202430A60E5E722F003020A434B
:10EFF00002602A6802F0030240EA02032B60E8E79D
:10F0000010B5044630B10268930703D0446809B1D3
:10F0100000F0D6FB204610BD0023C0E9003300F10C
:10F020000803C0E9023300F11003C0E9043370475C
:10F03000012307B5009300230A461946FFF774FF22
:10F0400003B05DF804FB002307B50A461946009398
:10F05000FFF76AFF03B05DF804FB00210068FFF7CB
:10F06000CFBF5AB18A4209D300F11003C0E902129E
:10F07000C0E90000C0E90433002070476FF01500BC
:10F080007047012302688B4022EA0303036022FADF
:10F0900001F000F00100704710B5032104460C3068
:10F0A000FFF7EFFF30B104F1100000F09BF9B0FA68
:10F0B00080F0400910BD28B1002200F58070114693
:10F0C00000F06DB9704773B50446EFF31185102356
:10F0D00083F31288BFF36F8F0023A0F11006032182
:10F0E00004380193FFF7CDFF28B1A36901A9304689
:10F0F0000193F4F717FC85F31188BFF36F8F02B00B
:10F1000070BD38B504460D461022002100F087FB83
:10F11000656038BD13B501900846EFF311841023E4
:10F1200083F31288BFF36F8F01A9F4F7FBFB84F31D
:10F130001188BFF36F8F02B010BD10B5FFF7EAFF63
:10F14000041E08DDEFF31180102383F31288BFF350
:10F150006F8FF4F7D3FF204610BD4FF48C7200215F
:10F1600008B500F05CFB08BD38B530220D46002123
:10F17000044600F054FB4FF480736560E36038BDD3
:10F18000EFF30580003818BF0120704778307047D2
:10F19000F4F796BF002310B58B4202D10020136014
:10F1A00010BDC45CAA2CF9D10133F5E70A46D0E9B9
:10F1B0002601FFF7EFBFD0E9003213605A60002349
:10F1C000C0E90033704708B5FFF7F5FF437B23F034
:10F1D000020343730023836008BD38B504460D461F
:10F1E000F4F79AFD637B43F002036373E5B1A56016
:10F1F0002B689D4209D16B68C4E900531C606C60A8
:10F2000012E06A689A42F6D01B68002BF3D094F99A
:10F210000E2093F90E108A42F3D09142F1DD5A6824
:10F22000C4E9003214605C6038BD90F90E3091F989
:10F230000E00834214BFC01A0020704710B5EFF3D0
:10F240001184102383F31288BFF36F8FF4F78EFDC0
:10F2500084F31188BFF36F8F10BD10B504461830CA
:10F2600000F0C0F8EFF31181102383F31288BFF38D
:10F270006F8F627B1A4004D081F31188BFF36F8FC8
:10F2800010BD2046BDE81040F4F7B6BD08B5EFF359
:10F290001181102282F31288BFF36F8F83680BB144
:10F2A000FFF791FF81F31188BFF36F8F08BD38B569
:10F2B0000446EFF31185102383F31288BFF36F8F99
:10F2C000437B13F0280F0BD183680BB1FFF77BFF53
:10F2D000637B51B903F0FB0320466373F4F746FDEB
:10F2E00085F31188BFF36F8F38BD03F0EB03F3E7AD
:10F2F00001211838FFF7DBBF08B50346EFF3118192
:10F30000102282F31288BFF36F8F0068834207D008
:10F3100008B1FFF758FF81F31188BFF36F8F08BD65
:10F320000020F8E710B5FFF7B1FF1830BDE8104036
:10F3300000F058B838B5054604680020AC4200D14A
:10F3400038BD002CFCD02046FFF7ECFF2046FFF72D
:10F3500075FF2C680120A542F1E7EFF3118110221F
:10F3600082F31288BFF36F8F027BD2070CD581F333
:10F370001188BFF36F8F002383F31188BFF36F8F62
:10F380000423184602DF7047437B1B0704D581F333
:10F390001188BFF36F8F70470122F4F72DBD38B588
:10F3A000EFF31185102383F31288BFF36F8F046886
:10F3B000A04213D0A4B1C4F8B01020466261FFF798
:10F3C00002FF04F1180000F00DF82046F4F7CEFC1F
:10F3D000012085F31188BFF36F8F38BD0020F8E757
:10F3E0002046F6E710B5EFF31184102282F312885D
:10F3F000BFF36F8F03683BB1F5F7A6F8002084F3E5
:10F400001188BFF36F8F10BD6FF01500F7E708B5D7
:10F41000F5F7B8F908BDF5F7B5B9B3F1FF3F08BF87
:10F42000B2F1FF3F70B504461D46164613D01A438D
:10F4300015D06FF001024FF0FF33921B63EB050113
:10F44000002904DAF5F79EF9821941EB05012046FF
:10F45000C4E9002170BD4FF0FF321146F7E70022EA
:10F46000FBE7B3F1FF3F08BFB2F1FF3FF8B5074636
:10F4700016461C4610D054EA020311D0F5F782F963
:10F48000B0420A460346A1410AD2F31A64EB0204D1
:10F490003846C7E90034F8BD4FF0FF331C46F7E7A4
:10F4A0000023FBE70023C0E9081200F11802036300
:10F4B0004363C0E90622C0E90033704710B5044633
:10F4C000FFF790FFA8B9636A0BB12046984704F193
:10F4D0001800FFF711FF60B1FFF7B0FEEFF31180E6
:10F4E000102383F31288BFF36F8FBDE81040F4F749
:10F4F00005BE10BD1423F0B503FB010000244FF43A
:10F500008B76102701B9F0BD10F8073CA0F1140C60
:10F5100040F80C4C03F03F03082B0CD826FA03F3F9
:10F52000DB0708D550F8143C2BB150F8105C2B6069
:10F530005D6040E9054482F31188BFF36F8FEFF3FC
:10F54000118287F31288BFF36F8F01396046D9E7C4
:10F55000F8B50D460446D0E90013884205D163682A
:10F56000C5E900431D6065601DE0002BF7D0986879
:10F5700000B16038A2F160073946FFF756FE002857
:10F58000EDDC2668B442EAD0002EE8D0B16801B1C3
:10F5900060393846FFF749FE002805DD7368C5E984
:10F5A00000631D607560F8BD63689E42D7D0366801
:10F5B000EAE72DE9F74F00258B46144682462E4692
:10F5C0004FF010082F4601935D4503DB304603B032
:10F5D000BDE8F08FEFF3118988F31288BFF36F8FC6
:10F5E0009AF80D3003F03F03013B072B0FD8DFE8FB
:10F5F00003F01F040E0A0E0E0E26DAF810309B6878
:10F600002BB1022321E0DAF810301B688BBB019B81
:10F610003BBB23782BB39AF80D3003F03F03013B3B
:10F62000072B2FD8DFE803F032272E272E2E2E3778
:10F63000DAF810309B68002BE9D0012305E0DAF8F6
:10F6400010301B6A002BE2D01023DAF80C20CAF825
:10F650000870C2F386310B4363F39432CAF80C206E
:10F66000277089F31188BFF36F8F01350AF1140AEF
:10F67000AAE70423E9E7DAF81000224651461030E1
:10F68000FFF766FF0136CAF80840EAE7224651460E
:10F69000DAF81000F4E7DAF8100022465146243078
:10F6A000EEE72DE9F041846805460E46ECB163783B
:10F6B000012B25D114F8533C9A0714D5A4F1600707
:10F6C0003846FFF72FFE082E0CBF6FF00303002310
:10F6D000236514F8533CDB0605D154F8483C13B9B4
:10F6E0003846FFF7ABFD00232370EB680020C3F31F
:10F6F0008632A860164366F39433EB60BDE8F08170
:10F70000022BF0D12378002BEDD054F8048CB8F103
:10F71000000FE8D004F11400A4F11407FFF762FE13
:10F72000002339464046E362FFF7F4FCDBE752056D
:10F73000090202F4001201F47C510A43017B10B566
:10F740000A430024C0E90323846010BD034610B5BA
:10F75000EFF31184102282F31288BFF36F8F0068D9
:10F76000834208D0D0E9003213605A600023C0E918
:10F770000033FFF796FF84F31188BFF36F8F10BD3E
:10F780000023C0E900008360704700238360704756
:10F7900083680B60C368136070470432D3B50446B6
:10F7A00008D20026002741F00401CDE90067FFF7E9
:10F7B000D8FA10B9002002B0D0BD40F8044BFAE7E7
:10F7C00020B1011F50F8040CFFF70CBB70470A442E
:10F7D000914200F1FF3300D1704710B511F8014B91
:10F7E00003F8014F9142F9D110BD884210B501EBE9
:10F7F000020402D98442234607D8431EA14208D0FE
:10F8000011F8012B03F8012FF8E7024401468A4260
:10F8100000D110BD13F8014D02F8014DF7E7024485
:10F820000346934200D1704703F8011BF9E700211A
:10F83000E3F7C6B80A220021F5F736B910B5013949
:10F840000244904201D1002005E0037811F8014FF5
:10F85000A34201D0181B10BD0130F2E7C9B2034624
:10F86000184613F8012B12B18A42F9D170470029CA
:10F8700018BF0020704710B56AB10139841810F81C
:10F88000012B11F8013F9A4203D1A04201D0002A76
:10F89000F5D1D01A10BD1046FCE710B50139044669
:10F8A00032B111F8013F00F8013B013A002BF7D1CA
:10F8B0000021FFF7B4FF204610BD10B502460144F9
:10F8C0008A42134603D01C780132002CF8D1181A52
:10F8D00010BD0A7870B56AB970BD9A4209D10C465C
:10F8E000054614F8013F002BF6D015F8016F9E4233
:10F8F000F7D001300378002BEFD11846ECE72DE963
:10F90000F047C3F13709074688465FFA89F903F0E3
:10F910001F0516464FF0000A384641462A46534610
:10F92000E2F71EFDD4B2092C88BF4C443A46434648
:10F9300088BFE4B2AA4204F1300473EB0A0306F86C
:10F94000014B07468846E7D23046BDE8F0872DE9EF
:10F95000F04387B01C4602AB00931746D2E902235E
:10F960008146884600F0E1F804AB0093D7E9002314
:10F9700006460D464846414600F0D7F8DDE9042327
:10F98000901953EB05014FF0000728BF012737B14D
:10F99000029B039A013342F10002CDE90232403C5E
:10F9A000DDE90223009400F0DBF807B0BDE8F08346
:10F9B0002DE9F04F89B00618994604AB41EB0104DC
:10F9C000009315463046D2E900232146DDF84CB0BD
:10F9D00000F0ABF806AB0093D5E902230746884652
:10F9E0003046214600F0A1F8DDE90463841951EBAB
:10F9F0000306069BD5E900014FF0000228BF012253
:10FA0000D218079B43F10003381848EB0101B842B4
:10FA100071EB0801E9680391A96834BF0120002057
:10FA200014EB010C039946EB010110EB0C0041F1C2
:10FA30000001A04271EB060C34BF4FF0010C4FF0F7
:10FA4000000CCDE90623A9F1410A1CEB020243F1A7
:10FA50000003CDF800A000F083F8129BC3E9000179
:10FA6000149B012BDDE9062329D1D5E90201D5E953
:10FA700000C5201A66EB0101674578EB050534BF28
:10FA800001250025401B61F10001844276EB010550
:10FA900034BF01250025521BCDF800A063F10003FF
:10FAA00000F05EF8DDE90623CBE90001CDF800A007
:10FAB0002046314600F054F809B0BDE8F08F17EB4E
:10FAC000070E48EB080C201946EB0601BE457CEBFF
:10FAD000080834BF01270027C71941F10008D5E9FC
:10FAE000000186457CEB010CD5E9021534BF0120ED
:10FAF0000020381A68F1000C401A6CEB05019218CE
:10FB00005B41A74278EB060534BF01250025521959
:10FB100043F10003874278EB010834BF012500253B
:10FB2000521BA9F140050095B8E7F0B50F46044611
:10FB3000A0FB0201A7FB02524919A3FB044542F1B5
:10FB40000002A7FB0373611845F10004D219059E5A
:10FB500043F10003121943F10003C6E90023F0BD8D
:10FB6000F0B5059CC4F14007C4F1200602FA06F680
:10FB7000A4F12005BB4022FA05F53343C4F1200669
:10FB80002B4301FA06F6A4F12005E04021FA05F521
:10FB90003043BA402843E14010431943F0BD2DE9FA
:10FBA000F04357EC106B3B463446C3F30A55C3F39E
:10FBB0001303FE0F54EA030C067140F2FF7707D0DF
:10FBC000BD420CD146F0080606710020BDE8F08366
:10FBD000002D63D0BD425ED146F00406F4E7002D4F
:10FBE00059D10125A5F2FF350029056059DB0C2903
:10FBF00059DCC1F10D05AD00012605F1FF3EA5F16F
:10FC0000210CC5F1210726FA07F706FA0CFC06FAC3
:10FC10000EF64CEA070CB7194CEB0C09D7F10008AB
:10FC200069EB490E013F49F1FF39274009EA030911
:10FC3000BE427CEB09090FDBC5F12009B5F12007B5
:10FC400003FA09F924FA05F545EA09055CBF43FA08
:10FC500007F73D43ED0703D5A619344643EB0C03E4
:10FC600004EA080403EA0E0300F112050D26084613
:10FC7000C2F127024FF0300E04F00F01240944EACC
:10FC8000037406F1FF3C1B116F1EB1B9B0420CDAD0
:10FC900066463D46F0E743F48013A3E72C462B4627
:10FCA000A2E70021E0E70D21DEE785F800E01CF186
:10FCB000010166463D46DFD188E70929C8BF89189A
:10FCC0003031B0422970B8BF3046F0E7D1E9043294
:10FCD00093421EBF5A1C0A611870704701480068A1
:08FCE00070470000AC2229204E
:08FCE800AC26FE7F01000000C4
:10FCF00097B701600000000069F500600000000097
:10FD000049B40160E8FD0160793201600000000043
:10FD10009D32016000000000FDC0016010FE016026
:10FD200019E80060FCFD0160A9F40060000000001B
:10FD3000D9FA006000000000556B00600000000070
:10FD40001DAA006000000000C1B60160B0FE0160A5
:10FD500033B7016074FE01609BB60160C4FE0160B0
:10FD6000E7B601609CFE01600DB7016088FE01608E
:10FD7000BBB5016060FE016093B701604CFE01609D
:10FD800059B7016038FE01608FB7016024FE016041
:10FD900055E600600000000049EB00600000000034
:10FDA000B9370160000000005DF20060D8FE01601C
:10FDB000F9F50060ECFE0160C5A9016000FF01607B
:10FDC000E9800060000000003DD3006000000000FA
:10FDD000F5B20060000000009941006000000000E2
:08FDE000794200600000000000
:10FDE800C76A026000000000F80F0260620929205B
:10FDF800000000000369026000000000000F0260BC
:10FE08005C092920C0012920976C02605C270260E8
:10FE1800BC2702607809292010262920E26A02609E
:10FE2800141002604024026064092920A4252920B6
:10FE3800F06A0260A4120260402402606609292068
:10FE4800B0252920FE6A0260E414026040240260A2
:10FE580068092920BC2529200C6B026074170260F0
:10FE6800402402606A092920C82529201A6B0260EB
:10FE7800041A0260402402606C092920D425292034
:10FE8800286B0260501A0260402402606E09292023
:10FE9800E0252920366B0260E01C026040240260E5
:10FEA80070092920EC252920446B0260201F02607C
:10FEB8004024026072092920F8252920526B02602B
:10FEC800B0210260402402607409292004262920F8
:10FED800B06A026008082920B40F0260600929206E
:10FEE80058072920826C0260642402603827026067
:10FEF80076092920000029201B690260640F02602E
:0CFF0800000000005E092920A804292048
:10FF1400000000001B980160000000001B980160B5
:10FF2400000000001B980160000000001B980160A5
:10FF3400000000001B980160000000001B98016095
:10FF4400000000001B980160000000001B98016085
:10FF5400000000001B980160000000001B98016075
:10FF6400000000001B980160000000001B98016065
:10FF7400000000001B980160000000001B98016055
:10FF8400000000001B980160000000001B98016045
:10FF9400000000001B980160000000001B98016035
:10FFA400000000001B980160000000001B98016025
:10FFB400000000001B980160000000001B98016015
:10FFC400000000001B980160000000001B98016005
:10FFD400000000001B98016010FE016051BF016029
:10FFE400000000001B980160000000001B980160E5
:0CFFF400000000001B98016000000000ED
:02000004600298
:100000001B980160000000001B98016000000000C8
:100010001B980160000000001B98016000000000B8
:100020001B980160000000001B98016000000000A8
:100030001B980160000000001B9801600000000098
:100040001B980160000000001B9801600000000088
:100050001B980160000000001B9801600000000078
:100060001B980160000000001B9801600000000068
:100070001B980160000000001B9801600000000058
:100080001B980160000000001B9801600000000048
:100090001B980160000000001B9801600000000038
:1000A0001B980160000000001B9801600000000028
:1000B0001B980160000000001B9801600000000018
:1000C0001B980160000000001B9801600000000008
:1000D0001B980160000000001B98016000000000F8
:1000E0001B980160000000001B98016000000000E8
:1000F0001B980160000000001B98016000000000D8
:100100001B980160000000001B98016000000000C7
:100110001B980160000000001B98016000000000B7
:100120001B980160000000001B98016000000000A7
:100130001B980160000000001B9801600000000097
:100140001B980160000000001B9801600000000087
:100150001B980160000000001B9801600000000077
:100160001B980160000000001B9801600000000067
:100170001B980160000000001B9801600000000057
:100180001B980160000000001B9801600000000047
:100190001B980160C4FE01605DB70160C4FE016090
:1001A0005DB70160B0FE01605DB70160B0FE016047
:1001B0005DB701609CFE01605DB701609CFE01605F
:1001C0005DB7016088FE01605DB7016088FE016077
:1001D0005DB7016074FE01605DB7016074FE01608F
:1001E0005DB70160000000001B9801600000000086
:1001F0001B980160000000001B98016000000000D7
:100200001B980160000000001B98016000000000C6
:100210001B980160000000001B98016000000000B6
:100220001B980160000000001B98016000000000A6
:100230001B980160000000001B9801600000000096
:100240001B980160000000001B9801600000000086
:100250001B980160000000001B9801600000000076
:100260001B980160000000001B9801600000000066
:100270001B980160000000001B9801600000000056
:100280001B980160ECFE0160F1BA01600000000003
:100290001B980160000000001B980160D8FE0160FF
:1002A00025B20160000000001B9801600000000002
:1002B0001B980160000000001B9801600000000016
:1002C0001B980160000000001B9801600000000006
:1002D0001B980160000000001B98016000000000F6
:1002E0001B980160000000001B98016000000000E6
:1002F0001B980160000000001B98016000000000D6
:100300001B980160000000001B98016000000000C5
:100310001B980160000000001B98016000000000B5
:100320001B980160000000001B98016000000000A5
:100330001B980160000000001B9801600000000095
:100340001B980160000000001B9801600000000085
:100350001B980160000000001B9801600000000075
:100360001B980160000000001B9801600000000065
:100370001B980160000000001B9801600000000055
:100380001B980160000000001B9801600000000045
:100390001B980160000000001B9801600000000035
:1003A0001B980160000000001B9801600000000025
:1003B0001B980160000000001B9801600000000015
:1003C0001B980160000000001B9801600000000005
:1003D0001B980160000000001B98016000000000F5
:1003E0001B980160000000001B98016000000000E5
:1003F0001B980160000000001B98016000000000D5
:100400001B980160000000001B98016000000000C4
:040410001B980160D4
:10041400E840026003000000D46A026003000000A8
:10042400A342026003000000E059026003000000E0
:100434007E570260030000001741026003000000C1
:100444001B41026003000000E03E02600300000064
:100454003157026003000000AD5702600300000042
:10046400B557026003000000EF6E02600300000055
:100474004C3A026003000000605B0260030000006D
:100484004E4902600300000054490260030000006A
:100494002D3A026003000000A56C02600100000018
:1004A400396A026003000000BE6A026003000000B3
:1004B4008C3B026003000000C53B026003000000A7
:1004C400E866026003000000B962026003000000F5
:1004D400E567026003000000D663026003000000C9
:1004E400A95F026003000000A05F02600300000037
:1004F400E3680260030000009468026003000000E7
:100504007665026003000000EB68026003000000EF
:08051400916C0260030000007D
:10051C00B00B0260A422292069490260000000008F
:10052C005F49026088032920281F292058032920AD
:10053C0002000000340B0260241F2920480B0260CB
:10054C00F80929205449026068132920003E29200B
:10055C001C0C02609C0A0260DC0A02609C0B0260AC
:10056C00F40B0260880A0260300C0260E00B02603F
:0C057C00CC0B0260080C026060090260F9
:100588000000000000000000000000000000000063
:1005980000000000D5420260DC420260000000005A
:1005A80011790060000000005E4402606844026047
:1005B8000000000085790060030000000B43026022
:1005C80011430260000000002D7900600200000065
:1005D800874402608E440260140602600000000036
:1005E80000000000944302609B430260000000008A
:1005F8006926006001010000B83F0260F143026013
:10060800000000006D79006000000000000000009C
:1006180000000000000000000000000000000000D2
:100628005B6602607D45026000000000017A0060A0
:10063800000000001E46026025460260000000001F
:10064800F57A0060000000000000000000000000D3
:0C06580000000000000000000000000096
:04066400FFFFFFFF96
:1006680008032920F4022920E0022920CC022920AD
:100678000F01000000000000000200000000000060
:10068800F26E0260000100001B5B4A00001B5B4821
:1006980000001B5B324A00001B5B4A00001B5B6DBD
:1006A80000001B3700001B3800001B5B3F336C0049
:1006B800001B5B4800001B5B324A00001B37000030
:1006C8001B380000000000000100000000000000CE
:1006D80005000000000000001900000000000000F4
:1006E8007D00000000000000710200000000000012
:1006F800350C000000000000093D0000000000006B
:100708002D31010000000000E1F5050000000000A7
:1007180065CD1D0000000000F902950000000000F2
:10072800DD0EE90200000000514A8D0E00000000B5
:100738009573C24800000000E941CC6B010000003D
:100748008D49FD1A07000000C16FF28623000000E2
:10075800C52EBCA2B1000000D9E9AC2D7803000079
:100768003D9160E45811000031D6E275BC56000096
:10077800F52E6E4DAEB10100C9EA268367780800F0
:10078800ED95C28F055A2A00A1EDCCCE1BC2D3002D
:1007980025A4000A8BCA2204000000000000000003
:1007A8000000000000000010000000000000000031
:1007B800B9340332B7F4AD1410DB1AB30892540EEF
:1007C8000D307D951447BA1A66088F4D26ADC66D53
:1007D800F598BF85E2B74511CA96853D92BD1DEBD8
:1007E800FCA11860DCEF52163C92AE220BB8C1B4E3
:1007F800839D2D5B0562DA1C304C7E8F4E8BB25B7D
:1008080016F4529F8B56A512FBD4827643ED8AF0DC
:100818008FE7F9311565191850F19BD94A13EEB4D1
:10082800284CF0A686C1251F035FC270CB9E4916CF
:10083800E642889C44EB2014B0650836AD6EA58569
:1008480085F0CA14E2FD031A0B899979D5B13D09DF
:10085800D8DA973A35EBCF10AC363F5E73BB38CF5A
:100868003E6752FA44AFBA150100000000000000CC
:100878000000000000000020345065C05FC9A65287
:10088800BB13CBAEC440C21806C8DF7100D5A87C24
:10089800F56F0FDA58FC27136E4756357D2420650F
:1008A80002C7E768E48CA41DE9E60268D7CD396180
:1008B8007977FCC2405BEF16798CDE43FFA751F9CC
:1008C80091F3B278F5BDBE11E857E9D6E8BEE87BEA
:1008D800B054AC8F848D751BEA23A499E9F9D38BA6
:1008E800B7A3714061DA3E15CEE33ECB73F94808F1
:1008F8008C97B427D51B7010A2BFEFB9EB853215C2
:100908004DB44DB49BBB6F1996B6076CF8E7EEADC6
:1009180036D9B4F59135AE13222218AF4E6A684D18
:1009280091DAAA3D4F40741E9FBD9EE006A1C09873
:1009380057C2A7FDA40E90170E7D497173E3208F4F
:10094800B220D87605143B12853D7434811343B028
:10095800AD297A5F27F4351C2D3A0260353A0260DA
:1009680074090260000000000000000078090260BD
:100978004C3A0260523A0260000000008D3C006070
:1009880001010000703A0260753A02600000000040
:10099800FD3E006002040000AB3A0260B23A026019
:1009A800000000003140006002040000ED3A0260DF
:1009B800F13A026000000000913600600118000062
:1009C80034360260203B0260000000005D350060A4
:1009D800010000000000000000000000000000000E
:1009E8000000000000000000083F02601E3F026097
:1009F800383F0260483F02605E3F0260763F026017
:100A0800983F0260A73F0260C03F0260D13F02608A
:100A1800640000000000000003000000280A0260D3
:100A280000000060F94002602C0002070000282046
:100A38000141026022000B110000008008410260A1
:100A480038001001280F292000010000778101607B
:100A58000D810160020000000000000006420260F3
:100A68000E420260000000000000000000000000CC
:100A7800164202601A4202601E420260224202606E
:100A8800A8420260AF4202608805026000000000D0
:100A980000000000046C026062460260B00A026056
:100AA8000000000000000000B40A02605B660260FB
:100AB8007246026000000000C97B00600000000070
:100AC800000000000000000000000000000000001E
:100AD80000000000EC470260F3470260F00A026081
:100AE800557C006002020000F40A0260B54802600A
:100AF800BA48026000000000197D0060050200008D
:100B0800703A0260F2480260000000001180006044
:100B180002010000000000000000000000000000CA
:100B280000000000000000003A0000008F38292073
:100B38001E000000738F01602C05026050032920FD
:100B48001C050260740B02609022292064000000DA
:100B5800600B0260502229206014292080000000C8
:100B680000000000538401600200000077920160D9
:100B7800982229208F3829201E000000218100603A
:100B8800A18401607D840160C18401608F8401605B
:100B980000000000884C02604A4C0260000000001F
:100BA800558E0060010000004D91016015910160B3
:100BB800CB9201600000000000000000000000006F
:100BC80000000000454D02604C4D0260000000002E
:100BD8009996006001000000764D02607D4D02602C
:100BE800440C02603997006001010000224E026047
:100BF8002A4E0260000000005996006001000000C3
:100C08003B4E0260414E0260700C02600000000022
:100C180000000000674E02606D4E02600000000098
:100C280005970060010000007B4E02607F4E026065
:100C3800000000009F94016000000000480C026062
:100C4800A24E0260AA4E026000000000B995006042
:100C5800010000000000000000000000000000008B
:100C68000000000000000000740C0260EE4E0260FC
:100C7800F74E026000000000F995006001000000D6
:100C8800144F0260234F0260140D02600000000040
:100C980000000000D34F0260DA4F0260540E026079
:100CA8000000000000000000F14F0260F74F0260F2
:100CB800140E026000000000000000000E500260E8
:100CC80015500260D40D0260000000000000000012
:100CD8002450026029500260940D0260B5960060AD
:100CE800010100003C50026042500260540D026055
:100CF80000000000000000000000000000000000EC
:100D0800000000000000000000000000180D026054
:100D1800545002605E500260000000003795016088
:100D280001000000965002609D5002600000000023
:100D3800F3940160010000000000000000000000C2
:100D4800000000000000000000000000580D0260D4
:100D58005A5B0260D450026000000000A394016056
:100D6800010000000251026007510260000000000B
:100D7800E595006001000000000000000000000090
:100D8800000000000000000000000000980D026054
:100D9800205D026033510260000000005995016037
:100DA80001000000BD3F02607251026000000000B7
:100DB800BF95016001000000000000000000000075
:100DC800000000000000000000000000D80D0260D4
:100DD800205D0260855102600000000049960060B5
:100DE80001000000BD3F0260955102600000000054
:100DF800C594016001000000000000000000000030
:100E0800000000000000000000000000180E026052
:100E1800205D0260A451026000000000D1940160CE
:100E280001000000BD3F0260BC51026000000000EC
:100E38009D95016001000000000000000000000016
:100E4800000000000000000000000000580E0260D2
:100E5800205D0260D351026000000000159501601A
:100E680001000000BD3F0260EB510260000000007D
:100E78007B950160010000000000000000000000F8
:100E88000000000000000000000000000000282012
:100E98000000010000000C110000292000000000E3
:100EA80000000B0625AC006000000000D39A01602A
:100EB80011B40060519D0160179D01607B9C016029
:100EC8009F9B0160BB9C01606B9C0160E9B3006063
:100ED80099B300602F9C016075B3006001B3006096
:100EE80069B40060F19B0160019C0160E19B0160B5
:100EF800A59B01606F9D016025E60060C9E6006062
:100F080000000000C5A6016047A70160F9E4006081
:100F1800F5E5006049EA0060A1A7016065E40060AA
:100F280085E9006097A70160000000009DE400606B
:100F38000000000000000000C5E4006025E9006032
:100F480095A60160ABA701609DA60160AC0E02608A
:100F5800600F026000020000BC822820ECFE0160E5
:100F680073A9016053A901604BA9016043A90160FD
:100F78009DA90160880F0260C80A292000000000AE
:100F8800EDA9016000000000D5A901609C0F026076
:100F980000000000912C01603D2D0160F3E5016027
:100FA800FFE50160812D016083E601600BB10160FE
:100FB80031B3016097B301602DB1016015B30160D1
:100FC8000000000037B101607DB1016087B10160A8
:100FD8008DB1016000000000A3B10160ABB10160F8
:100FE800B3B10160E7B1016031B2016041B20160A3
:100FF8003FB401604DB40160000000001DF40060C2
:101008000000000043B4016000000000FFFFFFFF84
:1010180000C00042241002602000000014801F401D
:1010280004821F400000000074C00A40000501004F
:1010380018801F4008821F400000000074C00A404A
:10104800010501001C801F400C821F4000000000A9
:1010580074C00A400205010020801F4010821F4012
:101068000000000074C00A400305010024801F40EE
:1010780014821F400000000074C00A4004050100EB
:1010880028801F4018821F400000000074C00A40DA
:10109800050501002C801F401C821F400000000035
:1010A80074C00A400605010030801F4020821F409E
:1010B8000000000074C00A400705010034801F408A
:1010C80024821F400000000074C00A400805010087
:1010D80038801F4028821F400000000074C00A406A
:1010E800090501003C801F402C821F4000000000C1
:1010F80074C00A400A05010040801F4030821F402A
:101108000000000074C00A400B05010044801F4025
:1011180034821F400000000074C00A400C05010022
:1011280048801F4038821F400000000074C00A40F9
:101138000D0501004C801F403C821F40000000004C
:1011480074C00A400E05010050801F4040821F40B5
:101158000000000074C00A400F05010054801F40C1
:1011680044821F400000000074C00A4010050100BE
:1011780058801F4048821F400000000074C00A4089
:10118800110501005C801F404C821F4000000000D8
:1011980074C00A401205010060801F4050821F4041
:1011A8000000000074C00A401305010064801F405D
:1011B80054821F400000000074C00A40140501005A
:1011C80068801F4058821F400000000074C00A4019
:1011D800150501006C801F405C821F400000000064
:1011E80074C00A401605010070801F4060821F40CD
:1011F8000000000074C00A401705010074801F40F9
:1012080064821F400000000074C00A4018050100F5
:1012180078801F4068821F400000000074C00A40A8
:10122800190501007C801F406C821F4000000000EF
:1012380074C00A401A05010080801F4070821F4058
:101248000000000074C00A401B05010084801F4094
:1012580074821F400000000074C00A401C05010091
:1012680088801F4078821F400000000074C00A4038
:101278001D0501008C801F407C821F40000000007B
:1012880074C00A401E05010090801F4080821F40E4
:101298000000000074C00A401F050100FFFFFFFFA7
:1012A80000800042B41202601C000000D4811F407C
:1012B800C4831F400000000070C00A400005010000
:1012C800D8811F40C8831F400000000070C00A403A
:1012D80001050100DC811F40CC831F400000000095
:1012E80070C00A4002050100E0811F40D0831F4002
:1012F8000000000070C00A4003050100E4811F409F
:10130800D4831F400000000070C00A40040501009B
:10131800E8811F40D8831F400000000070C00A40C9
:1013280005050100EC811F40DC831F400000000020
:1013380070C00A4006050100F0811F40E0831F408D
:101348000000000070C00A4007050100F4811F403A
:10135800E4831F400000000070C00A400805010037
:10136800F8811F40E8831F400000000070C00A4059
:1013780009050100FC811F40EC831F4000000000AC
:1013880070C00A400A05010000821F40F0831F4018
:101398000000000070C00A400B050100BC811F401E
:1013A800AC831F400000000070C00A400C0501001B
:1013B800C0811F40B0831F400000000070C00A4079
:1013C8000D050100C4811F40B4831F4000000000C8
:1013D80070C00A400E050100C8811F40B8831F4035
:1013E8000000000070C00A400F050100CC811F40BA
:1013F800BC831F400000000070C00A4010050100B7
:10140800D0811F40C0831F400000000070C00A4008
:101418001105010094801F4084821F4000000000D5
:1014280070C00A401205010098801F4088821F4042
:101438000000000070C00A40130501009C801F4096
:101448008C821F400000000070C00A401405010093
:10145800A0801F4090821F400000000070C00A401A
:1014680015050100A4801F4094821F400000000061
:1014780070C00A4016050100A8801F4098821F40CE
:101488000000000070C00A4017050100AC801F4032
:101498009C821F400000000070C00A40180501002F
:1014A800B0801F40A0821F400000000070C00A40AA
:1014B80019050100B4801F40A4821F4000000000ED
:1014C80070C00A401A050100B8801F40A8821F405A
:1014D8000000000070C00A401B050100FFFFFFFF6D
:1014E80000400042F4140260200000003C811F40CC
:1014F8002C831F40000000006CC00A40000501005A
:1015080040811F4030831F40000000006CC00A402B
:101518000105010044811F4034831F400000000082
:101528006CC00A400205010048811F4038831F40F3
:10153800000000006CC00A40030501004C811F40F8
:101548003C831F40000000006CC00A4004050100F5
:1015580050811F4040831F40000000006CC00A40BB
:101568000505010054811F4044831F40000000000E
:101578006CC00A400605010058811F4048831F407F
:10158800000000006CC00A40070501005C811F4094
:101598004C831F40000000006CC00A400805010091
:1015A80060811F4050831F40000000006CC00A404B
:1015B8000905010064811F4054831F40000000009A
:1015C8006CC00A400A05010068811F4058831F400B
:1015D800000000006CC00A400B0501006C811F4030
:1015E8005C831F40000000006CC00A400C0501002D
:1015F80070811F4060831F40000000006CC00A40DB
:101608000D05010074811F4064831F400000000025
:101618006CC00A400E05010078811F4068831F4096
:10162800000000006CC00A400F0501007C811F40CB
:101638006C831F40000000006CC00A4010050100C8
:1016480080811F4070831F40000000006CC00A406A
:101658001105010084811F4074831F4000000000B1
:101668006CC00A401205010088811F4078831F4022
:10167800000000006CC00A40130501008C811F4067
:101688007C831F40000000006CC00A401405010064
:1016980090811F4080831F40000000006CC00A40FA
:1016A8001505010094811F4084831F40000000003D
:1016B8006CC00A401605010098811F4088831F40AE
:1016C800000000006CC00A40170501009C811F4003
:1016D8008C831F40000000006CC00A401805010000
:1016E800A0811F4090831F40000000006CC00A408A
:1016F80019050100A4811F4094831F4000000000C9
:101708006CC00A401A050100A8811F4098831F4039
:10171800000000006CC00A401B050100AC811F409E
:101728009C831F40000000006CC00A401C0501009B
:10173800B0811F40A0831F40000000006CC00A4019
:101748001D050100B4811F40A4831F400000000054
:101758006CC00A401E050100B8811F40A8831F40C5
:10176800000000006CC00A401F050100FFFFFFFFDA
:10177800000000428417026020000000BC801F4067
:10178800AC821F400000000068C00A40000501004C
:10179800C0801F40B0821F400000000068C00A409F
:1017A80001050100C4801F40B4821F4000000000F2
:1017B80068C00A4002050100C8801F40B8821F4067
:1017C8000000000068C00A4003050100CC801F40EB
:1017D800BC821F400000000068C00A4004050100E8
:1017E800D0801F40C0821F400000000068C00A402F
:1017F80005050100D4801F40C4821F40000000007E
:1018080068C00A4006050100D8801F40C8821F40F2
:101818000000000068C00A4007050100DC801F4086
:10182800CC821F400000000068C00A400805010083
:10183800E0801F40D0821F400000000068C00A40BE
:1018480009050100E4801F40D4821F400000000009
:1018580068C00A400A050100E8801F40D8821F407E
:101868000000000068C00A400B050100EC801F4022
:10187800DC821F400000000068C00A400C0501001F
:10188800F0801F40E0821F400000000068C00A404E
:101898000D050100F4801F40E4821F400000000095
:1018A80068C00A400E050100F8801F40E8821F400A
:1018B8000000000068C00A400F050100FC801F40BE
:1018C800EC821F400000000068C00A4010050100BB
:1018D80000811F40F0821F400000000068C00A40DD
:1018E8001105010004811F40F4821F400000000020
:1018F80068C00A401205010008811F40F8821F4095
:101908000000000068C00A40130501000C811F4058
:10191800FC821F400000000068C00A401405010056
:1019280010811F4000831F400000000068C00A406B
:101938001505010014811F4004831F4000000000AA
:1019480068C00A401605010018811F4008831F401F
:101958000000000068C00A40170501001C811F40F4
:101968000C831F400000000068C00A4018050100F1
:1019780020811F4010831F400000000068C00A40FB
:101988001905010024811F4014831F400000000036
:1019980068C00A401A05010028811F4018831F40AB
:1019A8000000000068C00A401B0501002C811F4090
:1019B8001C831F400000000068C00A401C0501008D
:1019C80030811F4020831F400000000068C00A408B
:1019D8001D05010034811F4024831F4000000000C2
:1019E80068C00A401E05010038811F4028831F4037
:1019F8000000000068C00A401F050100FFFFFFFF4C
:101A080000000C40141A02600300000000800A4025
:101A180018800A40000000000000000000050000D7
:101A280004800A401C800A400000000000000000FA
:101A38000005000008800A4020800A4000000000DD
:101A48000000000000050000FFFFFFFF00401C40F1
:101A5800601A02602000000014801F4004821F40AA
:101A68000000000074C00A400005000018801F40F4
:101A780008821F400000000074C00A4001050000F1
:101A88001C801F400C821F400000000074C00A40E8
:101A98000205000020801F4010821F400000000047
:101AA80074C00A400305000024801F4014821F40B0
:101AB8000000000074C00A400405000028801F4090
:101AC80018821F400000000074C00A40050500008D
:101AD8002C801F401C821F400000000074C00A4078
:101AE8000605000030801F4020821F4000000000D3
:101AF80074C00A400705000034801F4024821F403C
:101B08000000000074C00A400805000038801F402B
:101B180028821F400000000074C00A400905000028
:101B28003C801F402C821F400000000074C00A4007
:101B38000A05000040801F4030821F40000000005E
:101B480074C00A400B05000044801F4034821F40C7
:101B58000000000074C00A400C05000048801F40C7
:101B680038821F400000000074C00A400D050000C4
:101B78004C801F403C821F400000000074C00A4097
:101B88000E05000050801F4040821F4000000000EA
:101B980074C00A400F05000054801F4044821F4053
:101BA8000000000074C00A401005000058801F4063
:101BB80048821F400000000074C00A401105000060
:101BC8005C801F404C821F400000000074C00A4027
:101BD8001205000060801F4050821F400000000076
:101BE80074C00A401305000064801F4054821F40DF
:101BF8000000000074C00A401405000068801F40FF
:101C080058821F400000000074C00A4015050000FB
:101C18006C801F405C821F400000000074C00A40B6
:101C28001605000070801F4060821F400000000001
:101C380074C00A401705000074801F4064821F406A
:101C48000000000074C00A401805000078801F409A
:101C580068821F400000000074C00A401905000097
:101C68007C801F406C821F400000000074C00A4046
:101C78001A05000080801F4070821F40000000008D
:101C880074C00A401B05000084801F4074821F40F6
:101C98000000000074C00A401C05000088801F4036
:101CA80078821F400000000074C00A401D05000033
:101CB8008C801F407C821F400000000074C00A40D6
:101CC8001E05000090801F4080821F400000000019
:101CD80074C00A401F050000FFFFFFFF00001C4002
:101CE800F01C02601C000000D4811F40C4831F4008
:101CF8000000000070C00A4000050000D8811F40A5
:101D0800C8831F400000000070C00A4001050000A1
:101D1800DC811F40CC831F400000000070C00A40D7
:101D280002050000E0811F40D0831F400000000032
:101D380070C00A4003050000E4811F40D4831F409F
:101D48000000000070C00A4004050000E8811F4040
:101D5800D8831F400000000070C00A40050500003D
:101D6800EC811F40DC831F400000000070C00A4067
:101D780006050000F0811F40E0831F4000000000BE
:101D880070C00A4007050000F4811F40E4831F402B
:101D98000000000070C00A4008050000F8811F40DC
:101DA800E8831F400000000070C00A4009050000D9
:101DB800FC811F40EC831F400000000070C00A40F7
:101DC8000A05000000821F40F0831F400000000049
:101DD80070C00A400B050000BC811F40AC831F4047
:101DE8000000000070C00A400C050000C0811F40C0
:101DF800B0831F400000000070C00A400D050000BD
:101E0800C4811F40B4831F400000000070C00A4016
:101E18000E050000C8811F40B8831F400000000065
:101E280070C00A400F050000CC811F40BC831F40D2
:101E38000000000070C00A4010050000D0811F405B
:101E4800C0831F400000000070C00A401105000058
:101E580094801F4084821F400000000070C00A4028
:101E68001205000098801F4088821F400000000073
:101E780070C00A40130500009C801F408C821F40E0
:101E88000000000070C00A4014050000A0801F4038
:101E980090821F400000000070C00A401505000035
:101EA800A4801F4094821F400000000070C00A40B8
:101EB80016050000A8801F4098821F4000000000FF
:101EC80070C00A4017050000AC801F409C821F406C
:101ED8000000000070C00A4018050000B0801F40D4
:101EE800A0821F400000000070C00A4019050000D1
:101EF800B4801F40A4821F400000000070C00A4048
:101F08001A050000B8801F40A8821F40000000008A
:101F180070C00A401B050000FFFFFFFF00C01B4008
:101F2800301F0260200000003C811F402C831F40AE
:101F3800000000006CC00A400005000040811F40FE
:101F480030831F40000000006CC00A4001050000FB
:101F580044811F4034831F40000000006CC00A40C9
:101F68000205000048811F4038831F400000000020
:101F78006CC00A40030500004C811F403C831F4091
:101F8800000000006CC00A400405000050811F409A
:101F980040831F40000000006CC00A400505000097
:101FA80054811F4044831F40000000006CC00A4059
:101FB8000605000058811F4048831F4000000000AC
:101FC8006CC00A40070500005C811F404C831F401D
:101FD800000000006CC00A400805000060811F4036
:101FE80050831F40000000006CC00A400905000033
:101FF80064811F4054831F40000000006CC00A40E9
:102008000A05000068811F4058831F400000000037
:102018006CC00A400B0500006C811F405C831F40A8
:10202800000000006CC00A400C05000070811F40D1
:1020380060831F40000000006CC00A400D050000CE
:1020480074811F4064831F40000000006CC00A4078
:102058000E05000078811F4068831F4000000000C3
:102068006CC00A400F0500007C811F406C831F4034
:10207800000000006CC00A401005000080811F406D
:1020880070831F40000000006CC00A40110500006A
:1020980084811F4074831F40000000006CC00A4008
:1020A8001205000088811F4078831F40000000004F
:1020B8006CC00A40130500008C811F407C831F40C0
:1020C800000000006CC00A401405000090811F4009
:1020D80080831F40000000006CC00A401505000006
:1020E80094811F4084831F40000000006CC00A4098
:1020F8001605000098811F4088831F4000000000DB
:102108006CC00A40170500009C811F408C831F404B
:10211800000000006CC00A4018050000A0811F40A4
:1021280090831F40000000006CC00A4019050000A1
:10213800A4811F4094831F40000000006CC00A4027
:102148001A050000A8811F4098831F400000000066
:102158006CC00A401B050000AC811F409C831F40D7
:10216800000000006CC00A401C050000B0811F4040
:10217800A0831F40000000006CC00A401D0500003D
:10218800B4811F40A4831F40000000006CC00A40B7
:102198001E050000B8811F40A8831F4000000000F2
:1021A8006CC00A401F050000FFFFFFFF00801B40B6
:1021B800C021026020000000BC801F40AC821F408C
:1021C8000000000068C00A4000050000C0801F40F1
:1021D800B0821F400000000068C00A4001050000EE
:1021E800C4801F40B4821F400000000068C00A403D
:1021F80002050000C8801F40B8821F400000000090
:1022080068C00A4003050000CC801F40BC821F4004
:102218000000000068C00A4004050000D0801F408C
:10222800C0821F400000000068C00A400505000089
:10223800D4801F40C4821F400000000068C00A40CC
:1022480006050000D8801F40C8821F40000000001B
:1022580068C00A4007050000DC801F40CC821F4090
:102268000000000068C00A4008050000E0801F4028
:10227800D0821F400000000068C00A400905000025
:10228800E4801F40D4821F400000000068C00A405C
:102298000A050000E8801F40D8821F4000000000A7
:1022A80068C00A400B050000EC801F40DC821F401C
:1022B8000000000068C00A400C050000F0801F40C4
:1022C800E0821F400000000068C00A400D050000C1
:1022D800F4801F40E4821F400000000068C00A40EC
:1022E8000E050000F8801F40E8821F400000000033
:1022F80068C00A400F050000FC801F40EC821F40A8
:102308000000000068C00A401005000000811F405E
:10231800F0821F400000000068C00A40110500005C
:1023280004811F40F4821F400000000068C00A407A
:102338001205000008811F40F8821F4000000000BD
:1023480068C00A40130500000C811F40FC821F4032
:102358000000000068C00A401405000010811F40FA
:1023680000831F400000000068C00A4015050000F7
:1023780014811F4004831F400000000068C00A4009
:102388001605000018811F4008831F400000000048
:1023980068C00A40170500001C811F400C831F40BD
:1023A8000000000068C00A401805000020811F4096
:1023B80010831F400000000068C00A401905000093
:1023C80024811F4014831F400000000068C00A4099
:1023D8001A05000028811F4018831F4000000000D4
:1023E80068C00A401B0500002C811F401C831F4049
:1023F8000000000068C00A401C05000030811F4032
:1024080020831F400000000068C00A401D0500002E
:1024180034811F4024831F400000000068C00A4028
:102428001E05000038811F4028831F40000000005F
:1024380068C00A401F050000BFB5016051B40160C3
:102448005DB401606FB401607BB4016087B4016062
:1024580093B4016069B501600000000000002C40E1
:10246800E8FD016000060000000000000000000018
:102478000000000000000000000000000000010053
:102488000F0000008000000080000000FC03000036
:1024980000000000FC030000F4010000801A0600A0
:1024A80000D4650C00000000B8240260DBBA0160AB
:1024B800C0240260040000009026026007000000AB
:1024C8000026026006020000702502600603000074
:1024D800E024026006040000C0811F40B0831F4052
:1024E800000000000000000000000000F9000100EA
:1024F800BC811F40AC831F400000000000000000AA
:1025080000000000F9700100C4811F40B4831F401F
:10251800000000000000000000000000F970010049
:10252800C8811F40B8831F40000000000000000061
:1025380000000000F9700100CC811F40BC831F40DF
:10254800000000000000000000000000F970010019
:10255800D0811F40C0831F40000000000000000021
:1025680000000000F9700100C0811F40B0831F40C7
:1025780000000000000000000000000079000100D9
:10258800BC811F40AC831F40000000000000000019
:102598000000000079700100C4811F40B4831F400F
:1025A8000000000000000000000000007970010039
:1025B800C8811F40B8831F400000000000000000D1
:1025C8000000000079700100CC811F40BC831F40CF
:1025D8000000000000000000000000007970010009
:1025E800D0811F40C0831F40000000000000000091
:1025F8000000000079700100C0811F40B0831F40B7
:102608000000000000000000000000003900010088
:10261800BC811F40AC831F40000000000000000088
:102628000000000039700100C4811F40B4831F40BE
:1026380000000000000000000000000039700100E8
:10264800C8811F40B8831F40000000000000000040
:102658000000000039700100CC811F40BC831F407E
:1026680000000000000000000000000039700100B8
:10267800D0811F40C0831F40000000000000000000
:102688000000000039700100C0811F40B0831F4066
:1026980000000000000000000000000049000100E8
:1026A800BC811F40AC831F400000000000000000F8
:1026B8000000000049700100C4811F40B4831F401E
:1026C8000000000000000000000000004970010048
:1026D800C8811F40B8831F400000000000000000B0
:1026E8000000000049700100CC811F40BC831F40DE
:1026F8000000000000000000000000004970010018
:10270800D0811F40C0831F4000000000000000006F
:102718000000000049700100B8801F40A8821F40D7
:1027280000000000000000000006000061700100C9
:1027380069BB01604927006031F80060F1F9006069
:102748004FBC016047B90160C5BA016059B9016061
:102758002FBA016000801940E8FD01607C27026003
:102768000003000000C2010000000000000000009B
:102778007FBF016084270260010000008C2702608F
:1027880002000000C8801F40B8821F4050851F40CB
:10279800000000000012000070100000C4801F40FC
:1027A800B4821F4054851F40000000000012000042
:1027B8007010000077C10160F1BE01601DBF0160AB
:1027C80047C10160BFBD0160C9BE016081BE016033
:1027D8000BBE0160E7BD016037BE0160FFBD01604F
:1027E800DBBD016027BE016017BE0160F3BD01605B
:1027F800CFBD016055BE0160B3BD0160B7BD0160CA
:1028080000000000000000000700000000000000B9
:102818000000000000000000A73A0260936D02600B
:10282800986D0260213D02609B6D02609F6D0260A1
:10283800A36D0260A86D0260A73A0260936D026002
:10284800986D0260213D02609B6D02609F6D026081
:10285800A36D0260A86D026040787D0180F0FA02E5
:1028680000E1F505405973070000000024EB0080E3
:102878000000000024F00080000000001CF7008029
:102888000000000018FD0080000000003CEB008004
:102898000000000018FA0080000000002479008081
:1028A80028E6008028E007802CE600802CE00780DE
:1028B80028F6008028F007800000000038F3078021
:1028C8000000000020E207800000000024E00780EC
:1028D80038EC008018F7008030F9008030F600806E
:1028E80030EC008030E9008028E9008028F9008079
:1028F8001C3000801C3100801C7D0080186800801E
:102908003C69008018640080186E00801C6A008092
:102918001C6C00801C6E00803832008020680080AB
:102928002426008038EF00803074008030670080F3
:10293800207300800000000000401840008018400C
:1029480000C018400000194000401940008019409C
:1029580000C0194000001A409B6E0260A96E026018
:10296800BD6E0260CC6E0260D86E0260F0FC016041
:10297800F8FC016030FD016038FD0160D8FD0160A0
:10298800E8FD0160FD6E0260050000001D6F026039
:1029980007000000036F0260080000000C6F02606F
:1029A80004000000A968026009000000116F0260BD
:1029B800080000001A6F02600A000000256F02601C
:1029C80006000000000000000000000000000000F9
:1029D80000000000000000409559695955555455AC
:1029E8001555555604051541105455404551554443
:1029F80040455044505555450040004040044496D9
:102A080065555655454045545141154055915555C4
:102A18005555405105010000544554544555050489
:102A280000100410140440000000014055551541E1
:102A3800540400004400010000000040410000442C
:102A48005044455054005555545565510040004078
:102A5800010000010005010011545151545555055C
:102A6800000000000000000000000000D1F7173748
:102A7800D1F717B78071313F807131BF0000003F37
:102A8800000000BF00000000DCCFD13500000000CE
:102A980000C0153F0000803F0000C03F000FC93F45
:102AA800000F494000CB9640000FC9400053FB403F
:102AB80000CB164100ED2F41000F49410031624122
:102AC80000537B41003A8A4100CB9641005CA34108
:102AD80000EDAF41007EBC41000FC94100A0D541C7
:102AE8000031E24100C2EE410053FB4100F20342D3
:102AF800003A0A420083104200CB164200141D42DD
:102B0800005C234200A5294200ED2F4200363642E0
:102B1800007E3C4200C74242000F4942A20000002A
:102B2800F9000000830000006E0000004E00000065
:102B3800440000001500000029000000FC0000000F
:102B48002700000057000000D1000000F500000039
:102B580034000000DD000000C0000000DB000000C1
:102B68006200000095000000990000003C00000091
:102B7800430000009000000041000000FE0000003B
:102B88005100000063000000AB000000DE00000000
:102B9800BB000000C500000061000000B700000095
:102BA800240000006E0000003A000000420000000F
:102BB8004D000000D2000000E00000000600000008
:102BC800490000002E000000EA0000000900000093
:102BD800D1000000920000001C000000FE00000070
:102BE8001D000000EB0000001C000000B100000008
:102BF80029000000A70000003E000000E8000000D7
:102C08008200000035000000F50000002E000000E2
:102C1800BB0000004400000084000000E900000040
:102C28009C0000007000000026000000B4000000B6
:102C38005F0000007E000000410000003900000035
:102C480091000000D6000000390000008300000059
:102C58005300000039000000F40000009C00000050
:102C6800840000005F0000008B000000BD00000031
:102C7800F9000000280000003B0000001F000000D1
:102C8800F800000097000000FF000000DE000000D0
:102C980005000000980000000F000000EF00000091
:102CA8002F000000110000008B0000005A000000F7
:102CB8000A0000006D0000001F0000006D00000009
:102CC800360000007E000000CF0000002700000052
:102CD800CB00000009000000B70000004F00000012
:102CE800460000003F000000660000009E00000053
:102CF8005F000000EA0000002D00000075000000E1
:102D080027000000BA000000C7000000EB00000028
:102D1800E5000000F10000007B0000003D0000001D
:102D28000700000039000000F70000008A000000DA
:102D38005200000092000000EA0000006B00000052
:102D4800FB0000005F000000B10000001F00000051
:102D58008D0000005D000000080000005600000023
:102D6800030000003000000046000000FC000000E6
:102D78007B0000006B000000AB000000F0000000CA
:102D8800CF000000BC000000200000009A000000F6
:102D9800F4000000360000001D000000A90000003B
:102DA800E300000091000000610000005E000000E8
:102DB800E60000001B00000008000000650000009D
:102DC80099000000850000005F000000140000006A
:102DD800A000000068000000400000008D00000016
:102DE800FF000000D8000000800000004D00000037
:102DF80073000000270000003100000006000000FA
:102E0800060000001500000056000000CA0000007F
:102E180073000000A8000000C90000006000000066
:102E2800E20000007B000000C00000008C000000F1
:102E38006B0000000000C93F0000F0390000DA37DD
:102E48000000A2330000842E0000502B0000C2278F
:102E58000000D0220000C41F0000C61B0000441759
:102E68000400000007000000090000000100040041
:102E780010004000000100020000010002000400F0
:102E880008001000200000007D1D0100632C001EBA
:102E98009601A01E5A01001F0806101F0606201FD3
:102EA8000806301F0806401F0606511F0700591F55
:102EB800521F5B1F541F5D1F561F5F1F601F0806B0
:102EC800701F0E00BA1FBB1FC81FC91FCA1FCB1F08
:102ED800DA1FDB1FF81FF91FEA1FEB1FFA1FFB1F82
:102EE800801F0806901F0806A01F0806B01F0400D0
:102EF800B81FB91FB21FBC1FCC1F0100C31FD01FB2
:102F08000206E01F0206E51F0100EC1FF31F010087
:102F1800FC1F4E2101003221702110028421010082
:102F28008321D0241A05302C2F04602C0201672C31
:102F38000601752C0201802C6401002D260841FF32
:102F48001A03000061001A03E0001703F8000703E2
:102F5800FF0001007801000130013201060139014A
:102F680010014A012E017901060180014D0043023A
:102F78008101820182018401840186018701870120
:102F880089018A018B018B018D018E018F019001CE
:102F98009101910193019401F6019601970198011D
:102FA80098013D029B019C019D0120029F01A00107
:102FB800A001A201A201A401A401A601A701A701E1
:102FC800A901AA01AB01AC01AC01AE01AF01AF018F
:102FD800B101B201B301B301B501B501B701B8013F
:102FE800B801BA01BB01BC01BC01BE01F701C001B7
:102FF800C101C201C301C401C501C401C701C8019F
:10300800C701CA01CB01CA01CD011001DD010100D0
:103018008E01DE011201F3010300F101F401F40154
:10302800F8012801220212013A020900652C3B022C
:103038003B023D02662C3F02400241024102460229
:103048000A015302400081018601550289018A0163
:1030580058028F015A0290015C025D025E025F0213
:1030680093016102620294016402650266026702CA
:10307800970196016A02622C6C026D026E029C0135
:10308800700271029D01730274029F017602770239
:10309800780279027A027B027C02642C7E027F022B
:1030A800A60181028202A9018402850286028702A2
:1030B800AE014402B101B20145028D028E028F02B7
:1030C80090029102B7017B030300FD03FE03FF0397
:1030D800AC0304008603880389038A03B103110340
:1030E800C2030200A303A303C4030803CC03030021
:1030F8008C038E038F03D8031801F2030A00F90327
:10310800F303F403F503F603F703F703F903FA03EC
:10311800FA033004200350041007600422018A04D3
:103128003601C1040E01CF040100C004D0044401DB
:10313800610526040000C700FC00E900E200E40085
:10314800E000E500E700EA00EB00E800EF00EE0031
:10315800EC00C400C500C900E600C600F400F60093
:10316800F200FB00F900FF00D600DC00A200A3007B
:10317800A500A7209201E100ED00F300FA00F1009C
:10318800D100AA00BA00BF001023AC00BD00BC00EB
:10319800A100AB00BB00912592259325022524258B
:1031A80061256225562555256325512557255D2519
:1031B8005C255B251025142534252C251C25002588
:1031C8003C255E255F255A255425692566256025F9
:1031D80050256C25672568256425652559255825BA
:1031E800522553256B256A2518250C258825842505
:1031F8008C2590258025B103DF009303C003A3032A
:10320800C303B500C403A6039803A903B4031E228D
:10321800C603B50329226122B10065226422202356
:103228002123F7004822B0001922B7001A227F2074
:10323800B200A025A000FFFF18051C000C00180113
:10324800020306031A050E06FFFF0206040680FFA6
:103258006E006F0071345F300071385F3000746544
:10326800656E737934312D74696E796C6C6D0A00F2
:10327800202063707520202020203A202575204DBD
:10328800487A0A0020206B65726E656C20203A200F
:1032980025730A002020707372616D2020203A2067
:1032A8002575204D4220402025752E2575204D4836
:1032B8007A0A0020206172656E612020203A20255C
:1032C80075204B42206F6372616D322C202575206A
:1032D8004B422073747265616D2074696C650A00D5
:1032E80020206D6F64656C2020203A20256C6C7559
:1032F800204B422C2025732C206374782025640AE7
:103308000020206D6F64656C2020203A206E6F6E5F
:1033180065206C6F616465640A00257525252000A9
:103328006E6F206D6F64656C206C6F6164656420DE
:10333800E28094206074696E796C6C6D206C6F61AA
:1033480064203C66696C652E6574713E600A002DC8
:103358006E002D74002D70002D73005B67656E3A4A
:1033680020656E636F64696E675D0A00656E636FE2
:1033780064653A2025730A005B67656E3A20656EBE
:10338800636F6465642025645D0A005B6625645D7F
:10339800000A666F727761726420617420706F73BF
:1033A8002025643A2025730A00256420000A2D2D63
:1033B8000A00256420746F6B656E7320696E202582
:1033C8006C6C64206D73203D2025752E2530327578
:1033D80020746F6B2F732028666972737420746F62
:1033E8006B656E20256C6C64206D73290A00776507
:1033F8006967687473207265616420256C6C752038
:103408004B4220746F74616C2C20256C6C75204BBA
:10341800422F746F6B656E2C2065666665637469F0
:1034280076652025752E25303275204D422F730A7A
:1034380000696E74380066703332002020286E6F81
:1034480020746F6B656E697A657229005B6F7065B1
:103458006E3A2070617273696E675D0A006D6F6401
:10346800656C206F70656E3A2025730A005B6F707B
:10347800656E3A206D6F64656C206F6B5D0A006144
:10348800637469766174696F6E73206E6565642014
:103498002575204B4220627574207468652061721E
:1034A800656E61206973202575204B420A00736898
:1034B8006F7274656E2074686520636F6E746578CA
:1034C800742077697468202D632C206F72207261D4
:1034D80069736520434F4E4649475F54494E594CDE
:1034E8004C4D5F464153545F4152454E415F4259EE
:1034F80054455320616E642072656275696C640A74
:10350800004B5620636163686520282575204B426F
:10351800292077696C6C206E6F742066697420614D
:103528006C6F6E677369646520746865206D6F647D
:10353800656C3B20747279202D63202564206F729E
:10354800202D2D6B76380A0072756E74696D653A98
:103558002025730A005B6F70656E3A2072756E7471
:10356800696D65206F6B5D0A005B6F70656E3A2050
:10357800746F6B2025645D0A0064696D20256420E2
:103588002068696464656E20256420206C61796513
:103598007273202564202068656164732025642F78
:1035A80025642020766F6361622025640A007175A6
:1035B800616E7420257320206B65726E656C202502
:1035C800732020636F6E7465787420256420206BE7
:1035D8007620257325730A00707372616D3A20771F
:1035E800656967687473202575204B42202B206B12
:1035F80076202575204B42202B20736372617463FB
:1036080068202575204B420A006172656E613A2078
:1036180061637469766174696F6E73202575204BD8
:1036280042206F66202575204B420A00696E666F3E
:10363800007377656570006E6F20757361626C65E5
:1036480020636C6F636B20E2809420636865636B12
:103658002074686520736F6C646572206A6F696E88
:103668007473206F6E2074686520656967687420BC
:103678005153504920706164730A00736574746C07
:1036880065642061742025752E2575204D487A0AB9
:103698000074657374006E6F20505352414D20645E
:1036A800657465637465640A0066756C6C206D6585
:1036B8006D74657374206F766572202575204D4290
:1036C8002C20746869732074616B6573206120779E
:1036D80068696C652E2E2E0A004641494C002573F8
:1036E800202825752062616420776F726473290A27
:1036F80000504153530062656E63680073657175CD
:10370800656E7469616C2072656164202025752E70
:1037180025303275204D422F730A00736571756527
:103728006E7469616C2077726974652025752E2521
:10373800303275204D422F730A0061742074686915
:103748007320726561642072617465206120513450
:103758005F30206D6F64656C206F66204E206D6948
:103768006C6C696F6E20706172616D6574657273DF
:10377800206465636F6465732061742061626F758E
:10378800742025752E253032752F4E20746F6B2FBF
:10379800730A0020206368697020312069643A2028
:1037A8003078253038780A002020616E206964203E
:1037B8006F662030783030303030303030206F72E3
:1037C800203078666666666666666620757375611B
:1037D8006C6C79206D65616E7320616E206F706509
:1037E8006E206A6F696E74206F6E204441544130B8
:1037F8002D33206F722053434C4B0A002575204D02
:1038080042206163726F7373202575206368697045
:10381800257320402025752E2575204D487A0A00ED
:103828002020435330202870616420454D435F3287
:1038380034293A202575204D422C2069642030789F
:10384800253038780A0020204353312028706164DD
:1038580020454D435F3232293A202575204D422CB0
:10386800206964203078253038780A002D63002DCF
:103878002D6B76380075736167653A2074696E79C7
:103888006C6C6D206C6F6164203C66696C652E659C
:1038980074713E205B2D63204354585D205B2D2DB1
:1038A8006B76385D0A006E6F20505352414D20E20E
:1038B800809420757365206074696E796C6C6D20D6
:1038C80073747265616D6020666F722053442D7247
:1038D80065736964656E74206D6F64656C730A0046
:1038E8002F53443A2F2573006C6F6164696E67200B
:1038F80025733A20000A6C6F6164206661696C6503
:10390800643A2025640A00646F6E65202028256CBF
:103918006C75204B4220696E20256C6C64206D7399
:103928002C20256C6C75204B422F73290A00757367
:103938006167653A2074696E796C6C6D2073747276
:1039480065616D203C66696C652E6574713E205B0F
:103958002D63204354585D0A005B73747265616D72
:103968003A206F70656E696E672073746F72655D5B
:103978000A005B73747265616D3A2073746F7265C7
:103988002072633D25645D0A007465656E73793441
:10399800312D74696E796C6C6D2073746172746901
:1039A8006E67006E6F20505352414D20666F756EE2
:1039B8006420E280942053442073747265616D69B9
:1039C8006E67207374696C6C20776F726B73006E0E
:1039D8006F2053442063617264206D6F756E746547
:1039E800643B20696E73657274206F6E6520616E2A
:1039F800642072652D72756E206074696E796C6CC6
:103A08006D206C6F61646000726561647920E2808A
:103A18009420747279206074696E796C6C6D206979
:103A28006E666F600074696E796C6C6D0054696EB7
:103A380079204C4C4D206F6E205465656E7379204B
:103A4800342E3100707372616D00707372616D2075
:103A58005B696E666F7C73776565707C746573747B
:103A68007C62656E63685D006C6F6164006C6F6199
:103A780064203C66696C652E6574713E205B2D631D
:103A8800204354585D205B2D2D6B76385D2020E255
:103A9800809420636F707920696E746F2050535240
:103AA800414D0073747265616D0073747265616D68
:103AB800203C66696C652E6574713E205B2D632021
:103AC8004354585D2020E280942072756E206672FF
:103AD8006F6D2053442C206E6F20505352414D205F
:103AE800636F70790067656E0067656E205B2D6E89
:103AF800204E5D205B2D7420545D205B2D7020507E
:103B08005D205B2D7320534545445D203C70726FEA
:103B18006D70742E2E2E3E0073686F7720636F6E63
:103B280066696775726174696F6E00646573637244
:103B38006970746F722025753A20256400485320F7
:103B4800636F6E6669673A20256400465320636F89
:103B58006E6669673A20256400757362645F696EF2
:103B680069743A20256400757362645F656E6162EA
:103B78006C653A2025640074696E796C6C6D5F75AC
:103B8800736264007573625F636F6E736F6C650058
:103B9800686F7374207365742062617564203133B3
:103BA8003420E28094207265626F6F74696E6720BA
:103BB800696E746F2048616C664B61790075736239
:103BC8005F7265626F6F74006E6F20505352414D83
:103BD800206F6E20435330202869642030782530C8
:103BE80038782920E28094206E6F7468696E6720A7
:103BF800736F6C64657265642C206F72206120732A
:103C08006F6C64657220627269646765202F206337
:103C18006F6C64206A6F696E74206F6E20746865BB
:103C28002051535049207061647300505352414DE4
:103C3800202575204D422028257520636869702548
:103C4800732920402025752E2575204D487A00635C
:103C580068697020646964206E6F7420656E756D84
:103C6800657261746500636170616369747920735A
:103C78006872616E6B20E28094206E6F742073749A
:103C880061626C650070617373002533752E25754C
:103C9800204D487A3A202573002533752E25752046
:103CA8004D487A3A20257320207265616420257575
:103CB8002E2575204D422F73006E6F20757361623B
:103CC8006C6520466C65785350493220636C6F638D
:103CD8006B20666F756E6400736574746C65642020
:103CE8006F6E2025752E2575204D487A0005030333
:103CF800000601040305020501030304010302028F
:103D080003737461742025733A202564006F70650D
:103D18006E2025733A202564005344006E6F2053AB
:103D280044206361726420286469736B5F61636314
:103D38006573735F696E69743D25642920E2809418
:103D48002063617264207365617465643F20464135
:103D58005433322F657846415420666F726D617412
:103D68007465643F0066735F6D6F756E743A2025E5
:103D780064005344206D6F756E746564206174200F
:103D8800257320282575204D4229002F53443A00D9
:103D98006E6F20505352414D20646574656374659D
:103DA8006420E2809420757365206074696E796C74
:103DB8006C6D2073747265616D6020696E737465D3
:103DC8006164006D6F64656C20697320256C6C7587
:103DD800204D4220627574206F6E6C792025752005
:103DE8004D42206F6620505352414D206973206622
:103DF80069747465643B2073747265616D206974BD
:103E08002066726F6D207468652063617264206932
:103E18006E73746561640072656164206174202545
:103E28006C6C753A202564006C6F616465642025AC
:103E3800733A20256C6C7520627974657320696EFD
:103E4800746F20505352414D2B307825780073748D
:103E58007265616D696E672025733A20256C6C75F3
:103E68002062797465732C202575204B4220746973
:103E78006C650073747265616D696E67206D6F643F
:103E8800653A2074686520746F6B656E697A65722F
:103E9800206E656564732072616E646F6D20616366
:103EA8006365737320616E6420697320756E617633
:103EB80061696C61626C653B2067656E65726174EF
:103EC800696F6E20656D6974732072617720746FF5
:103ED8006B656E20696473006D6F64656C5F7374E5
:103EE8006F726500636F727465782D6D372D64731A
:103EF8007000756E6B6E6F776E206572726F7200F0
:103F0800617267756D656E74206F7574206F6620B9
:103F180072616E6765006261636B696E67207374B6
:103F28006F72652072656164206661696C65640002
:103F38006172656E6120746F6F20736D616C6C00C7
:103F480074656E736F72207368617065206D697334
:103F58006D61746368007265717569726564207457
:103F6800656E736F72206D697373696E6700756E25
:103F7800737570706F7274656420617263686974B8
:103F8800656374757265206F72206474797065005A
:103F980066696C65207472756E636174656400751A
:103FA8006E737570706F72746564202E65747120FD
:103FB80076657273696F6E006E6F7420616E202E65
:103FC8006574712066696C65006F6B00726D735F54
:103FD80061747400726D735F66666E00776B00774C
:103FE8007600776F00773100773200773300746F8F
:103FF8006B2E736F7274656400746F6B2E626C6FD6
:104008006200746F6B2E6F66667300746F6B2E732D
:10401800636F72657300636C7300726D735F6669BA
:104028006E616C00746F6B5F656D620030313233A6
:104038003435363738394142434445460028756E91
:104048007369676E6564292063686172202A207528
:1040580073656420666F722025257020617267750C
:104068006D656E742E2049742773207265636F6DB9
:104078006D656E64656420746F2063617374206974
:104088007420746F20766F6964202A2062656361EA
:10409800757365206974206D617920636175736536
:1040A800206D69736265686176696F7220696E2038
:1040B8006365727461696E20636F6E666967757295
:1040C8006174696F6E732E20537472696E673A2239
:1040D80025732220617267756D656E743A256400D8
:1040E80063627072696E74665F7061636B61676545
:1040F80000464C4153485F30005352414D5F3000F9
:10410800534452414D30006C6F6767696E67006CAD
:104118006F67006C6F675F6D676D74004D657373D3
:10412800616765202822257322292064726F7070C8
:1041380065642062656361757365206974206578BC
:1041480063656564732073697A65206C696D697449
:104158006174696F6E2028257529004D6573736138
:1041680067652064726F707065642062656361754D
:104178007365206974206578636565647320736965
:104188007A65206C696D69746174696F6E20282581
:104198007529000D0A001B5B306D00257320005B3C
:1041A8002530386C755D20005B253032753A253036
:1041B80032753A253032752E253033752C2530333B
:1041C800755D200025732F003C25733E20002530A7
:1041D800327820007C00206D6573736167657320F9
:1041E80064726F70706564202D2D2D0D0A1B5B3075
:1041F8006D001B5B313B33316D2D2D2D20001B5B7A
:10420800313B33316D001B5B313B33336D006572DD
:10421800720077726E00696E6600646267004469B6
:10422800736B207265666572656E636520636F7572
:104238006E74206174206D61782076616C756500FC
:104248004469736B20697320616C726561647920BD
:104258006465696E697469616C697A656400696E20
:1042680076616C6964206469736B20696E74657229
:10427800666163652121006469736B20696E7465EA
:10428800726661636520616C72656164792072652C
:1042980067697374657265642121006469736B00D2
:1042A8006B65726E656C004B65726E656C20636F32
:1042B8006D6D616E6473006379636C65733A202574
:1042C80075206877206379636C65730A0063796386
:1042D8006C6573004B65726E656C206379636C6501
:1042E800732E00556E61626C6520746F2070617268
:1042F800736520696E707574202865727220256454
:10430800290A00736C656570006D730055707469D7
:104318006D653A20256C6C75206D730A002D2D7023
:10432800726574747900556E737570706F72746508
:1043380064206F7074696F6E3A2025730A00757077
:1043480074696D653A20256C6C7520646179732CED
:1043580020256C6C7520686F7572732C20256C6C29
:1043680075206D696E757465732C20256C6C7520CD
:104378007365636F6E64732C20256C6C75206D6992
:104388006C6C697365636F6E64730A007570746929
:104398006D65004B65726E656C20757074696D652E
:1043A8002E2043616E2062652063616C6C65642019
:1043B8007769746820746865202D70206F72202DCD
:1043C8002D707265747479206F7074696F6E7300E4
:1043D800342E302E30005A657068797220766572F6
:1043E80073696F6E2025730A004B65726E656C20C9
:1043F80076657273696F6E2E00556E61626C65200A
:10440800746F207061727365206C6F6720736576B6
:1044180065726974792028657272202564290A00FA
:10442800496E76616C6964206C6F67206C6576658F
:104438006C3A2025640A00556E61626C6520746FC1
:104448002066696E64206C6F6720736F7572636590
:104458003A2025730A006C6F675F6C6576656C009F
:104468003C6D6F64756C65206E616D653E203C73B4
:10447800657665726974792028302D34293E007478
:104488006872656164004B65726E656C2074687251
:10449800656164732E005363686564756C65723A70
:1044A8002025752073696E6365206C6173742063C1
:1044B800616C6C0A00546872656164733A0A004E54
:1044C80041002573257020252D3130730A00096FAE
:1044D8007074696F6E733A20307825782C2070726A
:1044E800696F726974793A2025642074696D656F03
:1044F80075743A20256C6C640A00097374617465DC
:104508003A2025732C20656E7472793A2025700A3A
:1045180000556E61626C6520746F20646574657205
:104528006D696E6520756E7573656420737461635B
:104538006B2073697A6520282564290A0A000973A3
:104548007461636B2073697A6520257A752C2075F0
:104558006E7573656420257A752C2075736167659F
:1045680020257A75202F20257A7520282575202565
:1045780025290A0A004C697374206B65726E656C94
:1045880020746872656164732E0025702049525149
:104598002025303264202573287265616C20736988
:1045A8007A652025347A75293A09756E75736564BC
:1045B8002025347A750975736167652025347A7505
:1045C800202F2025347A75202825327A7520252534
:1045D800290A00257020252D333273202872656141
:1045E8006C2073697A652025347A75293A09756EC5
:1045F800757365642025347A75097573616765205C
:1046080025347A75202F2025347A7520282532758F
:10461800202525290A00737461636B73004C697344
:1046280074207468726561647320737461636B20AD
:1046380075736167652E00524541445900444953DA
:1046480041424C454400646576696365733A0A00E3
:104658005B25705D002D20257300446576696365D0
:1046680020636F6D6D616E6473004C6973742063B1
:104678006F6E6669677572656420646576696365DF
:1046880073005573696E672064617461207769648B
:1046980074682025640A00496E636F7272656374DA
:1046A80020646174612077696474680A00526561E6
:1046B800642076616C756520307825780A00577219
:1046C8006974696E672076616C7565203078257825
:1046D8000A00696E76616C696420616464722027DF
:1046E8002573270A00696E76616C69642073697A9C
:1046F8006520272573270A00696E76616C69642036
:10470800776964746820272573270A00613A733A29
:10471800773A00272D61203C616464726573733EAB
:1047280027206973206D616E6461746F72790A0065
:10473800272D73203C73697A653E27206973206DA5
:10474800616E6461746F72790A006465766D656D77
:10475800206C6F616420737570706F72747320734E
:10476800657474696E6720627970617373206F6E07
:1047780020612073696E676C6520696E7374616E61
:1047880063652E0A004C6F6164696E672E2E2E0ACF
:104798007072657373206374726C2D782063747201
:1047A8006C2D7120746F206573636170650A004E0B
:1047B800756D626572206F66206279746573207208
:1047C8006561643A2025640A002D2D002D65005589
:1047D8006E6B6E6F776E206F7074696F6E20222516
:1047E80073220A006465766D656D00526561642FF9
:1047F800777269746520706879736963616C206D7C
:10480800656D6F72790A55736167653A0A52656119
:1048180064206D656D6F72792061742061646472C3
:104828006573732077697468206F7074696F6E613F
:104838006C2077696474683A0A6465766D656D20E2
:104848003C616464726573733E205B3C7769647491
:10485800683E5D0A5772697465206D656D6F72797F
:104868002061742061646472657373207769746869
:10487800206D616E6461746F727920776964746801
:1048880020616E642076616C75653A0A6465766DA0
:10489800656D203C616464726573733E203C776982
:1048A8006474683E203C76616C75653E0064756D85
:1048B800700055736167653A0A6465766D656D20A9
:1048C80064756D70202D61203C616464726573733A
:1048D8003E202D73203C73697A653E205B2D77203E
:1048E8003C77696474683E5D0A0055736167653A90
:1048F8000A6465766D656D206C6F6164205B6F700E
:1049080074696F6E735D205B616464726573735D57
:104918000A4F7074696F6E733A0A2D65096C697471
:10492800746C652D656E6469616E20706172736563
:104938000052582072696E6720627566666572203B
:1049480066756C6C2E007368656C6C2E7368656C8C
:104958006C5F756172740074696E796C6C6D3E2061
:10496800007368656C6C5F756172745F6261636B1C
:10497800656E6400537562636F6D6D616E64733A42
:104988000A006E6F74207465726D696E6174656477
:104998003A2025630A00506C656173652073706561
:1049A80063696679206120737562636F6D6D616EEE
:1049B800642E0A004572726F723A207265717565CD
:1049C80073746564206D756C7469706C65206675A8
:1049D8006E6374696F6E20657865637574696F6E50
:1049E800730A003A20636F6D6D616E64206E6F7498
:1049F80020666F756E6400546F6F206D616E79204C
:104A0800617267756D656E747320696E2074686570
:104A180020636F6D6D616E642E0A0025733A2077EE
:104A2800726F6E6720706172616D65746572206364
:104A38006F756E740A005741524E494E473A2041ED
:104A4800207072696E742072657175657374207751
:104A58006173206465746563746564206F6E206E8D
:104A68006F7420616374697665207368656C6C2067
:104A78006261636B656E642E0A000A2573257300F4
:104A88005368656C6C207468726561642065727225
:104A98006F723A20256400506C65617365207072EE
:104AA80065737320746865203C5461623E206275AA
:104AB80074746F6E20746F2073656520616C6C2050
:104AC800617661696C61626C6520636F6D6D616EA2
:104AD80064732E0A00596F752063616E20616C73D0
:104AE8006F2075736520746865203C5461623E20B0
:104AF800627574746F6E20746F2070726F6D70744D
:104B0800206F72206175746F2D636F6D706C6574A2
:104B18006520616C6C20636F6D6D616E6473206FCE
:104B2800722069747320737562636F6D6D616E6452
:104B3800732E0A00596F752063616E207472792094
:104B4800746F2063616C6C20636F6D6D616E64734C
:104B58002077697468203C2D683E206F72203C2DB8
:104B68002D68656C703E20706172616D6574657248
:104B780020666F72206D6F726520696E666F726D48
:104B88006174696F6E2E0A000A5368656C6C207335
:104B98007570706F72747320666F6C6C6F77696E66
:104BA80067206D6574612D6B6579733A0A2020431F
:104BB80074726C202B202861206B65792066726FD7
:104BC8006D3A206162636465666B6C6E70757729F7
:104BD8000A2020416C7420202B202861206B6579E5
:104BE8002066726F6D3A206266290A506C6561739F
:104BF8006520726566657220746F207368656C6CD9
:104C080020646F63756D656E746174696F6E20667C
:104C18006F72206D6F72652064657461696C732EA4
:104C28000A000A417661696C61626C6520636F6D88
:104C38006D616E64733A0A00253038583A20007C5A
:104C48000A005072696E7473207468652068656C18
:104C580070206D6573736167652E001B5B25642585
:104C680063001B5B313B3325646D001B5B343033C1
:104C780025646D002573252D2A73002D68002D2DC0
:104C880068656C7000202D20002020004C6F737424
:104C9800206C6F67733A20256C750A00416374694C
:104CA8007665207368656C6C206261636B656E6401
:104CB800733A0A0020202532642E203A25732028D2
:104CC8002573290A005B2533645D2025730A0020BB
:104CD800756E6B6E6F776E20706172616D6574654D
:104CE800723A200025733A257325730A00456368D4
:104CF8006F207374617475733A2025730A004E6FC0
:104D080020726573706F6E73652066726F6D2074A4
:104D18006865207465726D696E616C2C20617373AF
:104D2800756D656420383078323420736372656538
:104D38006E2073697A650A001B5B366E00726574B3
:104D480076616C005072696E742072657475726E4B
:104D58002076616C7565206F66206D6F73742072A4
:104D68006563656E7420636F6D6D616E6400726556
:104D780073697A6500436F6E736F6C65206765743D
:104D880073207465726D696E616C207363726565FA
:104D98006E2073697A65206F7220617373756D6513
:104DA800732064656661756C7420696E2063617335
:104DB800652074686520726561646F75742066612A
:104DC800696C732E204974206D7573742062652098
:104DD80065786563757465642061667465722065BD
:104DE800616368207465726D696E616C20776964AF
:104DF8007468206368616E676520746F20656E73E0
:104E080075726520636F7272656374207465787457
:104E180020646973706C61792E00686973746F72AD
:104E28007900436F6D6D616E6420686973746F7289
:104E3800792E007368656C6C0055736566756C2C0B
:104E4800206E6F7420556E69782D6C696B652073C0
:104E580068656C6C20636F6D6D616E64732E0063A2
:104E68006C65617200436C6561722073637265657D
:104E78006E2E0072656D0049676E6F7265206C69F1
:104E88006E657320626567696E6E696E6720776903
:104E98007468202772656D20270064656661756CEB
:104EA8007400417373756D652038302063686172D2
:104EB800732073637265656E207769647468206116
:104EC8006E642073656E64207468697320736574FA
:104ED80074696E6720746F20746865207465726DDC
:104EE800696E616C2E006261636B656E6473004C61
:104EF80069737420616374697665207368656C6C86
:104F0800206261636B656E64732E0A006261636B75
:104F180073706163655F6D6F646500546F67676C7C
:104F280065206261636B7370616365206B657920CE
:104F38006D6F64652E0A536F6D65207465726D69B7
:104F48006E616C7320617265206E6F742073656E7C
:104F580064696E672073657061726174652065733A
:104F68006361706520636F646520666F722062619B
:104F7800636B737061636520616E642064656C6542
:104F8800746520627574746F6E2E2054686973207E
:104F9800636F6D6D616E6420666F726365732073F5
:104FA80068656C6C20746F20696E746572707265C8
:104FB800742064656C657465206B65792061732065
:104FC8006261636B73706163652E00636F6C6F72EF
:104FD8007300546F67676C6520636F6C6F726564EC
:104FE8002073796E7461782E0076743130300054F5
:104FF8006F67676C6520767431303020636F6D6D34
:10500800616E64732E0070726F6D707400546F67F8
:10501800676C652070726F6D70742E006563686FC1
:1050280000546F67676C65207368656C6C206563F6
:10503800686F2E007374617473005368656C6C201C
:10504800737461746973746963732E006261636B4E
:105058007370616365005365742064696666657280
:10506800656E742065736361706520636F64652085
:10507800666F72206261636B737061636520616E35
:10508800642064656C657465206B65792E006465C1
:105098006C65746500536574207468652073616D70
:1050A800652065736361706520636F646520666F52
:1050B80072206261636B737061636520616E642046
:1050C80064656C657465206B65792E00526573653F
:1050D80074207368656C6C20737461746973746987
:1050E800637320666F7220746865204C6F6767650C
:1050F80072206D6F64756C652E0073686F7700475A
:105108006574207368656C6C20737461746973745A
:1051180069637320666F7220746865204C6F6767D7
:105128006572206D6F64756C652E004469736162E9
:105138006C65207368656C6C206563686F2E20450C
:10514800646974696E67206B65797320616E642089
:105158006D6574612D6B65797320617265206E6F62
:10516800742068616E646C656400456E61626C658C
:10517800207368656C6C206563686F2E00446973E2
:1051880061626C652070726F6D70742E00456E617F
:10519800626C652070726F6D70742E004469736163
:1051A800626C6520767431303020636F6D6D616E8E
:1051B80064732E00456E61626C6520767431303000
:1051C80020636F6D6D616E64732E00446973616254
:1051D8006C6520636F6C6F7265642073796E74619F
:1051E800782E00456E61626C6520636F6C6F726526
:1051F800642073796E7461782E00436F6D6D616EF3
:10520800642062756666657220697320746F6F200A
:1052180073686F727420746F20657870616E642093
:10522800616C6C20636F6D6D616E6473206D617469
:105238006368696E672077696C6463617264207063
:1052480061747465726E3A2025730A0072302F619A
:10525800313A2020307825303878202072312F617B
:10526800323A2020307825303878202072322F6169
:10527800333A20203078253038780072332F613463
:105288003A2020307825303878207231322F6970F2
:105298003A2020307825303878207231342F6C72DB
:1052A8003A20203078253038780020787073723AA8
:1052B800202030782530387800735B2532645D3AD9
:1052C80020203078253038782020735B2532645DC3
:1052D8003A20203078253038782020735B253264D6
:1052E8005D3A20203078253038782020735B2532CD
:1052F800645D3A2020307825303878006670736312
:10530800723A20203078253038780072342F763180
:105318003A2020307825303878202072352F7632A0
:105328003A2020307825303878202072362F76338E
:105338003A20203078253038780072372F76343A82
:105348002020307825303878202072382F76353A6A
:105358002020307825303878202072392F76363A58
:105368002020307825303878007231302F76373A5F
:105378002030782530387820207231312F76383A2D
:1053880020307825303878202020207073703A201B
:1053980020307825303878004558435F52455455B9
:1053A800524E3A203078253078004661756C746921
:1053B8006E6720696E737472756374696F6E2061AD
:1053C80064647265737320287231352F7063293ACB
:1053D8002030782530387800556E68616E646C65C9
:1053E80064204952516E3A202564002A2A2A2A2A22
:1053F80020425553204641554C54202A2A2A2A2A0D
:10540800002020537461636B696E67206572726F48
:1054180072002020556E737461636B696E67206536
:1054280072726F7200202050726563697365206420
:1054380061746120627573206572726F720020203A
:105448004246415220416464726573733A20307851
:105458002578002020496D70726563697365206442
:1054680061746120627573206572726F720020200A
:10547800496E737472756374696F6E2062757320F8
:105488006572726F72002020466C6F6174696E6776
:105498002D706F696E74206C617A792073746174F1
:1054A8006520707265736572766174696F6E2065C8
:1054B80072726F72002A2A2A2A2A205553414745B8
:1054C800204641554C54202A2A2A2A2A00202044C2
:1054D80069766973696F6E206279207A65726F00E8
:1054E8002020556E616C69676E6564206D656D6F0F
:1054F8007279206163636573730020204E6F2063A7
:105508006F70726F636573736F7220696E737472F4
:10551800756374696F6E73002020496C6C656761F0
:105528006C206C6F6164206F66204558435F52455C
:105538005455524E20696E746F2050430020204904
:105548006C6C6567616C20757365206F6620746884
:10555800652045505352002020417474656D707465
:1055680020746F206578656375746520756E646551
:1055780066696E656420696E737472756374696FA9
:105588006E002A2A2A2A2A204D5055204641554C79
:1055980054202A2A2A2A2A002020537461636B691E
:1055A8006E67206572726F722028636F6E746578FB
:1055B800742061726561206D696768742062652076
:1055C8006E6F742076616C696429002020446174D0
:1055D80061204163636573732056696F6C617469F8
:1055E8006F6E0020204D4D46415220416464726523
:1055F80073733A2030782578002020496E737472CE
:10560800756374696F6E20416363657373205669AF
:105618006F6C6174696F6E0052657365727665644C
:1056280020457863657074696F6E20280053707523
:1056380072696F757320696E746572727570742003
:10564800284952512000535053454C20696E20740C
:105658006872656164206D6F646520646F6573208E
:105668006E6F7420696E646963617465205053506D
:10567800002A2A2A2A2A2048415244204641554CC9
:1056880054202A2A2A2A2A0020204275732066617B
:10569800756C74206F6E20766563746F7220746108
:1056A800626C6520726561640020204465627567DC
:1056B800206576656E740020204661756C742065DF
:1056C8007363616C6174696F6E202873656520620D
:1056D800656C6F772900415243485F4558434550F0
:1056E80054207769746820726561736F6E2025781D
:1056F8000A002A2A2A2A2A204465627567206D6FC3
:105708006E69746F7220657863657074696F6E2056
:105718002A2A2A2A2A002A2A2A2A2A2025732025E0
:105728006429202A2A2A2A2A006D70750046616990
:105738006C656420746F20616C6C6F6361746520A4
:105748006E6577204D505520726567696F6E20250C
:10575800750A00506172746974696F6E2025753A14
:105768002073616E69747920636865636B20666174
:10577800696C65642E006765746F70740054696D98
:10578800656F7574206469736361726465642E2043
:105798004E6F20626C6F636B696E6720696E207351
:1057A80079737771006E65745F627566006E6574F3
:1057B8005F6275665F73696D706C6500696E7661AE
:1057C8006C69642066696C65206E616D65212100D5
:1057D8006D6F756E7420706F696E74206E6F7420B3
:1057E800666F756E6421210066696C652073686F49
:1057F800756C64206265206F70656E656420666FE5
:105808007220777269746520746F207472756E6384
:1058180061746521210066696C65207472756E6318
:105828006174696F6E206E6F7420737570706F721B
:1058380074656421210066696C65206F70656E204F
:105848006572726F7220282564290066696C65206C
:105858007472756E636174696F6E206661696C65D8
:105868006420282564290066696C6520636C6F7361
:1058780065206572726F7220282564290066696C3C
:10588800652072656164206572726F7220282564D4
:10589800290066696C65207365656B206572726F97
:1058A80072202825642900696E76616C6964206617
:1058B800696C65206F7220646972206E616D652164
:1058C80021006661696C6564206765742066696C8F
:1058D80065206F72206469722073746174202825B2
:1058E8006429006D6F756E7420706F696E74206E18
:1058F8006F7420696E697469616C697A65642121C5
:105908000066696C652073797374656D20616C72CB
:1059180065616479206D6F756E7465642121006915
:105928006E76616C6964206D6F756E7420706F6936
:105938006E742121006D6F756E7420706F696E74BE
:1059480020616C726561647920657869737473216C
:1059580021007265717565737465642066696C658C
:105968002073797374656D2074797065206E6F7417
:1059780020726567697374657265642121006673B6
:10598800207479706520256420646F6573206E6FBC
:105998007420737570706F7274206D6F756E746992
:1059A8006E67006D6F756E74207061746820257362
:1059B800206973206E6F7420756E6D6F756E7461DB
:1059C800626C65006673206D6F756E742065727207
:1059D8006F72202825642900667300556E6D6F75F7
:1059E8006E74206661696C6564202825642900430B
:1059F8006F756C64206E6F7420706F776572206F9E
:105A08006666206469736B20282564290000FBFF03
:105A1800FBEA00FBFBFBFEFEFEF3EFF7E2EDEDED2C
:105A2800FBFBFBF4E8EA436F756C64206E6F74202F
:105A380064697361626C65206361726420706F775A
:105A4800657220766961205344484300436F756C42
:105A580064206E6F74207374617274206275732091
:105A6800636C6F636B0043617264206572726F725E
:105A7800206F6E20434D4430004361726420646F90
:105A88006573206E6F7420737570706F7274204325
:105A98004D44382C20617373756D696E67206C6591
:105AA8006761637920636172640043617264206591
:105AB80072726F72206F6E20434D44203800534439
:105AC80020686F737420636F6E74726F6C6C65728C
:105AD8002072657475726E656420696E76616C6992
:105AE800642070726F706572746965730054696DB3
:105AF800656F7574207768696C6520747279696E52
:105B08006720746F206163717569726520636172C3
:105B180064206D75746578004661696C65642074ED
:105B28006F207265736574205344484320492F4F92
:105B3800004661696C656420746F20696E69742021
:105B48005344206361726420616674657220492F32
:105B58004F207265736574007364004661696C65F3
:105B68006420746F20726561642066726F6D2053C3
:105B7800444D4D4320256400436172642064696488
:105B8800206E6F742072657475726E20746F207247
:105B9800656164792073746174650053442063619E
:105BA8007264207265706F7274732061732053443D
:105BB80048432F534458432C2062757420646F6502
:105BC80073206E6F7420737570706F727420312E2D
:105BD8003856004661696C656420746F207265737D
:105BE8007461727420534420636C6F636B0043616B
:105BF800726420737769746368656420746F2031F8
:105C08002E3856207369676E616C696E670053445D
:105C18002061707020636F6D6D616E6420666169CC
:105C28006C656420776974682052312072657370DE
:105C38006F6E7365206F662030782558004F6E6C44
:105C48007920256420626C6F636B73206F66202552
:105C5800642077657265207772697474656E005385
:105C680044494F20646F6573206E6F74207375709C
:105C7800706F7274204D4D4320636F6D6D616E645B
:105C88007300436F756C64206E6F742067657420B1
:105C980053442063617264206D75746578004361B4
:105CA8007264206275666665722073697A65206E13
:105CB8006565647320746F20626520696E63726520
:105CC8006173656420666F7220756E616C69676EBA
:105CD80065642077726974657320746F20776F72BA
:105CE8006B005772697465206661696C656400436E
:105CF8006172642072656164206661696C65640024
:105D0800436172642062757379207768656E2070CC
:105D18006F776572696E67206F66660043617264AB
:105D2800206E65766572206C65667420627573797D
:105D3800207374617465004361726420646964202F
:105D48006E6F7420616363657074206E657720736D
:105D580070656564004661696C656420746F2063D2
:105D680068616E676520686F73742062757320734D
:105D780070656564004661696C656420746F2071A4
:105D8800756572792063617264204F4352004D61DA
:105D980078696D756D20534420636C6F636B20695F
:105DA8007320756E6465722032354D487A2C2075E3
:105DB80073696E6720636C6F636B206F6620256460
:105DC800487A004661696C656420746F2072616965
:105DD800736520627573206672657175656E637987
:105DE80020746F2032354D487A0053442073706513
:105DF8006320312E303120646F6573206E6F7420FC
:105E0800737570706F727420434D44360046616933
:105E18006C656420746F20726561642063617264CC
:105E28002066756E6374696F6E73004661696C6590
:105E38006420746F206368616E67652063617264B3
:105E48002062757320776964746820746F20342029
:105E580062697473004361726420646964206E6FC0
:105E680074206163636570742063757272656E7403
:105E7800206C696D69740053442074756E696E678F
:105E8800206661696C65643A202564005548532092
:105E98006361726420696E6974206661696C656407
:105EA80000436F756C64206E6F74207365742053A3
:105EB8004420626C6F636B6C656E20746F203531A3
:105EC80032004661696C656420746F207377697469
:105ED8006368206361726420746F204853206D6F7B
:105EE800646500555342206465766963652073755F
:105EF80070706F727420697320616C726561647967
:105F080020696E697469616C697A656400555342E9
:105F18002064657669636520636F6E74726F6C6C5C
:105F28006572206973206E6F7420726561647900F0
:105F38005553422064657669636520737570706F88
:105F48007274206973206E6F7420696E6974696158
:105F58006C697A65640055534220646576696365A7
:105F680020737570706F727420697320616C72652C
:105F780061647920656E61626C6564004661696C74
:105F8800656420746F20656E61626C6520636F6E56
:105F980074726F6C6C657200757362645F646576A9
:105FA80000757362645F6465736300436F6E66694E
:105FB8006775726174696F6E206465736372697066
:105FC800746F72202575206E6F7420666F756E640D
:105FD8000043616E206F6E6C792068616E646C6539
:105FE80020636F6E74726F6C20726571756573745F
:105FF80073005472616E7366657220307825303292
:10600800782061626F7274656420286275732072EB
:10601800657365743F2900436F6E74726F6C2074EA
:1060280072616E7366657220666F722030782530F3
:10603800327820686173206572726F722025642C33
:106048002068616C740048616E646C6520636F6ED3
:1060580074726F6C2025702065702030782530327E
:10606800782C206C656E2025752C20733A257520B8
:10607800643A257520733A2575004275666665721F
:1060880020666F7220646174617C737461747573C7
:10609800206973206D697373696E670025702069C4
:1060A80073206E6F742064617461002570206973B9
:1060B800206E6F74207374617475730064657669FB
:1060C80063652D746F2D686F737420776974682009
:1060D800774C656E677468207A65726F004D616CE5
:1060E800666F726D65642073657475702070616386
:1060F8006B6574004661696C656420746F20736514
:10610800742064657669636520616464726573737D
:1061180020307825780053657420436F6E66696770
:1061280075726174696F6E2052657175657374203C
:1061380076616C7565202575004661696C6564201B
:10614800746F2073657420636F6E6669677572611A
:1061580074696F6E2025752C20256400496E74655E
:106168007266616365206F7220616C7465726E611E
:10617800746520646F6573206E6F74206578697329
:1061880074004857494E464F206E6F7420696D70F1
:106198006C656D656E746564206F7220656E6162F2
:1061A8006C65640070726F746F636F6C20657272D7
:1061B8006F723A0073657475703A006E6F7420736D
:1061C8007570706F72746564006E6F74207065729C
:1061D8006D697474656420696E20646576696365A9
:1061E8002073746174652025750073706F6F6C205F
:1061F80025700042756666657220666F722073743A
:1062080061747573206973206D697373696E6700B3
:10621800732D696E2D7374617475732066696E6968
:1062280073686564004177616974656420732D69DA
:106238006E2D737461747573206E6F742066696E49
:10624800697368656400732D286F7574292D7374DC
:10625800617475732066696E697368656400466168
:10626800696C656420746F20656E61626C6520548A
:106278004553545F4D4F444520257500417761696A
:1062880074656420732D286F7574292D7374617477
:106298007573206E6F742066696E69736865640033
:1062A8003031323334353637383941424344454644
:1062B80000757362645F636839004661696C656480
:1062C80020746F20676574206366675F6E642C2096
:1062D8006465737069746520636F6E66696775724B
:1062E8006564207374617465004661696C65642037
:1062F800746F207365742064656661756C742061C1
:106308006464726573732061667465722062757364
:10631800207265736574004661696C656420746FEA
:10632800207365742064656661756C74207374618C
:106338007465206166746572206275732072657376
:106348006574004661696C656420746F20646571CA
:106358007565756520636F6E74726F6C20494E00A9
:1063680041637475616C2064657669636520737038
:1063780065656420257500756E7265636F76657254
:1063880061626C65206572726F722025642C2065CD
:1063980070203078253032782C2062756620257080
:1063A80000554443206572726F72206576656E747D
:1063B800004661696C656420746F20696E69742099
:1063C80064657669636520647269766572007573C1
:1063D80062645F636F726500456E64706F696E67B3
:1063E80020307825303278206E6F7420617373699D
:1063F800676E656400696E74657266616365202501
:106408007520616C7465726E61746520257500096C
:10641800657020307825303278206D7073203078A0
:106428002530347820696E7465726661636520650D
:10643800702D626D2030782530387800496E73747D
:10644800616E63652069666163652D626D203078D1
:10645800253038782065702D626D203078253038E9
:1064680078004661696C656420746F206173736994
:10647800676E20656E64706F696E74206164647203
:106488006573736573004661696C656420746F2079
:10649800696E697469616C697A6520636C6173738C
:1064A80020696E7374616E636500496E6974206358
:1064B8006C617373206E6F64652025702C20646591
:1064C8007363726970746F72206C656E677468208C
:1064D800257A7500624E756D496E746572666163E2
:1064E80065732025752077546F74616C4C656E67F1
:1064F8007468202575004661696C656420746F2096
:10650800696E697420485320636F6E666967757297
:106518006174696F6E20257500485320624E756D51
:10652800436F6E66696775726174696F6E73202553
:1065380075004661696C656420746F20696E6974C2
:1065480020465320636F6E66696775726174696F60
:106558006E20257500465320624E756D436F6E663A
:10656800696775726174696F6E732025750075733C
:1065780062645F696E6974004E6F20636F6E66694E
:106588006775726174696F6E207365742028416441
:1065980064726573732073746174653F2900466182
:1065A800696C656420746F20726573657420636F0D
:1065B8006E66696775726174696F6E0046656174AD
:1065C800757265206E6F7420737570706F72746564
:1065D8006420627920636F6E74726F6C6C657200F0
:1065E800436F6E66696775726174696F6E20257591
:1065F800206E6F7420666F756E6400555342206478
:10660800657669636520737570706F72742069733D
:1066180020696E697469616C697A656400436F6E9C
:1066280074726F6C6C657220646F65736E2774206A
:10663800737570706F727420485300485320636FED
:106648006E66696720616C7265616479206F6E207F
:106658004653206C69737400465320636F6E6669F5
:106668006720616C7265616479206F6E20485320E1
:106678006C69737400556E737570706F72746564AD
:1066880020636F6E66696775726174696F6E2073D7
:106698007065656400436F6E6669677572617469D9
:1066A8006F6E2025752072652D696E73657274652D
:1066B80064004661696C656420746F2061646420BD
:1066C800636F6E66696775726174696F6E20737443
:1066D80072696E672064657363726970746F7200A3
:1066E800757362645F63666700555342206465761C
:1066F80069636520636C617373202573206E6F7402
:1067080020666F756E64004E6F20636F6E666967F2
:1067180075726174696F6E207365742028416464B2
:10672800726573732073746174652900436C6173B7
:106738007320696E7374616E636520616C72656144
:106748006479207265676973746572656400436C67
:106758006173732072656769737465726564207408
:106768006F206F7468657220636F6E74657874202B
:10677800617420646966666572656E7420737065FD
:106788006564004661696C656420746F2072656792
:10679800697374657220257320746F2048532063D1
:1067A8006F6E66696775726174696F6E2025750012
:1067B8004661696C656420746F20726567697374DB
:1067C800657220257320746F20465320636F6E66B0
:1067D800696775726174696F6E20257500757362DB
:1067E800645F636C617373004E6F20656E64706FD5
:1067F800696E74732C20736B697020696E7465728E
:1068080066616365004661696C656420746F206821
:10681800616E646C65206F702025642C2065702083
:106828003078253032782C20626D20307825303849
:10683800782C202564004D6F6469667920696E7430
:10684800657266616365202575206570203078253E
:10685800303278206279206F702025752065705F4E
:10686800626D2025780053657420496E74657266E0
:10687800616365732025752C20616C7465726E6187
:106888007465202575202D3E20257500757362647A
:106898005F6966616365006465766963652069732D
:1068A8002073757370656E64656400536574206841
:1068B800616C7420307825303278206661696C65A7
:1068C8006400436C6561722068616C7420307825BF
:1068D800303278206661696C656400757362645F44
:1068E800657000757362645F6D7367006364635FEE
:1068F80061636D5F776F726B5F71006364635F6183
:10690800636D5F7561727430006364635F61636DAA
:106918005F30006D6D63007564635F776F726B5FE6
:10692800710053707572696F757320737573706534
:106938006E642F726573756D65206576656E74007B
:1069480065702030782530327820616C726561641A
:106958007920656E61626C656400456E64706F696C
:106968006E74203078253032782076616C696461E5
:1069780074696F6E206661696C65640065702030AB
:10698800782530327820616C726561647920646999
:106998007361626C656400657020307825303278E8
:1069A800206973206E6F742068616C7465647C6400
:1069B800697361626C6564004661696C6564207422
:1069C8006F20616C6C6F63617465206E65745F62C3
:1069D800756620257A640053657175656E63652058
:1069E8002575206E6F7420636F6D706C65746564B7
:1069F800005A4C5020657870656374656400436183
:106A08006E6E6F742064657465726D696E6520744E
:106A18006865206E657874207374616765005374C7
:106A2800617465206E6F74206368616E67656421A8
:106A380000756463004661696C656420746F206149
:106A48006C6C6F6361746520736C61620046616988
:106A58006C656420746F20656E61626C6520636F7D
:106A68006E74726F6C20656E64706F696E74004628
:106A780061696C656420746F20616C6C6F6361740C
:106A88006520666F72207365747570004661696C65
:106A9800656420746F207265676973746572206518
:106AA8006E64706F696E740075736264403430325E
:106AB8006530303030007564635F6D6375780063EE
:106AC800636D40343030666330303000636C6F6320
:106AD8006B5F636F6E74726F6C006770696F4034C0
:106AE80032303063303030006770696F4034323094
:106AF8003038303030006770696F403432303034AD
:106B0800303030006770696F4034323030303030A8
:106B180030006770696F4034303063303030300097
:106B28006770696F403430316334303030006770DB
:106B3800696F403430316330303030006770696FCE
:106B4800403430316263303030006770696F4034F0
:106B58003031623830303000636C6F636B20636FA4
:106B68006E74726F6C20646576696365206E6F74ED
:106B7800207265616479004E6F20706F77657220AE
:106B8800636F6E74726F6C204750494F206465665E
:106B9800696E65642E20576974686F757420706F0C
:106BA80077657220636F6E74726F6C2C0A746865F7
:106BB8002053442063617264206D617920666169A5
:106BC8006C20746F20636F6D6D756E696361746599
:106BD80020776974682074686520686F737400484A
:106BE80053343030206E6F7420737570706F727408
:106BF800656420666F7220746869732064657669BD
:106C08006365004E6F204441543320666C6F617495
:106C1800696E6720737461746520646566696E6562
:106C2800642C206275742064617433206465746513
:106C380063742073656C6563746564004E6F2063CC
:106C480061726420646574656374696F6E206D6534
:106C580074686F6420636F6E666967757265642C0B
:106C680020617373756D696E672063617264206952
:106C7800732070726573656E740075736468634021
:106C880034303263303030300075736468630075B7
:106C98006172744034303139383030300075617287
:106CA800745F6D6375785F6C707561727400EB76F4
:106CB800904558464154202020002A3A3C3E7C22E8
:106CC8003F7F002B2C3B3D5B5D00EBFE904D53441A
:106CD8004F53352E30004E4F204E414D4520202039
:106CE800204641543332202020004E4F204E414D43
:106CF8004520202020464154202020202000809A32
:106D080045418E418F804545454949498E8F90922E
:106D1800924F994F555559999A9B9C9D9E9F4149D1
:106D28004F55A5A5A6A7A8A9AAABACADAEAFB0B163
:106D3800B2B3B4B5B6B7B8B9BABBBCBDBEBFC0C1B3
:106D4800C2C3C4C5C6C7C8C9CACBCCCDCECFD0D1A3
:106D5800D2D3D4D5D6D7D8D9DADBDCDDDEDFE0E193
:106D6800E2E3E4E5E6E7E8E9EAEBECEDEEEFF0F183
:106D7800F2F3F4F5F6F7F8F9FAFBFCFDFEFF010370
:106D88000507090E10121416181C1E4E414E440019
:106D98004346005344320055534200555342320093
:106DA80055534233000000110FFFFFFFFF110FFF83
:106DB800FFFFFF02181109FFFF11090A0EFFFF0567
:106DC80011190AFFFF0A090E11FFFF0E110F10FF1C
:106DD800FF0B1716FFFFFF0B1716FFFFFF0B17160A
:106DE800FFFFFF1A05FFFFFFFF1A051BFFFFFF1B31
:106DF80005FFFFFFFF0E0C170F100A160B1718FFE1
:106E0800FF160B1718FFFF160B1708FFFF48616CDA
:106E180074696E672073797374656D00556E6B6E57
:106E28006F776E206572726F7200756E6B6E6F771A
:106E38006E003E3E3E205A45504859522046415425
:106E4800414C204552524F522025643A2025732048
:106E58006F6E20435055202564004661756C742080
:106E6800647572696E6720696E7465727275707484
:106E78002068616E646C696E670A0043757272659A
:106E88006E74207468726561643A20257020282524
:106E980073290043505520657863657074696F6E77
:106EA80000556E68616E646C656420696E74657205
:106EB8007275707400537461636B206F76657266C7
:106EC8006C6F77004B65726E656C206F6F70730026
:106ED8004B65726E656C2070616E69630069646CE5
:106EE80065006D61696E006F7300737973776F72F7
:106EF8006B71002B0064756D6D7900707265737429
:106F080061727400646561640061626F7274696EB5
:106F1800670073757370656E64696E670071756577
:106F2800756564002A2A2A20426F6F74696E67208B
:106F38005A6570687972204F53206275696C6420B5
:106F4800383436393038346466616538202A2A2A5C
:106F58000A00616E006E66696E697479006E616E12
:086F680000286E756C6C290015
:106F70000000000000000000000000000000000011
:106F80000000000000000000000000000000000001
:106F900000000000000000000000000000000000F1
:106FA00000000000000000000000000000000000E1
:106FB00000000000000000000000000000000000D1
:106FC00000000000000000000000000000000000C1
:106FD00000000000000000000000000000000000B1
:106FE00000000000000000000000000000000000A1
:106FF0000000000000000000000000000000000091
:107000000000000000000000000000000000000080
:107010000000000000000000000000000000000070
:107020000000000000000000000000000000000060
:107030000000000000000000000000000000000050
:107040000000000000000000000000000000000040
:107050000000000000000000000000000000000030
:107060000000000000000000000000000000000020
:107070000000000000000000000000000000000010
:107080000000000000000000000000000000000000
:1070900000000000000000000000000000000000F0
:1070A00000000000000000000000000000000000E0
:1070B0000000282020000000000000000000000068
:1070C00000000000000000000000000000000000C0
:1070D000000000009142006000000000000100007C
:1070E00000000000000000000000000000000000A0
:1070F0000000000000000000000000000000000090
:107100000000000065E300600000000000010000D6
:10711000000000000000000000000000000000006F
:10712000000000000000000000000000000000005F
:107130000804292002092920480429201C042920A8
:1071400000C2010000000800000000000000000074
:10715000000000000000000000000000000000002F
:10716000000000000000000000000000000000001F
:10717000E803292000000000C803292000000000C7
:1071800000000000000000000000000000000000FF
:1071900000000000000000000000000000000000EF
:1071A00000000000000000000000000000000000DF
:1071B00000000000000000000000000000000000CF
:1071C0000000000000000000000000005C02292018
:1071D0005C02292000000000010000006C02292050
:1071E0006C02292000000000FFFFFFFF00000000EC
:1071F0003E082920A4022920000000000000000011
:107200000000000047082920B802292000000000E3
:107210000000000000000000000000000004010069
:107220005008292022030000000000000000000098
:107230000004010070082920220300000000000063
:107240000000000000030300000000000003000035
:10725000000000000000000000020100900829204A
:1072600036030000000000000000000000010100E3
:10727000C40829201C0300000000000000000000DA
:10728000000000003C08292004030000000000006A
:107290000000000000000000933D02608080282074
:1072A00000000000000000000000000000000000DE
:1072B000E17A01602D8101604803292048032920DB
:1072C0000000000001000000680329200000000009
:1072D000000000000000000000F92920000000006C
:1072E000000000000000000000000000000000009E
:1072F0000000000000020000840B026060162920DC
:10730000000000007998016000000000000000000B
:10731000010000000100000000000000000000006B
:10732000000000007C450260010000000100000038
:10733000C0032920C003292050012A20000000009A
:10734000000000000000000000000000000000003D
:10735000000000000004000050052A20000000008A
:10736000000000000000000000000000000000001D
:10737000000000000004000011690260000000002D
:107380007404292000000000FCFD0160020929208E
:107390000A09292013092920180929201D09292053
:1073A000210929202D092920340929204B092920C8
:1073B0005209292059092920020929200A092920CE
:1073C00013092920180929201D092920210929200C
:1073D00026092920340929203D092920440929208A
:1073E000590929200000000069A6016041E50060FC
:1073F00081E6006031E70060DDA601608BA70160D7
:1074000000000000D9E9006073A701607BA601605D
:10741000000000006BA601600000000000000000FA
:10742000000000000000000000000000000000005C
:10743000000000000000000000000000000000004C
:10744000000000000000000000000000000000003C
:10745000000000000000000000000000000000002C
:10746000000000000000000000000000000000001C
:10747000000000000000000000000000000000000C
:1074800000000000000000000000000000000000FC
:1074900000000000000000000000000000000000EC
:1074A00000000000000000000000000000000000DC
:1074B00000000000000000000000000000000000CC
:1074C00000000000000000000000000000000000BC
:1074D00000000000000000000000000000000000AC
:1074E000000000000000000000000000000000009C
:1074F000000000000000000000000000000000008C
:10750000000000000000000000000000000000007B
:10751000000000000000000000000000000000006B
:10752000000000000000000000000000000000005B
:10753000000000000000000000000000000000004B
:10754000000000000000000000000000000000003B
:10755000000000000000000000000000000000002B
:10756000000000000000000000000000000000001B
:10757000000000000000000000000000000000000B
:1075800000000000000000000000000000000000FB
:1075900000000000000000000000000000000000EB
:1075A00000000000000000000000000000000000DB
:1075B00000000000000000000000000000000000CB
:1075C00000000000000000000000000000000000BB
:1075D00000000000000000000000000000000000AB
:1075E000000000000000000000000000000000009B
:1075F000000000000000000000000000000000008B
:10760000000000000000000000000000000000007A
:10761000000000000000000000000000000000006A
:10762000000000000000000000000000000000005A
:10763000000000000000000000000000000000004A
:10764000000000000000000000000000000000003A
:10765000000000000000000000000000000000002A
:10766000000000000000000000000000000000001A
:10767000000000000000000000000000000000000A
:1076800000000000000000000000000000000000FA
:1076900000000000000000000000000000000000EA
:1076A000000000000000000000000000400729204A
:1076B0000000000000000000213D0260680F026031
:1076C00000FF01600000000000000000000000005A
:1076D00000000000000000000000000000000000AA
:1076E000000000000000000000000000000000009A
:1076F000000000000000000000000000000000008A
:107700000000000000000000000000000000000079
:107710000000000000000000000000000000000069
:107720000000000000000000000000000000000059
:107730000000000000000000000000000000000049
:10774000000000000000000000000000DC0729200D
:10775000DC07292000000000000000000E000000EF
:107760000000000000000000000000000000000019
:1077700000000000F02229209C0F02600FB201607F
:1077800009B2016008000000242329206424292074
:1077900000002E40940F0260000000002C082920F9
:1077A0002C0829203408292034082920090409023A
:1077B000000000010080FA0902000000010080FAC8
:1077C000485320436F6E66696775726174696F6EA6
:1077D00000000000000000000000000000000000A9
:1077E000465320436F6E66696775726174696F6E88
:1077F0000000000000000000000000000000000089
:107800005465656E737920342E312074696E796CFD
:107810006C6D20636F6E736F6C650000000000007C
:107820000000000000000000000000000000000058
:10783000000000007465656E737974696E796C6C14
:107840006D000000000000000000000000001201B8
:107850000002EF02014009120100000400000000D4
:1078600012010002EF0201400912010000040000B1
:107870000000080B000202020000090400000102DF
:107880000200000524001001052401000104240267
:107890000205240600010705810310000A0705817F
:1078A0000310000709040100020A00000007058216
:1078B00002400000070501024000000705820200A7
:0C78C000020007050102000200000000A9
:1078CC0000000000000000000000000000000000AC
:0E78DC0000000000000000000000000000009E
:0278EA00FFFF9E
:1078EC00000000000000000000000000000000008C
:1078FC00000000000000000000000000000000007C
:10790C00000000000000000000000000000000006B
:10791C00000000000000000000000000000000005B
:04792C000000000057
:107930000000000000000000000000000000000047
:107940000000000000000000000000000000000037
:107950000000000000000000000000000000000027
:107960000000000000000000000000000000000017
:107970000000000000000000000000000000000007
:1079800000000000000000000000000000000000F7
:1079900000000000000000000000000000000000E7
:1079A00000000000000000000000000000000000D7
:0479B00000000000D3
:1079B400440A2920440A292040FC29200000000010
:1079C400040000005000000000000000600A2920AC
:1079D400600A292000FB29200000000004000000A8
:1079E40050000000000000007C0A29207C0A2920A5
:1079F40000012A2000000000040000001400000020
:107A040000000000980A2920980A2920F8FD29205E
:107A1400000000000800000010000000000000004A
:107A24000000000000B92920004000000000000010
:107A34000000000000000000BC86282000040000B4
:087A440000000000000000003A
:107A4C00DC0A2920DC0A29200000000000000000CC
:047A5C000E00000018
:107A6000F00A2920F00A29200C0000000A0000007A
:107A700080FD2920F8FD292080FD292080FD292076
:107A800000000000140B2920140B29200000000026
:107A9000200B2920200B29200000000001000000FD
:087AA000300B2920300B2920D6
:107AA8000000000000000000400B2920400B2920A6
:107AB800480B2920480B2920020002000A00000078
:107AC80000000000540F026078FE2920000000002A
:107AD800000000006C0B29206C0B2920740B292056
:107AE800740B2920100010000A0000001BAA016076
:087AF8007C0F0260C0FE292092
:107B00007F3B026000000000000000000000000059
:107B10000000000000000000D8FE0160000000002E
:107B20000000000000000000000000000000000055
:107B30000000000000000000000000000000000045
:107B40000000000000000000000000000000000035
:107B50000000000000000000000000000000000025
:0C7B600000000000F0082920DE082920A9
:107B6C0000000000080429200000000000000000B4
:087B7C00000000000000000001
:107B8400000000000804292000000000000000009C
:087B94000000000000000000E9
:047B9C0015E015E0FB
:040000056000A19D59
:00000001FF
